Product Group,Export (US$ Thousand),Import (US$ Thousand),Export Product Share (%),Import Product Share (%),Revealed comparative advantage,World Growth (%),Country Growth (%),AHS Simple Average (%),AHS Weighted Average (%),AHS Total Tariff Lines,AHS Dutiable Tariff Lines Share (%),AHS Duty Free Tariff Lines Share (%),AHS Specific Tariff Lines Share (%),AHS AVE Tariff Lines Share (%),AHS MaxRate (%),AHS MinRate (%),AHS SpecificDuty Imports (US$ Thousand),AHS Dutiable Imports (US$ Thousand),AHS Duty Free Imports (US$ Thousand),MFN Simple Average (%),MFN Weighted Average (%),MFN Total Tariff Lines,MFN Dutiable Tariff Lines Share (%),MFN Duty Free Tariff Lines Share (%),MFN Specific Tariff Lines Share (%),MFN AVE Tariff Lines Share (%),MFN MaxRate (%),MFN MinRate (%),MFN SpecificDuty Imports (US$ Thousand),MFN Dutiable Imports (US$ Thousand),MFN Duty Free Imports (US$ Thousand),Country,Year
All Products,16184679.30,100012902.71,100.00,100.00,1.00,16.55,7.15,4.24,4.11,8202,59.40,30.50,2.04,8.06,350.00,0.00,1501148.82,62928834.48,43538381.04,4.24,4.11,8202,59.40,30.50,2.04,8.06,350.00,0.00,1501148.82,62928834.48,43538381.04,China,2000
Capital goods,8304745.38,26136596.70,51.31,26.13,1.27,15.75,6.70,1.48,0.79,1489,44.33,54.80,0.27,0.60,25.00,0.00,19163.62,10335499.23,17008951.99,1.48,0.79,1489,44.33,54.80,0.27,0.60,25.00,0.00,19163.62,10335499.23,17008951.99,China,2000
Consumer goods,1325146.86,64141852.76,8.19,64.13,0.73,22.41,10.64,5.29,5.55,3127,64.02,22.77,3.81,9.40,247.47,0.00,943810.83,47858993.09,21810579.77,5.29,5.55,3127,64.02,22.77,3.81,9.40,247.47,0.00,943810.83,47858993.09,21810579.77,China,2000
Intermediate goods,3233539.85,7023412.27,19.98,7.02,0.74,11.13,-0.61,5.21,3.51,3080,68.08,22.69,1.27,7.95,350.00,0.00,95138.13,3909747.78,3815256.07,5.21,3.51,3080,68.08,22.69,1.27,7.95,350.00,0.00,95138.13,3909747.78,3815256.07,China,2000
Raw materials,2483821.28,1574956.45,15.35,1.57,1.04,42.98,30.99,1.91,1.25,506,22.33,54.35,0.99,22.33,350.00,0.00,443036.24,824594.38,903593.21,1.91,1.25,506,22.33,54.35,0.99,22.33,350.00,0.00,443036.24,824594.38,903593.21,China,2000
Animal,259486.57,745600.31,1.60,0.75,2.55,14.96,17.88,1.10,0.18,109,24.77,67.89,0.92,6.42,15.00,0.00,4034.36,83114.32,708904.00,1.10,0.18,109,24.77,67.89,0.92,6.42,15.00,0.00,4034.36,83114.32,708904.00,China,2000
Chemicals,1079078.39,1861282.43,6.67,1.86,1.42,13.38,-3.64,3.39,2.63,1373,62.93,28.70,0.00,8.38,14.32,0.00,0.00,1220926.96,799289.70,3.39,2.63,1373,62.93,28.70,0.00,8.38,14.32,0.00,0.00,1220926.96,799289.70,China,2000
Food Products,178927.80,370414.03,1.11,0.37,1.37,18.66,8.65,10.54,9.80,529,44.05,18.53,3.40,34.03,350.00,0.00,23148.39,337528.43,85498.55,10.54,9.80,529,44.05,18.53,3.40,34.03,350.00,0.00,23148.39,337528.43,85498.55,China,2000
Footwear,46539.71,10654506.41,0.29,10.65,1.74,3.81,-2.15,8.80,14.77,168,65.48,20.24,1.79,12.50,61.43,0.00,35026.73,10816921.57,523052.71,8.80,14.77,168,65.48,20.24,1.79,12.50,61.43,0.00,35026.73,10816921.57,523052.71,China,2000
Fuels,60594.22,732385.66,0.37,0.73,0.05,52.18,-26.38,1.08,5.16,27,7.41,51.85,37.04,3.70,32.49,0.00,559748.56,559748.56,246285.59,1.08,5.16,27,7.41,51.85,37.04,3.70,32.49,0.00,559748.56,559748.56,246285.59,China,2000
Hides and Skins,285680.91,3915300.68,1.77,3.91,1.17,12.58,-2.97,3.78,8.28,137,79.56,19.71,0.00,0.73,20.00,0.00,0.00,4163709.86,20361.79,3.78,8.28,137,79.56,19.71,0.00,0.73,20.00,0.00,0.00,4163709.86,20361.79,China,2000
Mach and Elec,6192191.98,32934569.32,38.26,32.93,1.09,16.21,7.15,1.44,0.99,1307,44.45,55.16,0.31,0.08,21.21,0.00,7952.63,14436755.72,20113131.76,1.44,0.99,1307,44.45,55.16,0.31,0.08,21.21,0.00,7952.63,14436755.72,20113131.76,China,2000
Metals,1058799.29,4713035.13,6.54,4.71,0.56,16.86,19.55,2.61,2.85,819,73.99,19.66,2.56,3.79,18.63,0.00,402401.36,4505054.97,687921.53,2.61,2.85,819,73.99,19.66,2.56,3.79,18.63,0.00,402401.36,4505054.97,687921.53,China,2000
Minerals,94493.79,312187.58,0.58,0.31,0.21,20.43,22.41,0.34,0.22,71,9.86,87.32,1.41,1.41,3.00,0.00,3551.75,90974.81,314770.34,0.34,0.22,71,9.86,87.32,1.41,1.41,3.00,0.00,3551.75,90974.81,314770.34,China,2000
Miscellaneous,955301.56,24279073.78,5.90,24.28,1.53,15.95,7.07,3.76,1.64,817,41.00,40.15,12.24,6.61,330.44,0.00,460482.79,8096480.84,18670281.94,3.76,1.64,817,41.00,40.15,12.24,6.61,330.44,0.00,460482.79,8096480.84,18670281.94,China,2000
Plastic or Rubber,776800.54,3383884.82,4.80,3.38,0.76,11.85,8.16,3.74,3.86,319,77.12,22.26,0.00,0.63,14.00,0.00,0.00,3670222.62,103585.27,3.74,3.86,319,77.12,22.26,0.00,0.63,14.00,0.00,0.00,3670222.62,103585.27,China,2000
Stone and Glass,238519.20,2648491.05,1.47,2.65,0.83,17.67,20.80,3.44,4.86,370,62.43,35.95,0.00,1.62,38.00,0.00,0.00,2275564.03,700787.64,3.44,4.86,370,62.43,35.95,0.00,1.62,38.00,0.00,0.00,2275564.03,700787.64,China,2000
Textiles and Clothing,250548.87,8022814.10,1.55,8.02,0.19,9.07,12.50,10.26,10.02,1292,88.78,3.95,0.70,6.58,33.40,0.00,4802.25,8393369.32,57170.24,10.26,10.02,1292,88.78,3.95,0.70,6.58,33.40,0.00,4802.25,8393369.32,57170.24,China,2000
Transportation,1896314.95,2062279.15,11.72,2.06,2.62,3.07,-1.63,2.49,3.90,185,51.35,48.65,0.00,0.00,25.00,0.00,0.00,2150284.59,116118.37,2.49,3.90,185,51.35,48.65,0.00,0.00,25.00,0.00,0.00,2150284.59,116118.37,China,2000
Vegetable,1168278.75,277497.31,7.22,0.28,2.59,15.41,26.55,2.89,2.02,349,29.80,27.79,0.00,42.41,40.68,0.00,0.00,254532.99,53758.62,2.89,2.02,349,29.80,27.79,0.00,42.41,40.68,0.00,0.00,254532.99,53758.62,China,2000
Wood,812979.87,1963521.18,5.02,1.96,1.30,9.83,11.41,1.31,2.18,330,53.03,44.55,0.00,2.42,18.00,0.00,0.00,1873644.89,337462.99,1.31,2.18,330,53.03,44.55,0.00,2.42,18.00,0.00,0.00,1873644.89,337462.99,China,2000
All Products,19181936.06,102267288.93,100.00,100.00,1.00,4.02,8.25,4.14,4.16,8324,59.38,30.31,2.03,8.28,350.00,0.00,1196878.29,63610795.60,44540010.21,4.14,4.16,8324,59.38,30.31,2.03,8.28,350.00,0.00,1196878.29,63610795.60,44540010.21,China,2001
Capital goods,10734013.31,26274130.72,55.96,25.69,1.27,8.34,12.80,1.43,0.73,1498,44.19,54.94,0.27,0.60,25.00,0.00,23081.39,9371008.65,17956317.73,1.43,0.73,1498,44.19,54.94,0.27,0.60,25.00,0.00,23081.39,9371008.65,17956317.73,China,2001
Consumer goods,1549218.66,66432294.34,8.08,64.96,0.76,3.30,9.75,5.23,5.48,3206,64.00,22.43,3.74,9.83,248.87,0.00,951155.69,49712355.20,21977435.13,5.23,5.48,3206,64.00,22.43,3.74,9.83,248.87,0.00,951155.69,49712355.20,21977435.13,China,2001
Intermediate goods,3283756.89,7041735.76,17.12,6.89,0.68,1.05,0.31,5.00,4.72,3098,68.24,22.95,1.23,7.59,306.94,0.00,74378.64,3983373.03,3720477.09,5.00,4.72,3098,68.24,22.95,1.23,7.59,306.94,0.00,74378.64,3983373.03,3720477.09,China,2001
Raw materials,2986163.19,1302278.31,15.57,1.27,1.08,-0.81,5.18,2.19,0.85,522,22.03,51.72,1.34,24.90,350.00,0.00,148262.57,544058.71,885780.25,2.19,0.85,522,22.03,51.72,1.34,24.90,350.00,0.00,148262.57,544058.71,885780.25,China,2001
Animal,248197.69,752543.93,1.29,0.74,2.42,1.70,3.21,1.38,0.24,156,37.18,48.08,0.64,14.10,66.31,0.00,3778.00,99387.10,698131.98,1.38,0.24,156,37.18,48.08,0.64,14.10,66.31,0.00,3778.00,99387.10,698131.98,China,2001
Chemicals,1086830.93,1962897.27,5.67,1.92,1.17,2.70,-2.74,3.26,2.65,1382,62.88,28.87,0.00,8.25,11.46,0.00,0.00,1346126.04,787429.24,3.26,2.65,1382,62.88,28.87,0.00,8.25,11.46,0.00,0.00,1346126.04,787429.24,China,2001
Food Products,223491.57,461755.60,1.17,0.45,1.39,2.00,6.62,9.76,8.50,545,44.59,18.72,3.12,33.58,350.00,0.00,28156.96,417758.43,97616.93,9.76,8.50,545,44.59,18.72,3.12,33.58,350.00,0.00,28156.96,417758.43,97616.93,China,2001
Footwear,52601.59,11288612.05,0.27,11.04,1.32,2.49,-6.92,8.79,14.25,168,65.48,20.24,1.79,12.50,60.47,0.00,32845.62,11347680.53,595449.26,8.79,14.25,168,65.48,20.24,1.79,12.50,60.47,0.00,32845.62,11347680.53,595449.26,China,2001
Fuels,92710.93,384594.62,0.48,0.38,0.05,-7.97,-0.22,1.30,4.96,35,5.71,54.29,28.57,11.43,24.04,0.00,252342.42,252641.03,178698.61,1.30,4.96,35,5.71,54.29,28.57,11.43,24.04,0.00,252342.42,252641.03,178698.61,China,2001
Hides and Skins,447892.37,4005105.05,2.34,3.92,1.34,3.91,15.60,3.92,8.08,135,80.74,18.52,0.00,0.74,20.00,0.00,0.00,4233806.33,20821.18,3.92,8.08,135,80.74,18.52,0.00,0.74,20.00,0.00,0.00,4233806.33,20821.18,China,2001
Mach and Elec,7485379.70,33448031.31,39.02,32.71,1.10,6.39,11.20,1.44,1.00,1310,44.58,55.04,0.31,0.08,15.93,0.00,9995.04,14177890.04,20718409.61,1.44,1.00,1310,44.58,55.04,0.31,0.08,15.93,0.00,9995.04,14177890.04,20718409.61,China,2001
Metals,1266150.28,4966127.96,6.60,4.86,0.53,3.11,4.32,2.41,2.79,828,74.03,19.69,2.54,3.74,18.59,0.00,392696.04,4645793.59,787917.76,2.41,2.79,828,74.03,19.69,2.54,3.74,18.59,0.00,392696.04,4645793.59,787917.76,China,2001
Minerals,90786.84,309006.74,0.47,0.30,0.15,13.61,-0.60,0.30,0.27,75,8.00,86.67,4.00,1.33,3.00,0.00,9483.49,102436.67,297923.07,0.30,0.27,75,8.00,86.67,4.00,1.33,3.00,0.00,9483.49,102436.67,297923.07,China,2001
Miscellaneous,1398453.68,24426726.48,7.29,23.89,1.75,10.81,23.31,3.85,1.96,820,40.98,40.00,12.56,6.46,306.94,0.00,466065.72,7894657.16,18846414.87,3.85,1.96,820,40.98,40.00,12.56,6.46,306.94,0.00,466065.72,7894657.16,18846414.87,China,2001
Plastic or Rubber,922715.51,3723677.10,4.81,3.64,0.72,2.91,4.26,3.77,3.83,322,77.33,21.74,0.00,0.93,14.00,0.00,0.00,3986674.08,110015.39,3.77,3.83,322,77.33,21.74,0.00,0.93,14.00,0.00,0.00,3986674.08,110015.39,China,2001
Stone and Glass,213311.70,2909689.43,1.11,2.85,0.74,1.17,-0.55,3.48,4.97,368,63.04,35.33,0.00,1.63,38.00,0.00,0.00,2561505.84,685759.12,3.48,4.97,368,63.04,35.33,0.00,1.63,38.00,0.00,0.00,2561505.84,685759.12,China,2001
Textiles and Clothing,297856.38,8271971.48,1.55,8.09,0.20,-0.93,6.13,10.08,9.78,1310,88.09,3.82,0.53,7.56,32.80,0.00,1515.00,8638137.21,39682.72,10.08,9.78,1310,88.09,3.82,0.53,7.56,32.80,0.00,1515.00,8638137.21,39682.72,China,2001
Transportation,2719217.50,1703325.76,14.18,1.67,2.14,25.33,17.93,2.14,3.81,185,50.27,49.73,0.00,0.00,25.00,0.00,0.00,1645678.86,228798.47,2.14,3.81,185,50.27,49.73,0.00,0.00,25.00,0.00,0.00,1645678.86,228798.47,China,2001
Vegetable,1138470.82,279499.46,5.94,0.27,2.28,1.53,-1.02,3.24,2.19,346,31.21,27.75,0.00,41.04,46.53,0.00,0.00,254612.15,55026.32,3.24,2.19,346,31.21,27.75,0.00,41.04,46.53,0.00,0.00,254612.15,55026.32,China,2001
Wood,869635.66,2156963.44,4.53,2.11,1.16,-2.14,-3.69,1.09,2.04,339,52.21,45.43,0.00,2.36,18.00,0.00,0.00,2006010.54,391915.68,1.09,2.04,339,52.21,45.43,0.00,2.36,18.00,0.00,0.00,2006010.54,391915.68,China,2001
All Products,22127509.05,133510392.72,100.00,100.00,1.00,10.09,1.97,4.07,3.86,8794,59.78,30.46,2.08,7.68,350.00,0.00,1398042.52,74780769.34,57286943.54,4.07,3.86,8794,59.78,30.46,2.08,7.68,350.00,0.00,1398042.52,74780769.34,57286943.54,China,2002
Capital goods,12255375.47,37195491.04,55.39,27.86,1.14,13.83,-0.09,1.48,0.65,1533,43.31,55.77,0.59,0.33,25.00,0.00,29231.37,11783809.98,25383740.17,1.48,0.65,1533,43.31,55.77,0.59,0.33,25.00,0.00,29231.37,11783809.98,25383740.17,China,2002
Consumer goods,1772241.14,84379546.81,8.01,63.20,0.86,9.89,8.42,5.10,5.13,3239,63.79,23.19,3.98,9.05,246.47,0.00,984579.39,57801716.35,26566898.97,5.10,5.13,3239,63.79,23.19,3.98,9.05,246.47,0.00,984579.39,57801716.35,26566898.97,China,2002
Intermediate goods,3934313.47,8866735.46,17.78,6.64,0.77,8.18,6.95,4.77,5.84,3377,68.55,22.92,1.21,7.31,199.26,0.00,187446.41,4563905.74,4276325.43,4.77,5.84,3377,68.55,22.92,1.21,7.31,199.26,0.00,187446.41,4563905.74,4276325.43,China,2002
Raw materials,3260907.90,1654664.50,14.74,1.24,1.17,2.50,-1.51,2.05,0.85,547,23.95,51.55,0.73,23.77,350.00,0.00,196785.35,582152.40,1056174.51,2.05,0.85,547,23.95,51.55,0.73,23.77,350.00,0.00,196785.35,582152.40,1056174.51,China,2002
Animal,273692.55,962184.80,1.24,0.72,3.05,7.24,11.39,1.77,0.16,121,24.79,66.12,0.83,8.26,173.28,0.00,3843.08,93551.84,868273.62,1.77,0.16,121,24.79,66.12,0.83,8.26,173.28,0.00,3843.08,93551.84,868273.62,China,2002
Chemicals,1467887.51,2467904.63,6.63,1.85,1.48,12.97,17.47,3.14,2.46,1461,63.31,28.88,0.00,7.80,10.20,0.00,0.00,1469819.32,997705.16,3.14,2.46,1461,63.31,28.88,0.00,7.80,10.20,0.00,0.00,1469819.32,997705.16,China,2002
Food Products,240203.14,706600.06,1.09,0.53,1.51,2.52,-0.71,8.44,8.06,538,45.35,18.59,3.90,32.16,350.00,0.00,49170.78,597151.86,109465.99,8.44,8.06,538,45.35,18.59,3.90,32.16,350.00,0.00,49170.78,597151.86,109465.99,China,2002
Footwear,40386.93,12655824.05,0.18,9.48,1.26,-3.53,-12.79,8.74,13.56,168,65.48,20.24,3.57,10.71,60.08,0.00,97281.47,12041269.02,613802.57,8.74,13.56,168,65.48,20.24,3.57,10.71,60.08,0.00,97281.47,12041269.02,613802.57,China,2002
Fuels,94806.68,458515.53,0.43,0.34,0.08,5.03,19.56,1.30,1.17,41,7.32,48.78,34.15,9.76,18.16,0.00,235621.37,236574.72,220616.59,1.30,1.17,41,7.32,48.78,34.15,9.76,18.16,0.00,235621.37,236574.72,220616.59,China,2002
Hides and Skins,455905.79,4907414.60,2.06,3.68,1.54,1.44,0.81,3.71,8.08,212,79.72,19.81,0.00,0.47,20.00,0.00,0.00,4874324.31,24712.11,3.71,8.08,212,79.72,19.81,0.00,0.47,20.00,0.00,0.00,4874324.31,24712.11,China,2002
Mach and Elec,8046005.67,46487922.98,36.36,34.82,0.97,14.04,-0.90,1.44,0.93,1360,43.97,55.66,0.29,0.07,15.00,0.00,11254.42,17825748.05,28652235.16,1.44,0.93,1360,43.97,55.66,0.29,0.07,15.00,0.00,11254.42,17825748.05,28652235.16,China,2002
Metals,1382540.28,6575391.50,6.25,4.92,0.52,9.52,0.66,2.27,2.68,822,73.72,20.56,3.41,2.31,16.39,0.00,445018.28,5570043.21,1003835.34,2.27,2.68,822,73.72,20.56,3.41,2.31,16.39,0.00,445018.28,5570043.21,1003835.34,China,2002
Minerals,79268.11,318085.39,0.36,0.24,0.19,1.98,6.48,0.43,0.26,77,9.09,85.71,1.30,3.90,9.42,0.00,1372.99,66283.09,251827.56,0.43,0.26,77,9.09,85.71,1.30,3.90,9.42,0.00,1372.99,66283.09,251827.56,China,2002
Miscellaneous,1396762.60,31878636.41,6.31,23.88,1.39,13.39,-6.26,4.05,2.22,830,40.60,40.48,11.33,7.59,199.26,0.00,514042.31,9080700.36,22795186.78,4.05,2.22,830,40.60,40.48,11.33,7.59,199.26,0.00,514042.31,9080700.36,22795186.78,China,2002
Plastic or Rubber,1082655.36,4893936.10,4.89,3.67,0.77,7.01,2.55,3.63,3.77,343,77.55,21.87,0.00,0.58,14.00,0.00,0.00,4786084.64,108365.62,3.63,3.77,343,77.55,21.87,0.00,0.58,14.00,0.00,0.00,4786084.64,108365.62,China,2002
Stone and Glass,189284.80,3971418.92,0.86,2.97,0.69,9.16,-2.41,3.38,5.06,365,62.74,35.62,0.00,1.64,38.00,0.00,0.00,3195006.28,775976.33,3.38,5.06,365,62.74,35.62,0.00,1.64,38.00,0.00,0.00,3195006.28,775976.33,China,2002
Textiles and Clothing,474705.44,10130887.74,2.15,7.59,0.28,2.23,11.90,9.65,9.84,1407,87.85,4.12,1.00,7.04,32.50,0.00,40437.82,10092285.55,37893.40,9.65,9.84,1407,87.85,4.12,1.00,7.04,32.50,0.00,40437.82,10092285.55,37893.40,China,2002
Transportation,3732979.30,2269844.68,16.87,1.70,2.45,7.23,6.27,2.61,3.68,191,50.79,49.21,0.00,0.00,25.00,0.00,0.00,1992610.83,277045.48,2.61,3.68,191,50.79,49.21,0.00,0.00,25.00,0.00,0.00,1992610.83,277045.48,China,2002
Vegetable,1159556.25,379819.94,5.24,0.28,2.12,1.10,-9.73,3.33,2.24,397,33.00,28.21,0.00,38.79,29.80,0.00,0.00,321708.03,57342.83,3.33,2.24,397,33.00,28.21,0.00,38.79,29.80,0.00,0.00,321708.03,57342.83,China,2002
Wood,1106773.34,3032292.52,5.00,2.27,1.41,6.12,8.32,0.94,1.95,462,58.44,39.83,0.00,1.73,18.00,0.00,0.00,2539704.92,492659.00,0.94,1.95,462,58.44,39.83,0.00,1.73,18.00,0.00,0.00,2539704.92,492659.00,China,2002
All Products,28367720.78,163313862.52,100.00,100.00,1.00,18.25,11.59,3.92,3.44,8855,59.63,30.39,2.08,7.91,350.00,0.00,1557567.78,89027706.12,72399451.91,3.92,3.44,8855,59.63,30.39,2.08,7.91,350.00,0.00,1557567.78,89027706.12,72399451.91,China,2003
Capital goods,13095654.78,51481854.22,46.16,31.52,0.93,20.57,2.87,1.42,0.59,1502,43.01,55.99,0.67,0.33,25.00,0.00,28648.13,16058464.50,35369312.38,1.42,0.59,1502,43.01,55.99,0.67,0.33,25.00,0.00,28648.13,16058464.50,35369312.38,China,2003
Consumer goods,2141346.10,97556321.76,7.55,59.74,0.94,18.25,16.67,4.98,4.92,3321,63.72,22.79,3.91,9.58,225.73,0.00,1212396.31,66862828.66,30692603.83,4.98,4.92,3321,63.72,22.79,3.91,9.58,225.73,0.00,1212396.31,66862828.66,30692603.83,China,2003
Intermediate goods,5570057.93,10492171.98,19.64,6.42,0.91,13.03,16.05,4.52,4.22,3371,68.29,23.38,1.16,7.18,201.04,0.00,193456.53,5444162.95,4984958.23,4.52,4.22,3371,68.29,23.38,1.16,7.18,201.04,0.00,193456.53,5444162.95,4984958.23,China,2003
Raw materials,6831370.68,1963671.45,24.08,1.20,1.51,23.72,32.79,2.00,0.69,558,23.48,51.43,0.90,24.19,350.00,0.00,123066.82,594060.22,1344593.71,2.00,0.69,558,23.48,51.43,0.90,24.19,350.00,0.00,123066.82,594060.22,1344593.71,China,2003
Animal,404722.83,1247324.40,1.43,0.76,3.21,10.46,6.93,1.86,0.14,165,36.36,48.48,0.61,14.55,121.52,0.00,3975.72,125012.91,1120125.92,1.86,0.14,165,36.36,48.48,0.61,14.55,121.52,0.00,3975.72,125012.91,1120125.92,China,2003
Chemicals,2183165.96,3135802.84,7.70,1.92,1.71,14.36,16.19,2.94,2.35,1467,62.92,29.79,0.00,7.29,7.95,0.00,0.00,1861618.99,1273652.17,2.94,2.35,1467,62.92,29.79,0.00,7.29,7.95,0.00,0.00,1861618.99,1273652.17,China,2003
Food Products,358175.11,934932.75,1.26,0.57,2.32,3.16,20.47,8.26,6.94,564,45.74,18.97,3.55,31.74,350.00,0.00,73600.44,744785.26,188977.01,8.26,6.94,564,45.74,18.97,3.55,31.74,350.00,0.00,73600.44,744785.26,188977.01,China,2003
Footwear,43853.11,13319677.65,0.15,8.16,1.63,10.37,18.59,8.73,12.77,168,65.48,20.24,3.57,10.71,58.57,0.00,112230.94,12620978.67,700240.52,8.73,12.77,168,65.48,20.24,3.57,10.71,58.57,0.00,112230.94,12620978.67,700240.52,China,2003
Fuels,137846.94,504376.99,0.49,0.31,0.09,23.03,24.55,1.21,2.99,42,7.14,50.00,33.33,9.52,17.42,0.00,280772.08,281987.53,216663.61,1.21,2.99,42,7.14,50.00,33.33,9.52,17.42,0.00,280772.08,281987.53,216663.61,China,2003
Hides and Skins,536105.60,5619508.46,1.89,3.44,1.89,7.94,12.74,3.91,8.13,206,83.01,16.50,0.00,0.49,20.00,0.00,0.00,5592579.92,24174.97,3.91,8.13,206,83.01,16.50,0.00,0.49,20.00,0.00,0.00,5592579.92,24174.97,China,2003
Mach and Elec,9419183.57,61104733.08,33.20,37.42,0.80,18.28,1.28,1.41,0.86,1330,43.91,55.71,0.30,0.08,15.00,0.00,11213.57,22798731.53,38283423.39,1.41,0.86,1330,43.91,55.71,0.30,0.08,15.00,0.00,11213.57,22798731.53,38283423.39,China,2003
Metals,2412795.65,7943499.80,8.51,4.86,0.67,22.42,31.26,2.17,2.60,821,73.33,21.19,3.29,2.19,17.03,0.00,466829.19,6677938.28,1266374.15,2.17,2.60,821,73.33,21.19,3.29,2.19,17.03,0.00,466829.19,6677938.28,1266374.15,China,2003
Minerals,133800.77,352185.48,0.47,0.22,0.18,28.06,16.44,0.41,0.25,89,7.87,86.52,2.25,3.37,8.99,0.00,440.67,72558.78,270485.86,0.41,0.25,89,7.87,86.52,2.25,3.37,8.99,0.00,440.67,72558.78,270485.86,China,2003
Miscellaneous,1744695.96,37009327.84,6.15,22.66,1.22,30.17,14.83,3.86,1.78,838,40.33,40.81,11.34,7.52,201.04,0.00,559819.92,10252769.30,26746841.51,3.86,1.78,838,40.33,40.81,11.34,7.52,201.04,0.00,559819.92,10252769.30,26746841.51,China,2003
Plastic or Rubber,1419648.45,5757569.60,5.00,3.53,0.92,11.66,15.27,3.60,3.78,350,76.86,22.29,0.00,0.86,14.00,0.00,0.00,5615953.23,140781.14,3.60,3.78,350,76.86,22.29,0.00,0.86,14.00,0.00,0.00,5615953.23,140781.14,China,2003
Stone and Glass,245952.94,4579033.56,0.87,2.80,0.73,14.48,10.93,3.26,5.28,373,62.20,35.92,0.00,1.88,38.00,0.00,0.00,3791531.05,786812.17,3.26,5.28,373,62.20,35.92,0.00,1.88,38.00,0.00,0.00,3791531.05,786812.17,China,2003
Textiles and Clothing,1158517.95,12758017.78,4.08,7.81,0.68,6.55,56.88,9.28,9.59,1433,87.72,4.47,1.05,6.77,32.30,0.00,48685.25,12709483.91,46519.92,9.28,9.59,1433,87.72,4.47,1.05,6.77,32.30,0.00,48685.25,12709483.91,46519.92,China,2003
Transportation,2907434.91,2984647.30,10.25,1.83,1.96,23.28,3.99,2.29,2.86,186,49.46,50.54,0.00,0.00,25.00,0.00,0.00,2322467.02,659138.09,2.29,2.86,186,49.46,50.54,0.00,0.00,25.00,0.00,0.00,2322467.02,659138.09,China,2003
Vegetable,3169452.55,490834.06,11.17,0.30,2.93,33.29,48.05,3.41,2.53,398,32.41,25.63,0.00,41.96,35.44,0.00,0.00,414764.81,68192.38,3.41,2.53,398,32.41,25.63,0.00,41.96,35.44,0.00,0.00,414764.81,68192.38,China,2003
Wood,1367388.95,3752980.30,4.82,2.30,1.75,7.33,12.72,0.74,1.74,426,57.75,40.38,0.00,1.88,18.00,0.00,0.00,3146990.63,607049.10,0.74,1.74,426,57.75,40.38,0.00,1.88,18.00,0.00,0.00,3146990.63,607049.10,China,2003
All Products,34427686.53,210500129.01,100.00,100.00,1.00,16.61,14.82,3.78,3.06,8944,55.15,36.44,2.10,6.31,350.00,0.00,1754592.45,107395271.37,100754608.24,3.78,3.06,8944,55.15,36.44,2.10,6.31,350.00,0.00,1754592.45,107395271.37,100754608.24,China,2004
Capital goods,14124420.79,76188061.93,41.03,36.19,0.94,16.51,15.47,1.47,0.54,1529,43.56,55.59,0.52,0.33,25.00,0.00,45905.73,21610230.46,54550413.06,1.47,0.54,1529,43.56,55.59,0.52,0.33,25.00,0.00,45905.73,21610230.46,54550413.06,China,2004
Consumer goods,2810204.89,114490617.59,8.16,54.39,0.90,15.41,10.93,4.85,4.82,3313,59.73,27.26,4.01,8.99,205.62,0.00,1231170.59,78104686.72,36408174.47,4.85,4.82,3313,59.73,27.26,4.01,8.99,205.62,0.00,1231170.59,78104686.72,36408174.47,China,2004
Intermediate goods,6760750.99,15019640.35,19.64,7.14,0.89,10.60,7.85,4.30,2.94,3427,60.23,34.93,1.23,3.62,196.16,0.00,260203.44,6726706.00,8222346.48,4.30,2.94,3427,60.23,34.93,1.23,3.62,196.16,0.00,260203.44,6726706.00,8222346.48,China,2004
Raw materials,8264002.82,2435810.06,24.00,1.16,1.43,30.74,25.15,1.75,0.77,559,23.26,51.52,0.89,24.33,350.00,0.00,217312.68,827104.02,1562215.11,1.75,0.77,559,23.26,51.52,0.89,24.33,350.00,0.00,217312.68,827104.02,1562215.11,China,2004
Animal,409045.63,1363825.76,1.19,0.65,1.79,6.30,-21.78,1.55,0.15,111,24.32,66.67,0.90,8.11,109.56,0.00,2733.24,143599.59,1222569.33,1.55,0.15,111,24.32,66.67,0.90,8.11,109.56,0.00,2733.24,143599.59,1222569.33,China,2004
Chemicals,3041557.06,3947396.99,8.83,1.88,1.55,15.82,8.46,2.89,2.46,1511,68.96,30.11,0.00,0.93,13.48,0.00,0.00,2530147.10,1418257.60,2.89,2.46,1511,68.96,30.11,0.00,0.93,13.48,0.00,0.00,2530147.10,1418257.60,China,2004
Food Products,417296.49,1150330.57,1.21,0.55,2.11,15.49,8.44,7.68,6.22,569,45.34,18.45,3.51,32.69,350.00,0.00,88801.79,892770.35,257790.31,7.68,6.22,569,45.34,18.45,3.51,32.69,350.00,0.00,88801.79,892770.35,257790.31,China,2004
Footwear,38685.64,14375442.14,0.11,6.83,1.41,11.72,2.24,8.71,12.55,168,65.48,20.24,3.57,10.71,57.48,0.00,126738.37,13562336.86,815755.91,8.71,12.55,168,65.48,20.24,3.57,10.71,57.48,0.00,126738.37,13562336.86,815755.91,China,2004
Fuels,218126.40,1116821.97,0.63,0.53,0.08,28.14,15.95,1.12,0.39,43,6.98,51.16,32.56,9.30,16.49,0.00,259515.29,260078.56,859340.60,1.12,0.39,43,6.98,51.16,32.56,9.30,16.49,0.00,259515.29,260078.56,859340.60,China,2004
Hides and Skins,632342.44,6442091.79,1.84,3.06,1.94,11.45,11.21,3.80,8.16,210,81.90,17.62,0.00,0.48,20.00,0.00,0.00,6426498.46,24565.26,3.80,8.16,210,81.90,17.62,0.00,0.48,20.00,0.00,0.00,6426498.46,24565.26,China,2004
Mach and Elec,12139796.74,87134551.89,35.26,41.39,0.84,15.48,17.18,1.44,0.79,1361,44.53,55.11,0.29,0.07,15.00,0.00,7159.09,29821651.22,57304653.81,1.44,0.79,1361,44.53,55.11,0.29,0.07,15.00,0.00,7159.09,29821651.22,57304653.81,China,2004
Metals,2832717.02,11640069.56,8.23,5.53,0.66,11.03,8.33,1.90,2.27,852,45.19,49.41,3.76,1.64,15.00,0.00,579065.21,8054953.70,3586097.31,1.90,2.27,852,45.19,49.41,3.76,1.64,15.00,0.00,579065.21,8054953.70,3586097.31,China,2004
Minerals,243395.01,479691.07,0.71,0.23,0.25,50.19,74.22,0.33,0.22,89,6.74,87.64,2.25,3.37,9.74,0.00,5913.59,99506.98,380943.40,0.33,0.22,89,6.74,87.64,2.25,3.37,9.74,0.00,5913.59,99506.98,380943.40,China,2004
Miscellaneous,2266108.09,42413679.96,6.58,20.15,1.01,24.25,11.34,3.78,1.61,832,40.75,40.50,11.18,7.57,196.16,0.00,622449.75,12299457.41,30113570.20,3.78,1.61,832,40.75,40.50,11.18,7.57,196.16,0.00,622449.75,12299457.41,30113570.20,China,2004
Plastic or Rubber,2014310.98,7232384.27,5.85,3.44,1.03,15.13,20.02,3.50,3.76,360,77.22,22.78,0.00,0.00,14.00,0.00,0.00,7047114.52,185971.28,3.50,3.76,360,77.22,22.78,0.00,0.00,14.00,0.00,0.00,7047114.52,185971.28,China,2004
Stone and Glass,347187.80,5330190.23,1.01,2.53,0.67,14.84,8.74,3.20,5.26,370,61.89,36.49,0.00,1.62,38.00,0.00,0.00,4501838.34,826949.37,3.20,5.26,370,61.89,36.49,0.00,1.62,38.00,0.00,0.00,4501838.34,826949.37,China,2004
Textiles and Clothing,1930105.16,15889275.57,5.61,7.55,1.26,9.20,46.48,9.00,9.30,1436,81.89,12.74,1.11,4.25,32.00,0.00,62216.12,15711814.79,174188.77,9.00,9.30,1436,81.89,12.74,1.11,4.25,32.00,0.00,62216.12,15711814.79,174188.77,China,2004
Transportation,741988.14,4034311.74,2.16,1.92,2.04,5.46,6.05,2.51,2.45,189,51.85,48.15,0.00,0.00,25.00,0.00,0.00,3067992.04,971915.92,2.51,2.45,189,51.85,48.15,0.00,0.00,25.00,0.00,0.00,3067992.04,971915.92,China,2004
Vegetable,3027124.94,626408.66,8.79,0.30,3.41,22.53,30.08,3.25,2.46,426,30.99,26.29,0.00,42.72,31.69,0.00,0.00,538847.22,92329.58,3.25,2.46,426,30.99,26.29,0.00,42.72,31.69,0.00,0.00,538847.22,92329.58,China,2004
Wood,1670766.13,4958153.10,4.85,2.36,1.86,8.11,9.76,0.60,1.72,418,17.22,82.30,0.00,0.48,18.00,0.00,0.00,2436664.22,2522724.85,0.60,1.72,418,17.22,82.30,0.00,0.48,18.00,0.00,0.00,2436664.22,2522724.85,China,2004
All Products,41190674.56,259836016.75,100.00,100.00,1.00,8.44,4.37,3.80,3.13,9152,55.06,36.25,2.14,6.55,350.00,0.00,2153028.58,135320765.60,121608252.21,3.80,3.13,9152,55.06,36.25,2.14,6.55,350.00,0.00,2153028.58,135320765.60,121608252.21,China,2005
Capital goods,15100033.36,95953395.71,36.66,36.93,0.96,7.65,4.66,1.47,0.52,1544,43.39,55.70,0.58,0.32,25.00,0.00,51548.06,26598006.76,69317557.24,1.47,0.52,1544,43.39,55.70,0.58,0.32,25.00,0.00,51548.06,26598006.76,69317557.24,China,2005
Consumer goods,3553718.89,138554960.25,8.63,53.32,1.03,7.43,10.56,4.91,5.10,3380,59.64,26.75,4.11,9.50,350.00,0.00,1282279.16,97817412.92,40789808.20,4.91,5.10,3380,59.64,26.75,4.11,9.50,350.00,0.00,1282279.16,97817412.92,40789808.20,China,2005
Intermediate goods,8398922.50,19464599.20,20.39,7.49,0.96,6.03,5.49,4.30,2.23,3538,60.37,34.77,1.22,3.65,190.39,0.00,338084.98,9500294.58,9814602.06,4.30,2.23,3538,60.37,34.77,1.22,3.65,190.39,0.00,338084.98,9500294.58,9814602.06,China,2005
Raw materials,9603464.72,2969972.24,23.31,1.14,1.17,15.12,0.32,1.80,0.77,582,21.82,52.58,0.86,24.74,350.00,0.00,481116.38,1224797.17,1675157.46,1.80,0.77,582,21.82,52.58,0.86,24.74,350.00,0.00,481116.38,1224797.17,1675157.46,China,2005
Animal,671396.91,1518182.88,1.63,0.58,2.32,6.77,16.98,1.77,0.17,160,36.25,47.50,0.63,15.63,101.25,0.00,2660.51,173350.73,1344893.29,1.77,0.17,160,36.25,47.50,0.63,15.63,101.25,0.00,2660.51,173350.73,1344893.29,China,2005
Chemicals,3329559.66,5038322.13,8.08,1.94,1.49,9.31,3.00,2.94,2.70,1514,69.82,29.46,0.00,0.73,6.50,0.00,0.00,3460817.28,1560868.59,2.94,2.70,1514,69.82,29.46,0.00,0.73,6.50,0.00,0.00,3460817.28,1560868.59,China,2005
Food Products,304027.19,1422926.81,0.74,0.55,1.20,10.94,-19.59,8.47,5.88,586,44.88,18.26,3.58,33.28,350.00,0.00,86955.59,1087423.74,336154.22,8.47,5.88,586,44.88,18.26,3.58,33.28,350.00,0.00,86955.59,1087423.74,336154.22,China,2005
Footwear,48185.10,16034963.90,0.12,6.17,1.64,5.06,8.91,8.74,12.62,168,65.48,20.24,3.57,10.71,56.02,0.00,147282.61,15137670.45,893658.21,8.74,12.62,168,65.48,20.24,3.57,10.71,56.02,0.00,147282.61,15137670.45,893658.21,China,2005
Fuels,133834.87,1088773.09,0.32,0.42,0.07,15.52,3.62,1.31,0.69,53,9.43,43.40,37.74,9.43,16.10,0.00,533008.39,534753.61,548595.36,1.31,0.69,53,9.43,43.40,37.74,9.43,16.10,0.00,533008.39,534753.61,548595.36,China,2005
Hides and Skins,732514.67,7010491.85,1.78,2.70,2.16,2.92,4.31,3.94,8.26,202,83.66,15.84,0.00,0.50,20.00,0.00,0.00,6987408.15,23619.30,3.94,8.26,202,83.66,15.84,0.00,0.50,20.00,0.00,0.00,6987408.15,23619.30,China,2005
Mach and Elec,13069156.99,109432216.01,31.73,42.12,0.84,7.66,3.39,1.44,0.80,1368,44.66,54.97,0.29,0.07,15.00,0.00,1882.99,37909222.30,71541056.69,1.44,0.80,1368,44.66,54.97,0.29,0.07,15.00,0.00,1882.99,37909222.30,71541056.69,China,2005
Metals,4543627.51,14947173.04,11.03,5.75,0.78,7.97,13.11,1.85,2.20,877,44.58,50.29,3.65,1.48,15.00,0.00,696693.83,10013347.12,4929636.20,1.85,2.20,877,44.58,50.29,3.65,1.48,15.00,0.00,696693.83,10013347.12,4929636.20,China,2005
Minerals,537207.98,773433.34,1.30,0.30,0.31,21.60,31.17,0.35,0.18,94,7.45,86.17,2.13,4.26,8.30,0.00,3338.01,136546.59,636718.55,0.35,0.18,94,7.45,86.17,2.13,4.26,8.30,0.00,3338.01,136546.59,636718.55,China,2005
Miscellaneous,2606443.96,48042870.61,6.33,18.49,0.98,11.07,5.53,3.58,1.29,837,40.50,40.74,11.23,7.53,190.39,0.00,601561.04,14020590.03,34022556.91,3.58,1.29,837,40.50,40.74,11.23,7.53,190.39,0.00,601561.04,14020590.03,34022556.91,China,2005
Plastic or Rubber,2607863.87,9492864.36,6.33,3.65,1.13,8.90,9.70,3.50,3.79,362,77.35,22.65,0.00,0.00,14.00,0.00,0.00,9234608.78,263763.12,3.50,3.79,362,77.35,22.65,0.00,0.00,14.00,0.00,0.00,9234608.78,263763.12,China,2005
Stone and Glass,392553.13,6315641.36,0.95,2.43,0.70,7.75,5.88,3.36,5.25,364,63.46,34.62,0.00,1.92,38.00,0.00,0.00,5413238.65,903570.75,3.36,5.25,364,63.46,34.62,0.00,1.92,38.00,0.00,0.00,5413238.65,903570.75,China,2005
Textiles and Clothing,2035919.79,23905720.39,4.94,9.20,1.22,0.95,-4.38,8.93,10.14,1503,80.71,13.57,1.06,4.66,32.00,0.00,79645.62,23662244.18,240346.97,8.93,10.14,1503,80.71,13.57,1.06,4.66,32.00,0.00,79645.62,23662244.18,240346.97,China,2005
Transportation,1050931.90,5096242.21,2.55,1.96,2.92,0.93,16.24,2.46,2.29,196,51.53,48.47,0.00,0.00,25.00,0.00,0.00,3984632.44,1110488.24,2.46,2.29,196,51.53,48.47,0.00,0.00,25.00,0.00,0.00,3984632.44,1110488.24,China,2005
Vegetable,2577387.56,694111.42,6.26,0.27,3.24,-3.40,-9.30,3.01,2.41,433,30.48,27.02,0.00,42.49,29.80,0.00,0.00,587456.43,105362.87,3.01,2.41,433,30.48,27.02,0.00,42.49,29.80,0.00,0.00,587456.43,105362.87,China,2005
Wood,2025942.81,6129787.21,4.92,2.36,2.16,3.81,7.66,0.56,1.67,436,16.51,83.03,0.00,0.46,18.00,0.00,0.00,2977455.12,3153586.54,0.56,1.67,436,16.51,83.03,0.00,0.46,18.00,0.00,0.00,2977455.12,3153586.54,China,2005
All Products,55224097.11,305778876.10,100.00,100.00,1.00,9.51,10.31,3.74,3.07,9325,54.57,36.74,2.14,6.54,350.00,0.00,2285320.28,159534073.47,142747812.29,3.74,3.07,9325,54.57,36.74,2.14,6.54,350.00,0.00,2285320.28,159534073.47,142747812.29,China,2006
Capital goods,25802869.79,114346267.50,46.72,37.40,1.02,10.27,14.20,1.45,0.53,1577,43.25,55.93,0.51,0.32,25.00,0.00,49321.99,32400697.20,81870359.07,1.45,0.53,1577,43.25,55.93,0.51,0.32,25.00,0.00,49321.99,32400697.20,81870359.07,China,2006
Consumer goods,4428828.93,158660196.88,8.02,51.89,1.03,12.99,14.25,4.89,5.10,3379,59.51,26.90,4.26,9.32,350.00,0.00,1348983.20,113690385.58,45044278.65,4.89,5.10,3379,59.51,26.90,4.26,9.32,350.00,0.00,1348983.20,113690385.58,45044278.65,China,2006
Intermediate goods,10827792.06,25659806.76,19.61,8.39,0.97,4.65,6.29,4.20,2.07,3642,59.75,35.48,1.21,3.57,162.63,0.00,376542.97,11825956.86,13726149.69,4.20,2.07,3642,59.75,35.48,1.21,3.57,162.63,0.00,376542.97,11825956.86,13726149.69,China,2006
Raw materials,13436260.34,3620215.89,24.33,1.18,0.98,12.46,3.95,1.71,0.78,612,20.42,52.78,0.65,26.14,350.00,0.00,510472.13,1423961.54,2081416.01,1.71,0.78,612,20.42,52.78,0.65,26.14,350.00,0.00,510472.13,1423961.54,2081416.01,China,2006
Animal,974691.83,1888493.72,1.76,0.62,2.63,4.64,12.26,1.74,0.20,156,28.21,57.69,0.64,13.46,96.91,0.00,3557.63,221944.97,1666548.76,1.74,0.20,156,28.21,57.69,0.64,13.46,96.91,0.00,3557.63,221944.97,1666548.76,China,2006
Chemicals,3818004.86,5739376.91,6.91,1.88,1.44,5.39,4.65,2.94,2.79,1553,69.41,29.75,0.00,0.84,6.50,0.00,0.00,4004624.74,1739670.41,2.94,2.79,1553,69.41,29.75,0.00,0.84,6.50,0.00,0.00,4004624.74,1739670.41,China,2006
Food Products,393976.87,1860084.13,0.71,0.61,1.42,8.50,19.25,8.55,5.99,595,45.55,17.98,3.53,32.94,350.00,0.00,99998.45,1489360.48,370723.65,8.55,5.99,595,45.55,17.98,3.53,32.94,350.00,0.00,99998.45,1489360.48,370723.65,China,2006
Footwear,66742.51,17444008.54,0.12,5.70,1.76,7.48,12.17,8.71,12.49,168,65.48,20.24,3.57,10.71,54.93,0.00,136596.68,16401837.24,1042171.30,8.71,12.49,168,65.48,20.24,3.57,10.71,54.93,0.00,136596.68,16401837.24,1042171.30,China,2006
Fuels,205759.46,1263998.87,0.37,0.41,0.04,17.91,-5.84,1.40,0.93,47,10.64,38.30,42.55,8.51,15.55,0.00,601671.55,603093.70,660905.17,1.40,0.93,47,10.64,38.30,42.55,8.51,15.55,0.00,601671.55,603093.70,660905.17,China,2006
Hides and Skins,935509.14,7560522.34,1.69,2.47,2.28,7.56,11.38,3.82,8.34,205,81.46,18.05,0.00,0.49,20.00,0.00,0.00,7541799.58,18722.76,3.82,8.34,205,81.46,18.05,0.00,0.49,20.00,0.00,0.00,7541799.58,18722.76,China,2006
Mach and Elec,17882181.36,131206974.67,32.38,42.91,0.87,10.01,12.76,1.43,0.84,1399,44.46,55.18,0.29,0.07,15.00,0.00,1246.31,47126347.74,84080626.94,1.43,0.84,1399,44.46,55.18,0.29,0.07,15.00,0.00,1246.31,47126347.74,84080626.94,China,2006
Metals,6771223.19,20220015.29,12.26,6.61,0.77,2.78,2.85,1.79,1.98,920,43.26,51.74,3.48,1.52,15.00,0.00,738274.99,12319186.51,7900828.77,1.79,1.98,920,43.26,51.74,3.48,1.52,15.00,0.00,738274.99,12319186.51,7900828.77,China,2006
Minerals,579195.85,1222468.38,1.05,0.40,0.25,10.50,-0.32,0.26,0.13,96,7.29,88.54,1.04,3.13,3.00,0.00,3663.81,153080.00,1069388.37,0.26,0.13,96,7.29,88.54,1.04,3.13,3.00,0.00,3663.81,153080.00,1069388.37,China,2006
Miscellaneous,3177541.16,52996785.80,5.75,17.33,0.95,8.05,6.80,3.50,1.29,837,40.38,40.98,11.11,7.53,162.63,0.00,616130.00,15705630.98,37291154.82,3.50,1.29,837,40.38,40.98,11.11,7.53,162.63,0.00,616130.00,15705630.98,37291154.82,China,2006
Plastic or Rubber,3160258.71,11002554.19,5.72,3.60,1.06,9.08,6.85,3.54,3.73,364,77.47,22.53,0.00,0.00,14.00,0.00,0.00,10588847.13,413707.06,3.54,3.73,364,77.47,22.53,0.00,0.00,14.00,0.00,0.00,10588847.13,413707.06,China,2006
Stone and Glass,676507.33,7364044.02,1.23,2.41,0.88,11.75,26.09,3.25,5.25,375,62.40,35.73,0.00,1.87,38.00,0.00,0.00,6322862.67,1041181.35,3.25,5.25,375,62.40,35.73,0.00,1.87,38.00,0.00,0.00,6322862.67,1041181.35,China,2006
Textiles and Clothing,2774327.73,27989162.66,5.02,9.15,1.56,4.65,19.13,8.97,10.34,1531,80.27,13.13,1.44,5.16,32.00,0.00,84180.87,27705463.04,283699.62,8.97,10.34,1531,80.27,13.13,1.44,5.16,32.00,0.00,84180.87,27705463.04,283699.62,China,2006
Transportation,7589414.87,6216978.48,13.74,2.03,3.19,22.43,28.79,2.37,2.06,200,50.50,49.50,0.00,0.00,25.00,0.00,0.00,4942105.73,1274872.74,2.37,2.06,200,50.50,49.50,0.00,0.00,25.00,0.00,0.00,4942105.73,1274872.74,China,2006
Vegetable,2926563.97,891227.86,5.30,0.29,2.71,1.45,-6.67,2.89,2.82,434,30.18,26.50,0.00,43.32,29.80,0.00,0.00,769878.88,116430.74,2.89,2.82,434,30.18,26.50,0.00,43.32,29.80,0.00,0.00,769878.88,116430.74,China,2006
Wood,2576747.99,7422120.64,4.67,2.43,2.15,4.78,5.25,0.54,1.75,446,16.14,83.41,0.00,0.45,18.00,0.00,0.00,3638010.09,3784110.55,0.54,1.75,446,16.14,83.41,0.00,0.45,18.00,0.00,0.00,3638010.09,3784110.55,China,2006
All Products,65237883.48,340106645.76,100.00,100.00,1.00,9.91,8.28,3.65,2.88,8161,50.06,40.50,2.43,7.02,350.00,0.00,2993281.58,156120362.13,180023325.94,3.65,2.88,8161,50.06,40.50,2.43,7.02,350.00,0.00,2993281.58,156120362.13,180023325.94,China,2007
Capital goods,29094016.97,125794853.01,44.60,36.99,0.98,7.73,4.16,1.04,0.20,1139,30.47,68.31,0.88,0.35,16.00,0.00,47912.70,20379530.12,106814255.09,1.04,0.20,1139,30.47,68.31,0.88,0.35,16.00,0.00,47912.70,20379530.12,106814255.09,China,2007
Consumer goods,5389785.93,179787668.69,8.26,52.86,1.07,9.91,10.30,5.03,4.93,3158,57.50,28.44,4.53,9.53,350.00,0.00,2449180.28,121971310.57,56406589.10,5.03,4.93,3158,57.50,28.44,4.53,9.53,350.00,0.00,2449180.28,121971310.57,56406589.10,China,2007
Intermediate goods,13348548.89,26853796.18,20.46,7.90,1.04,9.94,12.27,3.98,1.96,3148,53.91,41.17,1.21,3.72,140.43,0.00,333485.35,12182556.86,14572116.87,3.98,1.96,3148,53.91,41.17,1.21,3.72,140.43,0.00,333485.35,12182556.86,14572116.87,China,2007
Raw materials,16734877.41,3704157.69,25.65,1.09,0.97,15.51,13.17,1.77,1.07,602,21.93,51.83,1.16,25.08,350.00,0.00,162703.26,1356413.09,2192525.53,1.77,1.07,602,21.93,51.83,1.16,25.08,350.00,0.00,162703.26,1356413.09,2192525.53,China,2007
Animal,1468681.66,2060093.45,2.25,0.61,3.27,13.67,24.76,2.14,0.24,202,30.20,48.02,0.50,21.29,91.18,0.00,2656.46,255377.39,1804716.05,2.14,0.24,202,30.20,48.02,0.50,21.29,91.18,0.00,2656.46,255377.39,1804716.05,China,2007
Chemicals,5031795.77,6793972.81,7.71,2.00,1.50,10.19,10.46,2.58,2.17,1166,60.12,38.85,0.00,1.03,6.65,0.00,0.00,3970185.33,2827728.23,2.58,2.17,1166,60.12,38.85,0.00,1.03,6.65,0.00,0.00,3970185.33,2827728.23,China,2007
Food Products,480552.94,2234457.45,0.74,0.66,1.53,5.65,8.04,9.31,5.94,497,41.85,20.93,5.43,31.79,350.00,0.00,211083.34,1573676.25,660781.21,9.31,5.94,497,41.85,20.93,5.43,31.79,350.00,0.00,211083.34,1573676.25,660781.21,China,2007
Footwear,46211.15,17768697.51,0.07,5.22,1.12,10.35,-12.99,8.13,11.94,174,64.94,20.11,3.45,11.49,54.59,0.00,913017.50,16601380.19,1167317.32,8.13,11.94,174,64.94,20.11,3.45,11.49,54.59,0.00,913017.50,16601380.19,1167317.32,China,2007
Fuels,297857.02,724897.60,0.46,0.21,0.05,8.65,19.52,1.06,1.31,54,9.26,46.30,37.04,7.41,18.92,0.00,256170.91,257441.51,467456.09,1.06,1.31,54,9.26,46.30,37.04,7.41,18.92,0.00,256170.91,257441.51,467456.09,China,2007
Hides and Skins,1039533.76,7930638.61,1.59,2.33,2.36,4.59,4.92,3.94,8.46,207,82.13,17.39,0.00,0.48,20.00,0.00,0.00,7910092.34,20546.27,3.94,8.46,207,82.13,17.39,0.00,0.48,20.00,0.00,0.00,7910092.34,20546.27,China,2007
Mach and Elec,19520325.73,145044960.62,29.92,42.65,0.84,7.76,4.25,1.06,0.40,993,32.53,67.07,0.40,0.00,12.50,0.00,162764.81,37743478.35,107319132.78,1.06,0.40,993,32.53,67.07,0.40,0.00,12.50,0.00,162764.81,37743478.35,107319132.78,China,2007
Metals,7525742.19,22547407.65,11.54,6.63,0.80,13.98,14.48,1.45,1.79,849,36.51,57.95,3.89,1.65,15.00,0.00,764014.29,12755953.83,9791453.82,1.45,1.79,849,36.51,57.95,3.89,1.65,15.00,0.00,764014.29,12755953.83,9791453.82,China,2007
Minerals,1071327.74,914430.60,1.64,0.27,0.31,28.76,40.63,0.27,0.18,93,6.45,86.02,1.08,6.45,4.65,0.00,1303.82,188025.81,726404.79,0.27,0.18,93,6.45,86.02,1.08,6.45,4.65,0.00,1303.82,188025.81,726404.79,China,2007
Miscellaneous,4283819.55,64237677.91,6.57,18.89,0.93,9.22,6.73,3.39,1.07,715,37.20,43.92,11.33,7.55,140.43,0.00,592163.81,16526584.35,43748135.87,3.39,1.07,715,37.20,43.92,11.33,7.55,140.43,0.00,592163.81,16526584.35,43748135.87,China,2007
Plastic or Rubber,4175120.34,12543493.20,6.40,3.69,1.29,8.98,18.33,3.24,3.68,290,71.38,28.62,0.00,0.00,14.00,0.00,0.00,12048472.99,477348.15,3.24,3.68,290,71.38,28.62,0.00,0.00,14.00,0.00,0.00,12048472.99,477348.15,China,2007
Stone and Glass,899461.16,7931080.86,1.38,2.33,0.86,11.96,8.88,3.31,5.15,354,61.86,37.29,0.00,0.85,38.00,0.00,0.00,6789527.49,1141553.37,3.31,5.15,354,61.86,37.29,0.00,0.85,38.00,0.00,0.00,6789527.49,1141553.37,China,2007
Textiles and Clothing,2254251.95,32918512.57,3.46,9.68,1.31,-0.59,-10.10,9.01,10.76,1512,80.69,12.96,1.59,4.76,32.00,0.00,82015.65,32563013.82,355498.74,9.01,10.76,1512,80.69,12.96,1.59,4.76,32.00,0.00,82015.65,32563013.82,355498.74,China,2007
Transportation,9267373.39,7273786.06,14.21,2.14,2.93,8.53,2.51,1.26,1.39,158,31.01,68.99,0.00,0.00,14.00,0.00,0.00,2270194.16,5003591.89,1.26,1.39,158,31.01,68.99,0.00,0.00,14.00,0.00,0.00,2270194.16,5003591.89,China,2007
Vegetable,4593801.83,1044236.86,7.04,0.31,2.77,24.18,23.84,3.04,2.70,417,31.41,24.94,0.24,43.41,29.80,0.00,8090.99,927020.16,113297.51,3.04,2.70,417,31.41,24.94,0.24,43.41,29.80,0.00,8090.99,927020.16,113297.51,China,2007
Wood,3282027.30,8138301.99,5.03,2.39,2.37,10.73,14.58,0.75,1.66,480,20.00,78.96,0.00,1.04,18.00,0.00,0.00,3739938.14,4398363.85,0.75,1.66,480,20.00,78.96,0.00,1.04,18.00,0.00,0.00,3739938.14,4398363.85,China,2007
All Products,71456411.76,356304560.71,100.00,100.00,1.00,8.84,8.31,3.75,3.09,9169,55.84,35.74,2.28,6.14,350.00,0.00,3254103.02,185451678.38,166678391.58,3.75,3.09,9169,55.84,35.74,2.28,6.14,350.00,0.00,3254103.02,185451678.38,166678391.58,China,2008
Capital goods,28996283.90,129911393.39,40.58,36.46,0.98,3.34,2.97,1.47,0.60,1476,46.07,52.91,0.68,0.34,25.00,0.00,53754.09,38433752.75,91842262.82,1.47,0.60,1476,46.07,52.91,0.68,0.34,25.00,0.00,53754.09,38433752.75,91842262.82,China,2008
Consumer goods,6254981.28,183448056.78,8.75,51.49,1.09,14.16,14.64,4.87,4.99,3355,60.39,26.80,4.44,8.38,350.00,0.00,2269704.90,129261821.59,53770586.53,4.87,4.99,3355,60.39,26.80,4.44,8.38,350.00,0.00,2269704.90,129261821.59,53770586.53,China,2008
Intermediate goods,14952452.43,34244552.86,20.93,9.61,1.13,3.43,7.15,4.24,2.72,3651,60.07,35.11,1.21,3.62,252.84,0.00,398800.84,15734643.06,18441734.80,4.24,2.72,3651,60.07,35.11,1.21,3.62,252.84,0.00,398800.84,15734643.06,18441734.80,China,2008
Raw materials,20579468.51,4517435.13,28.80,1.27,0.91,23.18,18.24,1.65,0.90,573,21.99,51.66,1.05,25.31,350.00,0.00,531843.18,1746670.78,2559655.84,1.65,0.90,573,21.99,51.66,1.05,25.31,350.00,0.00,531843.18,1746670.78,2559655.84,China,2008
Animal,1823473.08,2204206.56,2.55,0.62,3.95,9.33,19.56,1.40,0.20,128,22.66,66.41,0.78,10.16,84.20,0.00,4066.54,234796.15,1969410.41,1.40,0.20,128,22.66,66.41,0.78,10.16,84.20,0.00,4066.54,234796.15,1969410.41,China,2008
Chemicals,5920074.23,10244510.68,8.28,2.88,1.59,5.87,8.55,2.92,2.67,1549,69.53,29.63,0.00,0.84,6.50,0.00,0.00,6774226.57,3481984.47,2.92,2.67,1549,69.53,29.63,0.00,0.84,6.50,0.00,0.00,6774226.57,3481984.47,China,2008
Food Products,545580.14,2662689.86,0.76,0.75,1.47,15.78,12.72,8.34,4.46,567,46.03,18.34,5.64,29.98,350.00,0.00,251526.50,1713857.40,948832.46,8.34,4.46,567,46.03,18.34,5.64,29.98,350.00,0.00,251526.50,1713857.40,948832.46,China,2008
Footwear,52336.36,18082373.29,0.07,5.08,0.85,14.54,-0.84,8.10,12.23,174,64.94,20.11,3.45,11.49,52.59,0.00,923199.90,16913831.28,1168542.01,8.10,12.23,174,64.94,20.11,3.45,11.49,52.59,0.00,923199.90,16913831.28,1168542.01,China,2008
Fuels,446021.24,2187580.64,0.62,0.61,0.06,26.86,30.66,0.80,0.19,46,6.52,52.17,32.61,8.70,17.58,0.00,567039.78,567877.38,1619703.26,0.80,0.19,46,6.52,52.17,32.61,8.70,17.58,0.00,567039.78,567877.38,1619703.26,China,2008
Hides and Skins,1057413.56,8011211.59,1.48,2.25,2.40,-0.51,-0.15,3.94,8.67,208,82.69,16.83,0.00,0.48,20.00,0.00,0.00,7995206.71,16004.89,3.94,8.67,208,82.69,16.83,0.00,0.48,20.00,0.00,0.00,7995206.71,16004.89,China,2008
Mach and Elec,21128416.18,149991186.59,29.57,42.10,0.90,3.14,6.00,1.48,0.89,1292,47.91,51.70,0.31,0.08,15.00,0.00,44055.58,56431846.59,93591257.31,1.48,0.89,1292,47.91,51.70,0.31,0.08,15.00,0.00,44055.58,56431846.59,93591257.31,China,2008
Metals,8369676.30,25858713.59,11.71,7.26,0.89,1.19,6.30,1.74,1.88,920,42.72,52.17,3.59,1.52,15.00,0.00,849111.96,14467601.47,11391112.12,1.74,1.88,920,42.72,52.17,3.59,1.52,15.00,0.00,849111.96,14467601.47,11391112.12,China,2008
Minerals,901719.67,826519.56,1.26,0.23,0.19,26.98,0.04,0.25,0.14,85,7.06,88.24,1.18,3.53,4.02,0.00,3546.94,186311.51,640208.05,0.25,0.14,85,7.06,88.24,1.18,3.53,4.02,0.00,3546.94,186311.51,640208.05,China,2008
Miscellaneous,4778854.98,64894487.51,6.69,18.21,0.94,6.74,6.51,3.95,1.55,815,41.60,38.65,12.15,7.61,252.84,0.00,602212.22,16831125.05,43888871.70,3.95,1.55,815,41.60,38.65,12.15,7.61,252.84,0.00,602212.22,16831125.05,43888871.70,China,2008
Plastic or Rubber,4510479.49,13500921.58,6.31,3.79,1.31,5.19,5.28,3.53,3.80,373,77.21,22.79,0.00,0.00,14.00,0.00,0.00,13172669.26,296311.30,3.53,3.80,373,77.21,22.79,0.00,0.00,14.00,0.00,0.00,13172669.26,296311.30,China,2008
Stone and Glass,849310.84,7742033.09,1.19,2.17,1.00,7.06,14.93,3.31,5.18,386,63.47,34.72,0.00,1.81,38.00,0.00,0.00,6634141.51,1107891.57,3.31,5.18,386,63.47,34.72,0.00,1.81,38.00,0.00,0.00,6634141.51,1107891.57,China,2008
Textiles and Clothing,2523893.34,33196105.11,3.53,9.32,1.45,-0.74,3.81,8.94,10.74,1523,81.42,13.00,1.18,4.40,32.00,0.00,9343.60,32864910.46,331194.65,8.94,10.74,1523,81.42,13.00,1.18,4.40,32.00,0.00,9343.60,32864910.46,331194.65,China,2008
Transportation,7224738.18,7613820.97,10.11,2.14,2.36,6.54,-4.84,2.19,2.10,214,49.07,50.93,0.00,0.00,25.00,0.00,0.00,6244594.75,1369226.21,2.19,2.10,214,49.07,50.93,0.00,0.00,25.00,0.00,0.00,6244594.75,1369226.21,China,2008
Vegetable,7797081.75,1135412.27,10.91,0.32,3.34,27.88,39.62,2.98,2.45,414,31.64,24.15,0.00,44.20,29.80,0.00,0.00,950815.64,172919.97,2.98,2.45,414,31.64,24.15,0.00,44.20,29.80,0.00,0.00,950815.64,172919.97,China,2008
Wood,3527342.42,8152787.83,4.94,2.29,2.58,6.37,10.45,0.77,1.51,475,20.84,78.11,0.00,1.05,18.00,0.00,0.00,3467866.63,4684921.20,0.77,1.51,475,20.84,78.11,0.00,1.05,18.00,0.00,0.00,3467866.63,4684921.20,China,2008
All Products,69575613.27,309530233.20,100.00,100.00,1.00,-5.77,-2.38,3.82,3.18,9211,56.09,35.35,2.21,6.35,584.79,0.00,2200543.72,160056501.78,145725564.91,3.82,3.18,9211,56.09,35.35,2.21,6.35,584.79,0.00,2200543.72,160056501.78,145725564.91,China,2009
Capital goods,21700066.81,121017668.34,31.19,39.10,0.94,-4.65,-3.23,1.47,0.54,1489,46.34,52.65,0.67,0.34,25.00,0.00,35294.23,32620351.75,88428570.74,1.47,0.54,1489,46.34,52.65,0.67,0.34,25.00,0.00,35294.23,32620351.75,88428570.74,China,2009
Consumer goods,5937946.55,159664465.16,8.53,51.58,1.17,-7.98,-1.49,4.86,5.25,3384,60.55,26.27,4.52,8.66,350.00,0.00,1790527.09,114754561.81,44804273.13,4.86,5.25,3384,60.55,26.27,4.52,8.66,350.00,0.00,1790527.09,114754561.81,44804273.13,China,2009
Intermediate goods,14759590.41,21814403.20,21.21,7.05,1.01,-1.20,-3.38,4.35,3.11,3644,60.43,34.96,1.02,3.59,584.79,0.00,254850.23,11282329.82,10448942.43,4.35,3.11,3644,60.43,34.96,1.02,3.59,584.79,0.00,254850.23,11282329.82,10448942.43,China,2009
Raw materials,21252963.63,3282738.34,30.55,1.06,1.04,-10.39,-0.36,2.08,0.94,578,22.32,50.00,0.69,26.99,350.00,0.00,119872.16,1161633.29,1986840.10,2.08,0.94,578,22.32,50.00,0.69,26.99,350.00,0.00,119872.16,1161633.29,1986840.10,China,2009
Animal,1572172.08,1995633.99,2.26,0.64,3.22,-3.05,-9.20,1.02,0.21,104,21.15,70.19,0.96,7.69,15.00,0.00,3060.27,214975.03,1780658.96,1.02,0.21,104,21.15,70.19,0.96,7.69,15.00,0.00,3060.27,214975.03,1780658.96,China,2009
Chemicals,6298634.24,8022033.71,9.05,2.59,1.49,-5.00,-4.49,2.98,2.57,1566,69.92,29.18,0.00,0.89,6.50,0.00,0.00,5021511.97,3004838.22,2.98,2.57,1566,69.92,29.18,0.00,0.89,6.50,0.00,0.00,5021511.97,3004838.22,China,2009
Food Products,738156.52,2197544.43,1.06,0.71,1.56,2.63,9.52,8.04,4.76,600,45.67,18.00,5.17,31.17,350.00,0.00,188496.92,1529983.27,667561.17,8.04,4.76,600,45.67,18.00,5.17,31.17,350.00,0.00,188496.92,1529983.27,667561.17,China,2009
Footwear,53219.41,16350383.77,0.08,5.28,0.92,-6.32,0.70,8.10,12.45,174,64.94,20.11,3.45,11.49,51.97,0.00,803674.82,15220195.93,1130187.83,8.10,12.45,174,64.94,20.11,3.45,11.49,51.97,0.00,803674.82,15220195.93,1130187.83,China,2009
Fuels,528743.74,318554.57,0.76,0.10,0.07,-14.42,0.48,1.05,0.13,55,9.09,45.45,36.36,9.09,17.50,0.00,117704.07,118471.26,200083.31,1.05,0.13,55,9.09,45.45,36.36,9.09,17.50,0.00,117704.07,118471.26,200083.31,China,2009
Hides and Skins,835458.72,6410072.41,1.20,2.07,1.90,-8.89,-15.94,3.96,8.57,204,82.35,17.16,0.00,0.49,20.00,0.00,0.00,6397117.87,12954.54,3.96,8.57,204,82.35,17.16,0.00,0.49,20.00,0.00,0.00,6397117.87,12954.54,China,2009
Mach and Elec,17873025.84,138916029.85,25.69,44.88,0.79,-4.78,-7.56,1.48,0.84,1305,47.97,51.65,0.31,0.08,15.00,0.00,18375.98,49153637.11,89787136.48,1.48,0.84,1305,47.97,51.65,0.31,0.08,15.00,0.00,18375.98,49153637.11,89787136.48,China,2009
Metals,7484560.05,16371972.25,10.76,5.29,0.82,4.25,3.83,1.77,2.17,919,42.98,52.01,3.37,1.63,15.00,0.00,586718.49,10591251.26,5780720.99,1.77,2.17,919,42.98,52.01,3.37,1.63,15.00,0.00,586718.49,10591251.26,5780720.99,China,2009
Minerals,841401.85,328917.58,1.21,0.11,0.21,-11.36,-5.07,0.21,0.19,81,7.41,90.12,1.23,1.23,3.00,0.00,2618.30,119491.72,209425.87,0.21,0.19,81,7.41,90.12,1.23,1.23,3.00,0.00,2618.30,119491.72,209425.87,China,2009
Miscellaneous,10222443.65,54460445.01,14.69,17.59,1.01,-7.11,0.14,4.45,1.48,806,41.94,38.71,11.91,7.44,584.79,0.00,471755.88,13963614.90,36748663.61,4.45,1.48,806,41.94,38.71,11.91,7.44,584.79,0.00,471755.88,13963614.90,36748663.61,China,2009
Plastic or Rubber,5049341.82,11755754.46,7.26,3.80,1.31,-1.56,1.95,3.54,3.81,369,77.51,22.49,0.00,0.00,14.00,0.00,0.00,11487741.11,243259.01,3.54,3.81,369,77.51,22.49,0.00,0.00,14.00,0.00,0.00,11487741.11,243259.01,China,2009
Stone and Glass,743771.99,6353287.15,1.07,2.05,0.95,-6.63,-5.86,3.47,5.29,380,64.74,33.42,0.00,1.84,38.00,0.00,0.00,5556482.63,796804.51,3.47,5.29,380,64.74,33.42,0.00,1.84,38.00,0.00,0.00,5556482.63,796804.51,China,2009
Textiles and Clothing,1632634.28,32312626.91,2.35,10.44,1.02,-6.66,-18.96,8.97,10.91,1542,81.52,12.58,0.91,4.99,32.00,0.00,8138.98,32057684.48,254942.44,8.97,10.91,1542,81.52,12.58,0.91,4.99,32.00,0.00,8138.98,32057684.48,254942.44,China,2009
Transportation,2144439.07,5904739.65,3.08,1.91,2.58,3.93,12.52,2.14,2.09,214,49.53,50.47,0.00,0.00,25.00,0.00,0.00,4991646.41,913093.23,2.14,2.09,214,49.53,50.47,0.00,0.00,25.00,0.00,0.00,4991646.41,913093.23,China,2009
Vegetable,9863436.81,1017484.61,14.18,0.33,3.84,-5.52,5.01,3.21,2.46,417,31.65,24.22,0.00,44.12,29.80,0.00,0.00,872409.78,140768.96,3.21,2.46,417,31.65,24.22,0.00,44.12,29.80,0.00,0.00,872409.78,140768.96,China,2009
Wood,3694173.19,6814752.83,5.31,2.20,2.15,-5.33,-10.40,0.76,1.40,475,20.42,78.53,0.00,1.05,18.00,0.00,0.00,2760287.04,4054465.79,0.76,1.40,475,20.42,78.53,0.00,1.05,18.00,0.00,0.00,2760287.04,4054465.79,China,2009
All Products,91910977.24,382964820.32,100.00,100.00,1.00,17.83,14.95,3.79,3.14,9283,55.52,35.75,2.25,6.47,687.12,0.00,2766785.17,196564160.23,182444796.57,3.79,3.14,9283,55.52,35.75,2.25,6.47,687.12,0.00,2766785.17,196564160.23,182444796.57,China,2010
Capital goods,27863642.77,160298001.78,30.32,41.86,0.94,15.32,12.50,1.47,0.53,1482,46.42,52.56,0.67,0.34,25.00,0.00,54990.26,42788788.93,117399112.56,1.47,0.53,1482,46.42,52.56,0.67,0.34,25.00,0.00,54990.26,42788788.93,117399112.56,China,2010
Consumer goods,9979802.88,189369587.70,10.86,49.45,1.12,18.71,13.38,4.79,5.36,3394,60.37,26.58,4.42,8.63,131.80,0.00,2243070.34,137700757.55,51747072.13,4.79,5.36,3394,60.37,26.58,4.42,8.63,131.80,0.00,2243070.34,137700757.55,51747072.13,China,2010
Intermediate goods,18907709.90,25377619.48,20.57,6.63,1.09,13.79,15.64,4.36,3.38,3681,59.63,35.48,1.22,3.67,687.12,0.00,331633.16,14372033.64,10800572.11,4.36,3.38,3681,59.63,35.48,1.22,3.67,687.12,0.00,331633.16,14372033.64,10800572.11,China,2010
Raw materials,28100915.22,3971839.32,30.57,1.04,1.00,23.17,17.46,1.91,0.79,611,20.79,51.06,0.65,27.50,350.00,0.00,137091.42,1333787.43,2432957.53,1.91,0.79,611,20.79,51.06,0.65,27.50,350.00,0.00,137091.42,1333787.43,2432957.53,China,2010
Animal,1409802.19,2317687.90,1.53,0.61,2.16,17.08,-6.45,1.27,0.17,116,23.28,66.38,0.86,9.48,52.99,0.00,3910.97,221778.75,2094880.66,1.27,0.17,116,23.28,66.38,0.86,9.48,52.99,0.00,3910.97,221778.75,2094880.66,China,2010
Chemicals,8512124.24,10052635.44,9.26,2.63,1.65,15.85,18.66,2.91,2.54,1548,69.44,29.72,0.00,0.84,6.50,0.00,0.00,6355541.81,3701174.28,2.91,2.54,1548,69.44,29.72,0.00,0.84,6.50,0.00,0.00,6355541.81,3701174.28,China,2010
Food Products,1441829.58,2542003.52,1.57,0.66,2.20,22.38,41.95,7.65,4.79,610,45.41,19.84,4.26,30.49,350.00,0.00,213288.77,1753091.29,788424.98,7.65,4.79,610,45.41,19.84,4.26,30.49,350.00,0.00,213288.77,1753091.29,788424.98,China,2010
Footwear,66514.58,19761655.38,0.07,5.16,0.91,12.30,9.09,8.08,12.42,174,64.94,20.11,3.45,11.49,50.70,0.00,1004882.43,18375638.35,1387580.66,8.08,12.42,174,64.94,20.11,3.45,11.49,50.70,0.00,1004882.43,18375638.35,1387580.66,China,2010
Fuels,1354454.99,510497.19,1.47,0.13,0.12,23.46,52.03,1.14,0.78,53,9.43,43.40,37.74,9.43,16.83,0.00,175548.52,176002.52,333614.48,1.14,0.78,53,9.43,43.40,37.74,9.43,16.83,0.00,175548.52,176002.52,333614.48,China,2010
Hides and Skins,1213535.41,8066104.73,1.32,2.11,1.95,16.83,15.40,3.87,8.60,210,82.38,17.14,0.00,0.48,20.00,0.00,0.00,8048548.15,16423.33,3.87,8.60,210,82.38,17.14,0.00,0.48,20.00,0.00,0.00,8048548.15,16423.33,China,2010
Mach and Elec,22738997.55,178355697.87,24.74,46.57,0.80,15.05,13.45,1.48,0.79,1297,48.03,51.58,0.31,0.08,15.00,0.00,13242.00,59863250.86,118540902.61,1.48,0.79,1297,48.03,51.58,0.31,0.08,15.00,0.00,13242.00,59863250.86,118540902.61,China,2010
Metals,8617802.55,18718131.50,9.38,4.89,0.86,9.20,8.99,1.72,2.39,934,41.86,53.43,3.32,1.39,15.00,0.00,732179.68,13156413.39,5552729.58,1.72,2.39,934,41.86,53.43,3.32,1.39,15.00,0.00,732179.68,13156413.39,5552729.58,China,2010
Minerals,1485585.21,453634.95,1.62,0.12,0.20,25.48,20.86,0.22,0.11,84,7.14,89.29,1.19,2.38,3.00,0.00,803.26,108623.95,344992.16,0.22,0.11,84,7.14,89.29,1.19,2.38,3.00,0.00,803.26,108623.95,344992.16,China,2010
Miscellaneous,12946135.82,63642062.35,14.09,16.62,0.95,23.69,16.59,4.63,1.57,814,41.77,38.45,12.29,7.49,687.12,0.00,554891.62,17365407.02,42323259.83,4.63,1.57,814,41.77,38.45,12.29,7.49,687.12,0.00,554891.62,17365407.02,42323259.83,China,2010
Plastic or Rubber,5744821.15,14079396.33,6.25,3.68,1.25,17.02,11.42,3.52,3.83,372,77.15,22.85,0.00,0.00,14.00,0.00,0.00,13777670.04,265888.20,3.52,3.83,372,77.15,22.85,0.00,0.00,14.00,0.00,0.00,13777670.04,265888.20,China,2010
Stone and Glass,1231426.79,8165434.79,1.34,2.13,1.07,27.28,32.13,3.39,5.31,385,64.16,34.03,0.00,1.82,38.00,0.00,0.00,7252693.53,912157.25,3.39,5.31,385,64.16,34.03,0.00,1.82,38.00,0.00,0.00,7252693.53,912157.25,China,2010
Textiles and Clothing,3076364.52,38988792.96,3.35,10.18,1.40,16.54,33.61,8.91,10.98,1565,80.38,13.16,1.28,5.18,32.00,0.00,68037.92,38644922.53,343169.08,8.91,10.98,1565,80.38,13.16,1.28,5.18,32.00,0.00,68037.92,38644922.53,343169.08,China,2010
Transportation,4787844.29,8276765.56,5.21,2.16,2.16,23.59,10.38,2.11,2.07,216,49.54,50.46,0.00,0.00,25.00,0.00,0.00,7101333.06,1171998.81,2.11,2.07,216,49.54,50.46,0.00,0.00,25.00,0.00,0.00,7101333.06,1171998.81,China,2010
Vegetable,12327092.07,1200559.30,13.41,0.31,4.02,12.88,12.72,2.85,2.25,424,30.19,23.82,0.00,45.99,29.80,0.00,0.00,1056126.96,143738.96,2.85,2.25,424,30.19,23.82,0.00,45.99,29.80,0.00,0.00,1056126.96,143738.96,China,2010
Wood,4956646.28,7833760.56,5.39,2.05,2.47,17.09,22.31,0.74,1.46,481,20.17,78.79,0.00,1.04,18.00,0.00,0.00,3307118.03,4523861.70,0.74,1.46,481,20.17,78.79,0.00,1.04,18.00,0.00,0.00,3307118.03,4523861.70,China,2010
All Products,104121382.99,417340261.54,100.00,100.00,1.00,11.75,9.47,3.82,3.03,9284,55.63,35.92,1.90,6.55,793.34,0.00,1785886.72,210802595.86,202353484.20,3.82,3.03,9284,55.63,35.92,1.90,6.55,793.34,0.00,1785886.72,210802595.86,202353484.20,China,2011
Capital goods,28434718.79,185440482.99,27.31,44.43,0.90,6.17,1.64,1.46,0.53,1484,46.36,52.63,0.34,0.67,25.00,0.00,83815.21,48963691.67,136211821.83,1.46,0.53,1484,46.36,52.63,0.34,0.67,25.00,0.00,83815.21,48963691.67,136211821.83,China,2011
Consumer goods,13304087.40,192880430.19,12.78,46.22,1.18,16.21,16.94,4.90,5.55,3398,60.27,26.81,3.83,9.09,350.00,0.00,1351935.10,142618925.52,50499477.65,4.90,5.55,3398,60.27,26.81,3.83,9.09,350.00,0.00,1351935.10,142618925.52,50499477.65,China,2011
Intermediate goods,21280204.97,30391545.05,20.44,7.28,1.12,8.82,7.76,4.36,2.57,3683,59.82,35.60,1.03,3.56,793.34,0.00,281245.45,17290089.70,12815126.57,4.36,2.57,3683,59.82,35.60,1.03,3.56,793.34,0.00,281245.45,17290089.70,12815126.57,China,2011
Raw materials,33799935.91,4430924.99,32.46,1.06,0.97,17.63,13.61,1.81,0.79,603,21.23,52.07,0.50,26.20,350.00,0.00,68890.96,1444690.68,2754792.60,1.81,0.79,603,21.23,52.07,0.50,26.20,350.00,0.00,68890.96,1444690.68,2754792.60,China,2011
Animal,2432093.13,2580074.01,2.34,0.62,3.36,15.90,41.46,1.17,0.15,115,22.61,68.70,0.87,7.83,56.11,0.00,4964.75,245857.85,2334216.16,1.17,0.15,115,22.61,68.70,0.87,7.83,56.11,0.00,4964.75,245857.85,2334216.16,China,2011
Chemicals,10018201.22,12871123.41,9.62,3.08,1.60,12.33,8.44,2.91,2.57,1559,69.34,29.89,0.00,0.77,6.50,0.00,0.00,8508470.25,4378646.74,2.91,2.57,1559,69.34,29.89,0.00,0.77,6.50,0.00,0.00,8508470.25,4378646.74,China,2011
Food Products,1344049.45,2959548.23,1.29,0.71,1.70,15.41,-0.64,9.36,4.97,616,45.45,19.48,3.41,31.66,350.00,0.00,169682.32,2042641.28,916906.95,9.36,4.97,616,45.45,19.48,3.41,31.66,350.00,0.00,169682.32,2042641.28,916906.95,China,2011
Footwear,71795.65,21018700.56,0.07,5.04,0.67,18.29,-0.22,8.06,12.57,174,64.94,20.11,2.87,12.07,50.65,0.00,160558.83,19410511.29,1608189.27,8.06,12.57,174,64.94,20.11,2.87,12.07,50.65,0.00,160558.83,19410511.29,1608189.27,China,2011
Fuels,2038333.88,365077.49,1.96,0.09,0.12,20.80,18.56,0.60,0.04,40,7.50,55.00,35.00,2.50,7.56,0.00,65688.42,65688.42,299389.08,0.60,0.04,40,7.50,55.00,35.00,2.50,7.56,0.00,65688.42,65688.42,299389.08,China,2011
Hides and Skins,1469655.52,8644595.81,1.41,2.07,2.16,10.24,13.56,3.96,8.55,207,83.09,16.43,0.00,0.48,20.00,0.00,0.00,8623330.57,21265.24,3.96,8.55,207,83.09,16.43,0.00,0.48,20.00,0.00,0.00,8623330.57,21265.24,China,2011
Mach and Elec,22404465.33,198951552.38,21.52,47.67,0.76,6.36,1.29,1.49,0.74,1304,48.01,51.61,0.31,0.08,15.00,0.00,10848.33,62182904.08,136807303.33,1.49,0.74,1304,48.01,51.61,0.31,0.08,15.00,0.00,10848.33,62182904.08,136807303.33,China,2011
Metals,10882851.24,21120411.84,10.45,5.06,1.00,7.38,13.20,1.72,2.37,937,41.84,53.36,3.09,1.71,15.00,0.00,778560.50,14143148.82,6977263.02,1.72,2.37,937,41.84,53.36,3.09,1.71,15.00,0.00,778560.50,14143148.82,6977263.02,China,2011
Minerals,1821226.97,568413.08,1.75,0.14,0.18,17.20,8.87,0.22,0.12,82,7.32,90.24,0.00,2.44,3.00,0.00,0.00,133440.43,434972.65,0.22,0.12,82,7.32,90.24,0.00,2.44,3.00,0.00,0.00,133440.43,434972.65,China,2011
Miscellaneous,13972271.87,62801207.30,13.42,15.05,1.14,16.59,25.61,4.47,1.30,816,41.54,38.85,10.42,9.19,793.34,0.00,577820.97,18354808.66,40262217.17,4.47,1.30,816,41.54,38.85,10.42,9.19,793.34,0.00,577820.97,18354808.66,40262217.17,China,2011
Plastic or Rubber,6104659.61,16071971.16,5.86,3.85,1.22,7.55,4.16,3.52,3.83,373,77.21,22.79,0.00,0.00,14.00,0.00,0.00,15661136.43,372171.69,3.52,3.83,373,77.21,22.79,0.00,0.00,14.00,0.00,0.00,15661136.43,372171.69,China,2011
Stone and Glass,1597895.44,9109819.37,1.53,2.18,1.18,15.74,19.06,3.31,5.14,389,63.50,34.70,0.00,1.80,38.00,0.00,0.00,8090105.45,1019713.91,3.31,5.14,389,63.50,34.70,0.00,1.80,38.00,0.00,0.00,8090105.45,1019713.91,China,2011
Textiles and Clothing,3739886.50,40945016.58,3.59,9.81,1.57,12.73,16.87,8.94,11.00,1557,80.92,12.97,1.09,5.01,32.00,0.00,17762.59,40530945.60,414070.98,8.94,11.00,1557,80.92,12.97,1.09,5.01,32.00,0.00,17762.59,40530945.60,414070.98,China,2011
Transportation,6908777.00,9963852.89,6.64,2.39,2.11,12.49,9.00,2.06,1.80,209,49.76,50.24,0.00,0.00,25.00,0.00,0.00,8258080.41,1705772.48,2.06,1.80,209,49.76,50.24,0.00,0.00,25.00,0.00,0.00,8258080.41,1705772.48,China,2011
Vegetable,12454078.53,1363012.35,11.96,0.33,3.89,11.17,7.14,2.91,2.26,427,30.91,25.76,0.00,43.33,29.80,0.00,0.00,1173702.37,173324.40,2.91,2.26,427,30.91,25.76,0.00,43.33,29.80,0.00,0.00,1173702.37,173324.40,China,2011
Wood,6861141.66,8005885.08,6.59,1.92,2.73,14.77,18.23,0.73,1.46,479,20.04,78.91,0.00,1.04,18.00,0.00,0.00,3377823.96,4628061.13,0.73,1.46,479,20.04,78.91,0.00,1.04,18.00,0.00,0.00,3377823.96,4628061.13,China,2011
All Products,110516535.99,444386003.53,100.00,100.00,1.00,2.12,4.23,3.69,2.95,9443,55.45,35.98,1.92,6.65,452.85,0.00,1786954.17,211683497.66,209437192.78,3.69,2.95,9443,55.45,35.98,1.92,6.65,452.85,0.00,1786954.17,211683497.66,209437192.78,China,2012
Capital goods,28147949.59,202192983.95,25.47,45.50,0.89,1.77,3.42,1.46,0.52,1487,46.13,52.79,0.47,0.61,25.00,0.00,75629.38,50541629.86,145327941.07,1.46,0.52,1487,46.13,52.79,0.47,0.61,25.00,0.00,75629.38,50541629.86,145327941.07,China,2012
Consumer goods,14007238.97,200902601.64,12.67,45.21,1.17,4.57,6.34,4.87,5.69,3346,60.97,26.24,3.71,9.09,350.00,0.00,1281977.06,139649377.46,43782443.82,4.87,5.69,3346,60.97,26.24,3.71,9.09,350.00,0.00,1281977.06,139649377.46,43782443.82,China,2012
Intermediate goods,20675800.40,32069509.95,18.71,7.22,1.08,-0.55,-0.20,4.12,2.56,3607,60.16,35.32,0.80,3.71,452.85,0.00,279646.55,16266581.40,12627703.60,4.12,2.56,3607,60.16,35.32,0.80,3.71,452.85,0.00,279646.55,16266581.40,12627703.60,China,2012
Raw materials,38490699.15,4745024.32,34.83,1.07,1.02,1.84,6.67,2.13,1.36,535,22.62,51.03,0.37,25.98,350.00,0.00,81167.27,1554154.90,885998.59,2.13,1.36,535,22.62,51.03,0.37,25.98,350.00,0.00,81167.27,1554154.90,885998.59,China,2012
Animal,2615545.31,2561155.67,2.37,0.58,2.94,5.21,0.52,0.95,0.15,177,18.64,74.01,1.13,6.21,69.69,0.00,5333.68,244821.18,2198669.93,0.95,0.15,177,18.64,74.01,1.13,6.21,69.69,0.00,5333.68,244821.18,2198669.93,China,2012
Chemicals,9433259.46,13036895.08,8.54,2.93,1.51,-0.00,-0.77,2.93,2.72,1574,69.57,29.61,0.00,0.83,6.50,0.00,0.00,8368530.46,4135417.66,2.93,2.72,1574,69.57,29.61,0.00,0.83,6.50,0.00,0.00,8368530.46,4135417.66,China,2012
Food Products,1849970.19,3336974.97,1.67,0.75,1.92,5.90,14.85,8.23,5.13,660,43.48,21.82,3.79,30.91,350.00,0.00,174676.57,2063771.03,1062707.32,8.23,5.13,660,43.48,21.82,3.79,30.91,350.00,0.00,174676.57,2063771.03,1062707.32,China,2012
Footwear,62794.83,21462035.89,0.06,4.83,0.57,6.08,-0.31,7.64,12.73,195,68.72,17.95,2.56,10.77,49.79,0.00,166119.72,18959684.35,1597205.98,7.64,12.73,195,68.72,17.95,2.56,10.77,49.79,0.00,166119.72,18959684.35,1597205.98,China,2012
Fuels,2440877.01,313898.10,2.21,0.07,0.12,6.55,9.96,0.98,0.15,56,8.93,46.43,35.71,8.93,16.43,0.00,86013.92,86123.98,215555.56,0.98,0.15,56,8.93,46.43,35.71,8.93,16.43,0.00,86013.92,86123.98,215555.56,China,2012
Hides and Skins,1632960.13,9013671.49,1.48,2.03,2.16,3.06,5.22,4.02,8.52,208,82.69,16.83,0.00,0.48,20.00,0.00,0.00,8504556.28,29160.88,4.02,8.52,208,82.69,16.83,0.00,0.48,20.00,0.00,0.00,8504556.28,29160.88,China,2012
Mach and Elec,20717942.45,215384666.29,18.75,48.47,0.69,0.82,-1.88,1.48,0.72,1310,47.79,51.83,0.31,0.08,15.00,0.00,7513.34,63327803.16,146518499.83,1.48,0.72,1310,47.79,51.83,0.31,0.08,15.00,0.00,7513.34,63327803.16,146518499.83,China,2012
Metals,9789973.71,22533512.86,8.86,5.07,1.04,-3.25,0.93,1.75,2.38,915,42.73,52.35,3.17,1.75,15.00,0.00,730962.79,14115041.21,7017626.49,1.75,2.38,915,42.73,52.35,3.17,1.75,15.00,0.00,730962.79,14115041.21,7017626.49,China,2012
Minerals,1922281.10,525810.17,1.74,0.12,0.21,-5.38,4.04,0.23,0.15,90,5.56,88.89,0.00,5.56,11.02,0.00,0.00,159581.02,304534.98,0.23,0.15,90,5.56,88.89,0.00,5.56,11.02,0.00,0.00,159581.02,304534.98,China,2012
Miscellaneous,17366982.39,65858358.43,15.71,14.82,1.17,9.53,12.94,3.57,1.39,826,43.22,37.65,10.29,8.84,452.85,0.00,603225.64,19333749.96,38132884.04,3.57,1.39,826,43.22,37.65,10.29,8.84,452.85,0.00,603225.64,19333749.96,38132884.04,China,2012
Plastic or Rubber,5735260.91,18240681.39,5.19,4.10,1.16,-1.72,-2.18,3.51,3.84,375,77.07,22.93,0.00,0.00,14.00,0.00,0.00,16514459.87,338086.09,3.51,3.84,375,77.07,22.93,0.00,0.00,14.00,0.00,0.00,16514459.87,338086.09,China,2012
Stone and Glass,1023707.39,9590835.79,0.93,2.16,0.87,-1.69,-14.08,3.38,5.02,386,63.99,34.20,0.00,1.81,38.00,0.00,0.00,7614824.95,1195736.80,3.38,5.02,386,63.99,34.20,0.00,1.81,38.00,0.00,0.00,7614824.95,1195736.80,China,2012
Textiles and Clothing,4620780.26,41075679.58,4.18,9.24,1.65,4.27,9.01,8.93,10.97,1542,81.32,12.91,0.71,5.06,32.00,0.00,13108.51,38877657.90,406173.63,8.93,10.97,1542,81.32,12.91,0.71,5.06,32.00,0.00,13108.51,38877657.90,406173.63,China,2012
Transportation,7223230.32,11113774.26,6.54,2.50,2.38,4.81,13.47,2.15,1.89,211,49.29,50.71,0.00,0.00,25.00,0.00,0.00,8917707.97,1504011.83,2.15,1.89,211,49.29,50.71,0.00,0.00,25.00,0.00,0.00,8917707.97,1504011.83,China,2012
Vegetable,17722624.79,1550880.00,16.04,0.35,3.88,11.14,13.28,2.95,1.91,441,31.75,25.62,0.00,42.63,29.80,0.00,0.00,1167850.86,277663.38,2.95,1.91,441,31.75,25.62,0.00,42.63,29.80,0.00,0.00,1167850.86,277663.38,China,2012
Wood,6358345.73,8787173.57,5.75,1.98,2.57,-3.21,-4.16,0.75,1.48,477,20.34,78.62,0.00,1.05,18.00,0.00,0.00,3427333.49,4503258.34,0.75,1.48,477,20.34,78.62,0.00,1.05,18.00,0.00,0.00,3427333.49,4503258.34,China,2012
All Products,121721075.51,459107864.23,100.00,100.00,1.00,3.56,7.09,3.68,2.95,9424,55.27,36.31,1.91,6.50,371.99,0.00,1821759.66,220225254.98,215533090.21,3.68,2.95,9424,55.27,36.31,1.91,6.50,371.99,0.00,1821759.66,220225254.98,215533090.21,China,2013
Capital goods,31529123.23,210063534.13,25.90,45.75,1.04,3.95,16.35,1.50,0.52,1490,46.44,52.48,0.47,0.60,25.00,0.00,60521.72,52961341.87,150938823.01,1.50,0.52,1490,46.44,52.48,0.47,0.60,25.00,0.00,60521.72,52961341.87,150938823.01,China,2013
Consumer goods,17762883.59,207115196.94,14.59,45.11,1.23,2.08,8.06,4.85,5.69,3313,61.12,26.32,3.74,8.81,350.00,0.00,1368347.80,144835321.21,44821817.53,4.85,5.69,3313,61.12,26.32,3.74,8.81,350.00,0.00,1368347.80,144835321.21,44821817.53,China,2013
Intermediate goods,21915778.42,32588616.58,18.00,7.10,1.01,2.01,2.22,4.10,2.66,3616,59.62,35.87,0.80,3.71,371.99,0.00,278716.13,16861921.48,12144476.82,4.10,2.66,3616,59.62,35.87,0.80,3.71,371.99,0.00,278716.13,16861921.48,12144476.82,China,2013
Raw materials,36969517.08,4707277.07,30.37,1.03,0.88,1.75,-2.33,2.04,1.27,539,21.52,52.13,0.37,25.97,350.00,0.00,51921.62,1558149.02,883025.33,2.04,1.27,539,21.52,52.13,0.37,25.97,350.00,0.00,51921.62,1558149.02,883025.33,China,2013
Animal,2944344.92,2586391.86,2.42,0.56,2.10,14.55,0.11,0.59,0.15,167,16.77,77.84,1.20,4.19,15.00,0.00,4340.34,258091.64,2210108.48,0.59,0.15,167,16.77,77.84,1.20,4.19,15.00,0.00,4340.34,258091.64,2210108.48,China,2013
Chemicals,9740887.94,13244133.18,8.00,2.88,1.37,3.15,1.58,2.95,2.78,1564,69.76,29.41,0.00,0.83,6.50,0.00,0.00,8577745.84,4108501.89,2.95,2.78,1564,69.76,29.41,0.00,0.83,6.50,0.00,0.00,8577745.84,4108501.89,China,2013
Food Products,2811692.10,3131405.74,2.31,0.68,2.23,5.25,17.16,8.53,5.65,646,42.88,21.83,4.49,30.80,350.00,0.00,170727.66,2087799.64,830686.11,8.53,5.65,646,42.88,21.83,4.49,30.80,350.00,0.00,170727.66,2087799.64,830686.11,China,2013
Footwear,68403.16,21123744.78,0.06,4.60,0.52,4.50,3.26,7.64,13.00,195,68.72,17.95,2.56,10.77,49.63,0.00,139781.25,18774414.05,1474033.58,7.64,13.00,195,68.72,17.95,2.56,10.77,49.63,0.00,139781.25,18774414.05,1474033.58,China,2013
Fuels,2798559.46,384950.84,2.30,0.08,0.11,0.35,0.86,0.71,1.77,47,6.38,55.32,29.79,8.51,16.08,0.00,135028.42,135048.28,230228.07,0.71,1.77,47,6.38,55.32,29.79,8.51,16.08,0.00,135028.42,135048.28,230228.07,China,2013
Hides and Skins,1989306.95,9210349.29,1.63,2.01,2.12,5.91,8.46,3.91,8.47,211,81.99,17.54,0.00,0.47,20.00,0.00,0.00,8729339.27,27033.48,3.91,8.47,211,81.99,17.54,0.00,0.47,20.00,0.00,0.00,8729339.27,27033.48,China,2013
Mach and Elec,22711925.86,223100654.03,18.66,48.59,0.79,4.08,15.24,1.49,0.71,1313,48.13,51.49,0.30,0.08,15.00,0.00,3251.50,65467383.15,152515197.96,1.49,0.71,1313,48.13,51.49,0.30,0.08,15.00,0.00,3251.50,65467383.15,152515197.96,China,2013
Metals,9073865.66,23138321.51,7.45,5.04,1.00,-3.47,-2.44,1.73,2.49,937,41.62,53.47,3.09,1.81,15.00,0.00,785640.59,15196719.73,6499388.36,1.73,2.49,937,41.62,53.47,3.09,1.81,15.00,0.00,785640.59,15196719.73,6499388.36,China,2013
Minerals,1663055.00,473917.25,1.37,0.10,0.20,5.11,6.78,0.28,0.14,88,6.82,88.64,0.00,4.55,12.03,0.00,0.00,95678.63,315327.90,0.28,0.14,88,6.82,88.64,0.00,4.55,12.03,0.00,0.00,95678.63,315327.90,China,2013
Miscellaneous,22682362.56,68431027.70,18.63,14.91,1.05,9.56,7.33,3.45,1.43,825,43.03,37.58,10.55,8.85,371.99,0.00,569393.17,20573928.61,39099957.98,3.45,1.43,825,43.03,37.58,10.55,8.85,371.99,0.00,569393.17,20573928.61,39099957.98,China,2013
Plastic or Rubber,5718603.24,19672547.23,4.70,4.29,1.05,1.23,-0.41,3.52,3.87,373,77.21,22.79,0.00,0.00,14.00,0.00,0.00,17920435.44,282367.07,3.52,3.87,373,77.21,22.79,0.00,0.00,14.00,0.00,0.00,17920435.44,282367.07,China,2013
Stone and Glass,1759962.58,9876928.15,1.45,2.15,0.78,11.47,9.67,3.33,5.17,391,63.17,35.04,0.00,1.79,38.00,0.00,0.00,7943093.59,1144179.55,3.33,5.17,391,63.17,35.04,0.00,1.79,38.00,0.00,0.00,7943093.59,1144179.55,China,2013
Textiles and Clothing,3485545.87,42495585.52,2.86,9.26,1.20,-0.55,-12.31,8.92,10.98,1539,81.29,13.00,0.65,5.07,32.00,0.00,13596.73,40256901.49,422513.00,8.92,10.98,1539,81.29,13.00,0.65,5.07,32.00,0.00,13596.73,40256901.49,422513.00,China,2013
Transportation,10461084.26,11546873.95,8.59,2.52,3.11,4.92,23.99,2.39,1.77,210,49.05,50.95,0.00,0.00,25.00,0.00,0.00,9396304.54,1439982.38,2.39,1.77,210,49.05,50.95,0.00,0.00,25.00,0.00,0.00,9396304.54,1439982.38,China,2013
Vegetable,16928689.22,1657321.39,13.91,0.36,3.13,2.05,-5.34,3.02,1.90,432,31.02,26.62,0.00,42.36,131.80,0.00,0.00,1247252.93,305871.87,3.02,1.90,432,31.02,26.62,0.00,42.36,131.80,0.00,0.00,1247252.93,305871.87,China,2013
Wood,6882786.72,9033711.80,5.65,1.97,2.38,5.30,4.88,0.73,1.44,486,19.96,79.01,0.00,1.03,18.00,0.00,0.00,3565118.14,4627712.52,0.73,1.44,486,19.96,79.01,0.00,1.03,18.00,0.00,0.00,3565118.14,4627712.52,China,2013
All Products,123675622.76,486296238.01,100.00,100.00,1.00,0.24,2.15,3.59,2.89,9447,55.29,36.32,1.94,6.46,350.00,0.00,2065081.05,243971864.10,237792041.39,3.59,2.89,9447,55.29,36.32,1.94,6.46,350.00,0.00,2065081.05,243971864.10,237792041.39,China,2014
Capital goods,32577905.96,224695047.84,26.34,46.21,1.06,0.08,2.78,1.47,0.54,1506,46.22,52.72,0.46,0.60,25.00,0.00,66030.09,60745120.65,162869460.58,1.47,0.54,1506,46.22,52.72,0.46,0.60,25.00,0.00,66030.09,60745120.65,162869460.58,China,2014
Consumer goods,21272359.61,215680568.87,17.20,44.35,1.31,4.43,10.04,4.83,5.53,3336,61.03,26.29,3.81,8.87,350.00,0.00,1641800.60,157840892.09,51574162.24,4.83,5.53,3336,61.03,26.29,3.81,8.87,350.00,0.00,1641800.60,157840892.09,51574162.24,China,2014
Intermediate goods,21388453.13,36517882.62,17.29,7.51,0.90,3.24,-0.63,4.06,2.55,3626,59.51,35.85,0.88,3.75,350.00,0.00,273341.91,19480386.65,15398100.81,4.06,2.55,3626,59.51,35.85,0.88,3.75,350.00,0.00,273341.91,19480386.65,15398100.81,China,2014
Raw materials,33520671.78,4870406.17,27.10,1.00,0.86,-1.21,-0.48,1.76,1.27,514,22.18,51.75,0.00,26.07,350.00,0.00,0.00,1656004.49,975533.30,1.76,1.27,514,22.18,51.75,0.00,26.07,350.00,0.00,0.00,1656004.49,975533.30,China,2014
Animal,2613832.19,2749476.89,2.11,0.57,1.77,5.73,-1.19,0.66,0.14,174,17.82,75.29,2.30,4.60,15.00,0.00,5215.82,261812.28,2487664.61,0.66,0.14,174,17.82,75.29,2.30,4.60,15.00,0.00,5215.82,261812.28,2487664.61,China,2014
Chemicals,9669860.49,14340675.78,7.82,2.95,1.34,0.16,0.88,2.91,2.63,1576,69.29,29.82,0.00,0.89,6.50,0.00,0.00,9212999.75,5178560.80,2.91,2.63,1576,69.29,29.82,0.00,0.89,6.50,0.00,0.00,9212999.75,5178560.80,China,2014
Food Products,2720820.57,2986511.57,2.20,0.61,2.27,3.79,6.74,7.43,5.97,628,43.95,21.66,3.66,30.73,350.00,0.00,206992.06,2309276.89,677234.68,7.43,5.97,628,43.95,21.66,3.66,30.73,350.00,0.00,206992.06,2309276.89,677234.68,China,2014
Footwear,69159.10,21243851.45,0.06,4.37,0.43,5.99,-2.46,7.63,13.05,195,68.72,17.95,2.56,10.77,48.68,0.00,118051.27,19762614.56,1481236.89,7.63,13.05,195,68.72,17.95,2.56,10.77,48.68,0.00,118051.27,19762614.56,1481236.89,China,2014
Fuels,1772230.87,453847.84,1.43,0.09,0.09,0.25,-7.68,0.81,3.90,49,10.20,48.98,36.73,4.08,9.09,0.00,265293.92,265293.92,188553.92,0.81,3.90,49,10.20,48.98,36.73,4.08,9.09,0.00,265293.92,265293.92,188553.92,China,2014
Hides and Skins,1921053.92,9106340.97,1.55,1.87,1.93,2.01,-0.88,3.89,8.52,208,82.21,17.31,0.00,0.48,20.00,0.00,0.00,9073282.38,33058.59,3.89,8.52,208,82.21,17.31,0.00,0.48,20.00,0.00,0.00,9073282.38,33058.59,China,2014
Mach and Elec,23307884.37,237776440.32,18.85,48.90,0.75,-0.71,-1.22,1.46,0.72,1326,47.66,51.96,0.30,0.08,15.00,0.00,3398.47,73226374.51,164740379.91,1.46,0.72,1326,47.66,51.96,0.30,0.08,15.00,0.00,3398.47,73226374.51,164740379.91,China,2014
Metals,7858127.45,25797988.64,6.35,5.30,0.85,-1.02,-6.78,1.72,2.37,947,41.71,53.54,3.06,1.69,15.00,0.00,839727.76,17132682.71,8665305.92,1.72,2.37,947,41.71,53.54,3.06,1.69,15.00,0.00,839727.76,17132682.71,8665305.92,China,2014
Minerals,1729974.21,538616.98,1.40,0.11,0.20,-4.58,-4.45,0.34,0.18,95,7.37,86.32,0.00,6.32,13.32,0.00,0.00,172541.60,366075.38,0.34,0.18,95,7.37,86.32,0.00,6.32,13.32,0.00,0.00,172541.60,366075.38,China,2014
Miscellaneous,24216278.87,71714163.16,19.58,14.75,1.17,-4.75,2.39,3.32,1.41,824,43.08,37.50,10.56,8.86,217.13,0.00,613196.99,22892423.33,44260889.70,3.32,1.41,824,43.08,37.50,10.56,8.86,217.13,0.00,613196.99,22892423.33,44260889.70,China,2014
Plastic or Rubber,5978684.76,21179637.98,4.83,4.36,1.07,0.15,3.18,3.51,3.90,375,77.07,22.93,0.00,0.00,14.00,0.00,0.00,20817338.19,306824.27,3.51,3.90,375,77.07,22.93,0.00,0.00,14.00,0.00,0.00,20817338.19,306824.27,China,2014
Stone and Glass,1770521.55,10451171.13,1.43,2.15,0.45,35.98,4.87,3.39,5.12,390,63.59,34.62,0.00,1.79,38.00,0.00,0.00,9031658.47,1419512.66,3.39,5.12,390,63.59,34.62,0.00,1.79,38.00,0.00,0.00,9031658.47,1419512.66,China,2014
Textiles and Clothing,2280786.90,43036931.73,1.84,8.85,0.86,-5.62,-18.66,8.96,11.02,1516,82.72,12.07,0.86,4.35,32.00,0.00,13204.76,42455157.44,541583.31,8.96,11.02,1516,82.72,12.07,0.86,4.35,32.00,0.00,13204.76,42455157.44,541583.31,China,2014
Transportation,13392396.19,13686650.83,10.83,2.81,3.02,9.76,10.28,2.24,1.71,217,49.77,50.23,0.00,0.00,25.00,0.00,0.00,11787991.71,1898659.12,2.24,1.71,217,49.77,50.23,0.00,0.00,25.00,0.00,0.00,11787991.71,1898659.12,China,2014
Vegetable,17357424.90,1620148.63,14.03,0.33,3.34,3.07,8.59,2.62,2.01,441,29.25,26.08,0.00,44.67,30.07,0.00,0.00,1243599.00,365886.19,2.62,2.01,441,29.25,26.08,0.00,44.67,30.07,0.00,0.00,1243599.00,365886.19,China,2014
Wood,7016586.41,9613784.11,5.67,1.98,2.13,4.94,1.20,0.73,1.53,486,19.96,79.01,0.00,1.03,18.00,0.00,0.00,4326817.36,5180615.45,0.73,1.53,486,19.96,79.01,0.00,1.03,18.00,0.00,0.00,4326817.36,5180615.45,China,2014
All Products,116071708.83,504028116.96,100.00,100.00,1.00,-7.41,-3.62,3.60,2.89,9481,55.12,36.33,2.15,6.40,350.00,0.00,4275314.40,254122389.96,244300811.02,3.60,2.89,9481,55.12,36.33,2.15,6.40,350.00,0.00,4275314.40,254122389.96,244300811.02,China,2015
Capital goods,33143666.27,230542703.14,28.55,45.74,0.98,-2.05,-1.79,1.51,0.56,1515,46.20,52.74,0.46,0.59,25.00,0.00,62632.34,65237040.57,163806123.81,1.51,0.56,1515,46.20,52.74,0.46,0.59,25.00,0.00,62632.34,65237040.57,163806123.81,China,2015
Consumer goods,20065941.71,226431599.95,17.29,44.92,1.42,-6.50,1.40,4.84,5.44,3344,60.86,26.29,4.19,8.67,350.00,0.00,2592384.66,162450185.50,57707289.49,4.84,5.44,3344,60.86,26.29,4.19,8.67,350.00,0.00,2592384.66,162450185.50,57707289.49,China,2015
Intermediate goods,18742218.33,36755832.71,16.15,7.29,0.88,2.11,4.64,4.05,2.61,3632,59.31,35.88,0.94,3.88,350.00,0.00,337545.03,20261027.62,14971812.26,4.05,2.61,3632,59.31,35.88,0.94,3.88,350.00,0.00,337545.03,20261027.62,14971812.26,China,2015
Raw materials,27725107.21,4693065.19,23.89,0.93,0.95,-16.67,-9.01,1.60,1.28,515,21.55,51.84,1.36,25.24,350.00,0.00,174.92,1772558.97,926830.22,1.60,1.28,515,21.55,51.84,1.36,25.24,350.00,0.00,174.92,1772558.97,926830.22,China,2015
Animal,1913593.37,2497544.93,1.65,0.50,1.31,-7.14,-16.60,0.64,0.14,167,17.37,77.25,1.20,4.19,15.00,0.00,5543.50,236401.03,2261143.89,0.64,0.14,167,17.37,77.25,1.20,4.19,15.00,0.00,5543.50,236401.03,2261143.89,China,2015
Chemicals,9719090.02,14306782.00,8.37,2.84,1.35,-5.25,-0.98,2.92,2.60,1574,69.57,29.61,0.00,0.83,6.50,0.00,0.00,9095487.92,5280338.99,2.92,2.60,1574,69.57,29.61,0.00,0.83,6.50,0.00,0.00,9095487.92,5280338.99,China,2015
Food Products,3182351.34,2902759.40,2.74,0.58,2.03,8.78,7.22,7.63,5.93,622,44.53,20.58,4.02,30.87,350.00,0.00,219993.54,2303685.70,599073.70,7.63,5.93,622,44.53,20.58,4.02,30.87,350.00,0.00,219993.54,2303685.70,599073.70,China,2015
Footwear,92565.74,21882833.04,0.08,4.34,0.42,7.96,11.37,7.61,13.03,197,69.04,17.77,3.05,10.15,48.76,0.00,1333744.46,20224685.01,1658148.03,7.61,13.03,197,69.04,17.77,3.05,10.15,48.76,0.00,1333744.46,20224685.01,1658148.03,China,2015
Fuels,2217885.28,504639.37,1.91,0.10,0.15,-20.82,4.70,0.96,4.24,55,9.09,49.09,32.73,9.09,17.19,0.00,315884.62,318135.72,186503.65,0.96,4.24,55,9.09,49.09,32.73,9.09,17.19,0.00,315884.62,318135.72,186503.65,China,2015
Hides and Skins,1631886.95,9279350.47,1.41,1.84,1.70,-2.11,-4.31,3.85,8.60,205,81.46,18.05,0.00,0.49,20.00,0.00,0.00,9244738.53,34611.94,3.85,8.60,205,81.46,18.05,0.00,0.49,20.00,0.00,0.00,9244738.53,34611.94,China,2015
Mach and Elec,23529086.95,242888053.98,20.27,48.19,0.66,-1.52,-4.20,1.47,0.73,1329,47.63,51.99,0.30,0.08,15.00,0.00,2561.73,76766853.93,166271457.49,1.47,0.73,1329,47.63,51.99,0.30,0.08,15.00,0.00,2561.73,76766853.93,166271457.49,China,2015
Metals,5961490.73,26661032.50,5.14,5.29,0.75,-7.35,-9.64,1.68,2.44,951,41.22,53.73,3.15,1.89,15.00,0.00,866406.14,18235990.85,8425041.65,1.68,2.44,951,41.22,53.73,3.15,1.89,15.00,0.00,866406.14,18235990.85,8425041.65,China,2015
Minerals,1202813.45,541913.96,1.04,0.11,0.21,-16.10,-8.52,0.29,0.14,94,6.38,88.30,0.00,5.32,13.85,0.00,0.00,135174.96,406739.00,0.29,0.14,94,6.38,88.30,0.00,5.32,13.85,0.00,0.00,135174.96,406739.00,China,2015
Miscellaneous,26444788.44,79192398.01,22.78,15.71,1.25,-22.52,-16.61,3.40,1.40,825,43.15,37.82,10.79,8.24,165.79,0.00,905850.09,24860332.94,48725569.69,3.40,1.40,825,43.15,37.82,10.79,8.24,165.79,0.00,905850.09,24860332.94,48725569.69,China,2015
Plastic or Rubber,5613861.43,20245126.69,4.84,4.02,1.06,-7.20,-4.05,3.55,3.93,372,77.42,22.58,0.00,0.00,14.00,0.00,0.00,19934536.56,259268.22,3.55,3.93,372,77.42,22.58,0.00,0.00,14.00,0.00,0.00,19934536.56,259268.22,China,2015
Stone and Glass,1288263.50,10747836.53,1.11,2.13,0.77,42.83,94.59,3.36,5.29,390,63.59,34.62,0.00,1.79,38.00,0.00,0.00,9382632.96,1365203.57,3.36,5.29,390,63.59,34.62,0.00,1.79,38.00,0.00,0.00,9382632.96,1365203.57,China,2015
Textiles and Clothing,1766525.44,44601796.97,1.52,8.85,0.69,-5.18,-11.41,8.91,11.06,1544,80.96,12.69,1.42,4.92,32.00,0.00,62455.93,43951476.74,595250.72,8.91,11.06,1544,80.96,12.69,1.42,4.92,32.00,0.00,62455.93,43951476.74,595250.72,China,2015
Transportation,10959808.37,15658478.28,9.44,3.11,3.40,-10.00,-0.60,2.42,1.64,223,49.78,50.22,0.00,0.00,25.00,0.00,0.00,13368432.98,2290045.30,2.42,1.64,223,49.78,50.22,0.00,0.00,25.00,0.00,0.00,13368432.98,2290045.30,China,2015
Vegetable,14122180.42,1761989.32,12.17,0.35,2.72,-2.47,-8.46,2.65,2.03,448,30.36,25.67,1.56,42.41,29.80,0.00,174.92,1411445.22,336627.03,2.65,2.03,448,30.36,25.67,1.56,42.41,29.80,0.00,174.92,1411445.22,336627.03,China,2015
Wood,6425517.40,10355581.52,5.54,2.05,1.94,-3.68,-4.26,0.73,1.53,485,20.00,78.97,0.21,0.82,18.00,0.00,562699.47,4652378.89,5605788.16,0.73,1.53,485,20.00,78.97,0.21,0.82,18.00,0.00,562699.47,4652378.89,5605788.16,China,2015
All Products,115594770.32,481310448.00,100.00,100.00,1.00,-2.77,-4.67,3.60,2.82,9453,55.21,36.45,2.11,6.23,350.00,0.00,4264860.84,241400402.53,234406259.75,3.60,2.82,9453,55.21,36.45,2.11,6.23,350.00,0.00,4264860.84,241400402.53,234406259.75,China,2016
Capital goods,32770264.77,220523875.99,28.35,45.82,0.93,-2.19,-6.59,1.54,0.57,1510,46.29,52.65,0.46,0.60,25.00,0.00,60526.37,63033518.36,156016007.43,1.54,0.57,1510,46.29,52.65,0.46,0.60,25.00,0.00,60526.37,63033518.36,156016007.43,China,2016
Consumer goods,19674750.79,217507102.76,17.02,45.19,1.53,-0.85,0.90,4.86,5.21,3310,61.18,26.47,4.11,8.25,350.00,0.00,2656493.03,153514699.24,58772953.95,4.86,5.21,3310,61.18,26.47,4.11,8.25,350.00,0.00,2656493.03,153514699.24,58772953.95,China,2016
Intermediate goods,19074927.34,33534767.47,16.50,6.97,0.87,-4.87,-6.88,4.06,2.69,3658,59.19,35.95,0.93,3.94,350.00,0.00,316775.05,18857937.27,13252026.34,4.06,2.69,3658,59.19,35.95,0.93,3.94,350.00,0.00,316775.05,18857937.27,13252026.34,China,2016
Raw materials,28474513.38,4240916.06,24.63,0.88,0.97,-3.59,-4.08,1.60,1.33,509,21.61,52.26,1.18,24.95,350.00,0.00,205.75,1643337.47,837346.08,1.60,1.33,509,21.61,52.26,1.18,24.95,350.00,0.00,205.75,1643337.47,837346.08,China,2016
Animal,2059937.15,2387122.73,1.78,0.50,1.51,11.30,17.04,1.06,0.14,182,18.68,71.98,1.65,7.69,121.70,0.00,6153.72,220020.83,2167101.91,1.06,0.14,182,18.68,71.98,1.65,7.69,121.70,0.00,6153.72,220020.83,2167101.91,China,2016
Chemicals,9625170.88,13571909.46,8.33,2.82,1.42,-1.53,-0.90,2.95,2.58,1590,69.62,29.56,0.00,0.82,6.50,0.00,0.00,8546303.45,5102124.11,2.95,2.58,1590,69.62,29.56,0.00,0.82,6.50,0.00,0.00,8546303.45,5102124.11,China,2016
Food Products,2157707.34,2931708.82,1.87,0.61,1.58,-1.63,-15.08,6.97,5.90,596,44.13,21.48,4.53,29.87,350.00,0.00,218866.60,2300351.80,631357.02,6.97,5.90,596,44.13,21.48,4.53,29.87,350.00,0.00,218866.60,2300351.80,631357.02,China,2016
Footwear,102282.66,19131772.87,0.09,3.97,0.44,4.25,4.93,7.61,12.95,197,69.04,17.77,3.05,10.15,48.47,0.00,1248678.68,17567110.59,1564662.27,7.61,12.95,197,69.04,17.77,3.05,10.15,48.47,0.00,1248678.68,17567110.59,1564662.27,China,2016
Fuels,2570400.44,654973.20,2.22,0.14,0.16,-5.72,-4.90,0.64,4.86,49,6.12,61.22,24.49,8.16,18.29,0.00,462200.58,463908.83,191064.37,0.64,4.86,49,6.12,61.22,24.49,8.16,18.29,0.00,462200.58,463908.83,191064.37,China,2016
Hides and Skins,1303660.87,7922427.09,1.13,1.65,1.64,-9.08,-12.30,3.97,8.73,201,83.08,16.42,0.00,0.50,20.00,0.00,0.00,7891988.22,30438.87,3.97,8.73,201,83.08,16.42,0.00,0.50,20.00,0.00,0.00,7891988.22,30438.87,China,2016
Mach and Elec,21936308.83,231502016.59,18.98,48.10,0.61,-2.30,-8.04,1.47,0.73,1324,47.73,51.89,0.30,0.08,15.00,0.00,8615.83,73270062.88,158474409.51,1.47,0.73,1324,47.73,51.89,0.30,0.08,15.00,0.00,8615.83,73270062.88,158474409.51,China,2016
Metals,5239570.66,24784662.86,4.53,5.15,0.69,-4.84,-10.68,1.68,2.55,948,41.14,54.01,3.06,1.79,15.00,0.00,811499.47,17849198.09,6935464.76,1.68,2.55,948,41.14,54.01,3.06,1.79,15.00,0.00,811499.47,17849198.09,6935464.76,China,2016
Minerals,1186571.53,462577.14,1.03,0.10,0.17,-0.02,-12.00,0.33,0.11,90,6.67,86.67,0.00,6.67,15.44,0.00,0.00,102550.92,360026.22,0.33,0.11,90,6.67,86.67,0.00,6.67,15.44,0.00,0.00,102550.92,360026.22,China,2016
Miscellaneous,11756192.15,79134700.52,10.17,16.44,1.33,-0.22,1.05,3.48,1.41,822,43.19,37.71,10.83,8.27,139.86,0.00,877645.12,24932546.22,48621149.01,3.48,1.41,822,43.19,37.71,10.83,8.27,139.86,0.00,877645.12,24932546.22,48621149.01,China,2016
Plastic or Rubber,5596987.00,19446245.80,4.84,4.04,1.13,-3.13,-1.92,3.52,3.99,371,77.09,22.91,0.00,0.00,14.00,0.00,0.00,19150454.47,231472.11,3.52,3.99,371,77.09,22.91,0.00,0.00,14.00,0.00,0.00,19150454.47,231472.11,China,2016
Stone and Glass,1288496.86,10435968.84,1.11,2.17,0.53,-8.36,-25.41,3.35,5.27,390,63.59,34.62,0.00,1.79,38.00,0.00,0.00,9070814.11,1365154.72,3.35,5.27,390,63.59,34.62,0.00,1.79,38.00,0.00,0.00,9070814.11,1365154.72,China,2016
Textiles and Clothing,1382714.90,41243182.43,1.20,8.57,0.53,-6.38,-19.67,8.92,11.01,1543,80.69,12.90,1.43,4.99,32.00,0.00,56088.24,40610537.86,570848.34,8.92,11.01,1543,80.69,12.90,1.43,4.99,32.00,0.00,56088.24,40610537.86,570848.34,China,2016
Transportation,25736243.63,15657350.63,22.26,3.25,3.30,-0.31,-3.67,2.72,1.67,224,50.00,50.00,0.00,0.00,25.00,0.00,0.00,13526318.88,2131031.75,2.72,1.67,224,50.00,50.00,0.00,0.00,25.00,0.00,0.00,13526318.88,2131031.75,China,2016
Vegetable,16862682.12,1730754.56,14.59,0.36,3.18,-4.87,0.94,2.69,2.12,443,31.15,27.09,1.35,40.41,29.80,0.00,205.75,1409743.44,306365.74,2.69,2.12,443,31.15,27.09,1.35,40.41,29.80,0.00,205.75,1409743.44,306365.74,China,2016
Wood,6789843.31,10313074.48,5.87,2.14,2.04,-0.01,0.36,0.73,1.48,483,20.08,78.88,0.21,0.83,18.00,0.00,574906.84,4488491.93,5723589.03,0.73,1.48,483,20.08,78.88,0.21,0.83,18.00,0.00,574906.84,4488491.93,5723589.03,China,2016
All Products,129797515.35,525764714.47,100.00,100.00,1.00,7.76,6.91,4.07,2.65,9374,54.44,37.23,1.66,6.67,3000.00,0.00,1570655.79,243078969.88,264902694.34,4.07,2.65,9374,54.44,37.23,1.66,6.67,3000.00,0.00,1570655.79,243078969.88,264902694.34,China,2017
Capital goods,34642507.10,251887417.76,26.69,47.91,0.93,5.26,4.38,1.20,0.41,1521,41.49,57.59,0.26,0.66,25.00,0.00,34276.29,66115696.39,177597986.51,1.20,0.41,1521,41.49,57.59,0.26,0.66,25.00,0.00,34276.29,66115696.39,177597986.51,China,2017
Consumer goods,23974500.15,226469653.36,18.47,43.07,1.49,8.89,6.41,6.86,5.25,3353,61.17,26.63,3.37,8.83,3000.00,0.00,1328851.27,151160000.00,66308721.71,6.86,5.25,3353,61.17,26.63,3.37,8.83,3000.00,0.00,1328851.27,151160000.00,66308721.71,China,2017
Intermediate goods,22451130.37,35792219.31,17.30,6.81,0.99,5.22,10.86,3.84,2.46,3550,59.27,35.89,0.70,4.14,175.64,0.00,171858.25,19528866.26,13513829.58,3.84,2.46,3550,59.27,35.89,0.70,4.14,175.64,0.00,171858.25,19528866.26,13513829.58,China,2017
Raw materials,30236943.42,4479284.89,23.30,0.85,0.88,14.39,7.80,1.53,1.28,495,21.21,51.72,0.40,26.67,350.00,0.00,31.96,1792141.97,886845.11,1.53,1.28,495,21.21,51.72,0.40,26.67,350.00,0.00,31.96,1792141.97,886845.11,China,2017
Animal,2411134.73,2483972.45,1.86,0.47,1.56,2.53,3.29,0.84,0.17,164,17.07,73.78,0.00,9.15,36.64,0.00,0.00,274126.47,2082229.05,0.84,0.17,164,17.07,73.78,0.00,9.15,36.64,0.00,0.00,274126.47,2082229.05,China,2017
Chemicals,11129861.44,15713760.82,8.57,2.99,1.37,9.88,6.81,2.62,2.39,1519,69.26,29.89,0.00,0.86,6.06,0.00,0.00,9549138.30,5318490.68,2.62,2.39,1519,69.26,29.89,0.00,0.86,6.06,0.00,0.00,9549138.30,5318490.68,China,2017
Food Products,1475453.05,3264094.62,1.14,0.62,0.96,8.57,-15.78,26.97,33.26,613,44.21,21.04,4.24,30.51,3000.00,0.00,231577.22,2487297.16,665014.13,26.97,33.26,613,44.21,21.04,4.24,30.51,3000.00,0.00,231577.22,2487297.16,665014.13,China,2017
Footwear,121440.23,18765970.55,0.09,3.57,0.35,8.65,-3.73,7.41,12.72,197,69.04,17.77,1.52,11.68,48.33,0.00,22447.41,17218834.56,1551460.42,7.41,12.72,197,69.04,17.77,1.52,11.68,48.33,0.00,22447.41,17218834.56,1551460.42,China,2017
Fuels,8497555.70,674670.46,6.55,0.13,0.35,18.91,74.13,0.19,0.04,31,0.00,83.87,6.45,9.68,19.31,0.00,31.96,513271.49,167281.86,0.19,0.04,31,0.00,83.87,6.45,9.68,19.31,0.00,31.96,513271.49,167281.86,China,2017
Hides and Skins,1268120.04,7819571.59,0.98,1.49,1.58,1.80,-1.08,3.91,10.01,198,84.34,15.15,0.00,0.51,20.00,0.00,0.00,7794278.22,30536.80,3.91,10.01,198,84.34,15.15,0.00,0.51,20.00,0.00,0.00,7794278.22,30536.80,China,2017
Mach and Elec,22964757.84,261820918.28,17.69,49.80,0.62,5.98,5.95,1.21,0.53,1333,43.59,56.34,0.00,0.08,15.00,0.00,0.00,72927599.03,183079103.51,1.21,0.53,1333,43.59,56.34,0.00,0.08,15.00,0.00,0.00,72927599.03,183079103.51,China,2017
Metals,6033171.73,27048003.44,4.65,5.14,0.68,10.01,9.10,1.60,2.35,916,42.47,52.51,2.62,2.40,15.00,0.00,743018.51,19567582.58,7487127.04,1.60,2.35,916,42.47,52.51,2.62,2.40,15.00,0.00,743018.51,19567582.58,7487127.04,China,2017
Minerals,1432890.61,562953.38,1.10,0.11,0.16,15.75,12.25,0.31,0.11,97,6.19,87.63,0.00,6.19,18.64,0.00,0.00,127986.34,410321.82,0.31,0.11,97,6.19,87.63,0.00,6.19,18.64,0.00,0.00,127986.34,410321.82,China,2017
Miscellaneous,12682861.26,85417003.89,9.77,16.25,1.37,2.51,3.21,3.20,1.18,827,37.12,44.14,9.79,8.95,175.64,0.00,558846.37,25569985.11,53248100.07,3.20,1.18,827,37.12,44.14,9.79,8.95,175.64,0.00,558846.37,25569985.11,53248100.07,China,2017
Plastic or Rubber,6410593.82,21354816.78,4.94,4.06,1.11,8.31,6.73,3.28,3.75,364,77.75,22.25,0.00,0.00,14.00,0.00,0.00,20040609.15,181817.64,3.28,3.75,364,77.75,22.25,0.00,0.00,14.00,0.00,0.00,20040609.15,181817.64,China,2017
Stone and Glass,1989775.97,10898037.12,1.53,2.07,1.04,-7.83,28.12,3.06,4.63,379,63.59,34.56,0.00,1.85,38.00,0.00,0.00,8668391.10,1699974.41,3.06,4.63,379,63.59,34.56,0.00,1.85,38.00,0.00,0.00,8668391.10,1699974.41,China,2017
Textiles and Clothing,1809243.26,40849010.19,1.39,7.77,0.71,4.70,20.00,8.59,10.61,1610,81.37,12.42,1.12,5.09,32.00,0.00,14049.19,40169356.87,567450.37,8.59,10.61,1610,81.37,12.42,1.12,5.09,32.00,0.00,14049.19,40169356.87,567450.37,China,2017
Transportation,29192878.18,16808524.64,22.49,3.20,3.25,4.98,3.38,2.21,1.45,219,50.23,49.77,0.00,0.00,25.00,0.00,0.00,14452592.87,2166080.73,2.21,1.45,219,50.23,49.77,0.00,0.00,25.00,0.00,0.00,14452592.87,2166080.73,China,2017
Vegetable,14884010.52,1643410.98,11.47,0.31,2.88,6.82,0.90,2.55,2.18,452,30.97,27.21,0.44,41.37,29.00,0.00,685.13,1388577.03,265948.20,2.55,2.18,452,30.97,27.21,0.44,41.37,29.00,0.00,685.13,1388577.03,265948.20,China,2017
Wood,7493766.96,10639995.30,5.77,2.02,2.00,9.80,7.83,0.62,0.75,455,18.02,81.10,0.00,0.88,18.00,0.00,0.00,2329343.62,5981757.61,0.62,0.75,455,18.02,81.10,0.00,0.88,18.00,0.00,0.00,2329343.62,5981757.61,China,2017
All Products,120147865.72,563203119.54,100.00,100.00,1.00,7.57,0.51,4.23,2.77,9449,54.22,37.40,1.64,6.74,3000.00,0.00,1790572.04,267012828.98,275880105.15,4.23,2.77,9449,54.22,37.40,1.64,6.74,3000.00,0.00,1790572.04,267012828.98,275880105.15,China,2018
Capital goods,37607898.83,266561599.15,31.30,47.33,1.06,6.92,6.41,1.32,0.48,1519,41.34,57.74,0.26,0.66,25.00,0.00,35945.61,74119644.30,182863826.58,1.32,0.48,1519,41.34,57.74,0.26,0.66,25.00,0.00,35945.61,74119644.30,182863826.58,China,2018
Consumer goods,20624530.56,243324826.86,17.17,43.20,1.44,7.90,-0.95,7.10,5.40,3379,60.91,26.69,3.37,9.03,3000.00,0.00,1513563.91,163436687.97,69518339.30,7.10,5.40,3379,60.91,26.69,3.37,9.03,3000.00,0.00,1513563.91,163436687.97,69518339.30,China,2018
Intermediate goods,23269307.52,40923296.13,19.37,7.27,1.03,6.55,1.88,4.03,2.66,3573,59.14,36.19,0.70,3.97,132.52,0.00,193357.09,22120771.68,14915238.41,4.03,2.66,3573,59.14,36.19,0.70,3.97,132.52,0.00,193357.09,22120771.68,14915238.41,China,2018
Raw materials,18517299.18,4959611.36,15.41,0.88,0.67,9.78,-10.45,1.53,1.34,532,21.62,51.32,0.00,27.07,350.00,0.00,0.00,1948249.09,999616.36,1.53,1.34,532,21.62,51.32,0.00,27.07,350.00,0.00,0.00,1948249.09,999616.36,China,2018
Animal,2041927.04,2589619.37,1.70,0.46,1.04,11.14,-15.32,0.85,0.18,177,16.38,66.67,2.26,14.69,106.76,0.00,3.52,322455.72,2120472.71,0.85,0.18,177,16.38,66.67,2.26,14.69,106.76,0.00,3.52,322455.72,2120472.71,China,2018
Chemicals,12260902.89,18970569.99,10.20,3.37,1.54,8.40,7.37,2.87,2.77,1535,69.06,30.10,0.00,0.85,6.50,0.00,0.00,11754996.69,5843936.62,2.87,2.77,1535,69.06,30.10,0.00,0.85,6.50,0.00,0.00,11754996.69,5843936.62,China,2018
Food Products,1599625.23,3704377.85,1.33,0.66,1.23,9.12,15.13,27.15,31.16,606,44.22,21.95,4.13,29.70,3000.00,0.00,321466.86,2832963.40,755835.30,27.15,31.16,606,44.22,21.95,4.13,29.70,3000.00,0.00,321466.86,2832963.40,755835.30,China,2018
Footwear,166715.60,18900913.91,0.14,3.36,0.48,12.63,23.07,7.62,12.93,197,69.04,17.77,1.52,11.68,49.14,0.00,21057.20,17277575.90,1623338.02,7.62,12.93,197,69.04,17.77,1.52,11.68,49.14,0.00,21057.20,17277575.90,1623338.02,China,2018
Fuels,8450679.01,766465.02,7.03,0.14,0.41,17.94,20.30,0.19,0.01,29,0.00,89.66,0.00,10.34,18.93,0.00,0.00,525158.44,241306.58,0.19,0.01,29,0.00,89.66,0.00,10.34,18.93,0.00,0.00,525158.44,241306.58,China,2018
Hides and Skins,910148.10,7913018.77,0.76,1.41,1.46,-2.07,-11.86,4.13,10.63,211,83.41,16.11,0.00,0.47,20.00,0.00,0.00,7884468.48,28550.29,4.13,10.63,211,83.41,16.11,0.00,0.47,20.00,0.00,0.00,7884468.48,28550.29,China,2018
Mach and Elec,24038140.97,275046547.67,20.01,48.84,0.67,7.11,4.65,1.38,0.62,1337,43.46,56.47,0.00,0.07,15.00,0.00,0.00,81503347.94,187207096.25,1.38,0.62,1337,43.46,56.47,0.00,0.07,15.00,0.00,0.00,81503347.94,187207096.25,China,2018
Metals,4820483.80,29896194.21,4.01,5.31,0.73,5.58,2.12,1.73,2.57,940,41.60,53.51,2.45,2.45,15.00,0.00,932319.82,21593247.05,8302947.16,1.73,2.57,940,41.60,53.51,2.45,2.45,15.00,0.00,932319.82,21593247.05,8302947.16,China,2018
Minerals,1090122.65,678217.45,0.91,0.12,0.14,4.08,-11.14,0.31,0.08,93,6.45,87.10,0.00,6.45,31.88,0.00,0.00,102242.07,544504.88,0.31,0.08,93,6.45,87.10,0.00,6.45,31.88,0.00,0.00,102242.07,544504.88,China,2018
Miscellaneous,14619921.02,91648624.33,12.17,16.27,1.69,3.76,7.82,3.24,1.31,827,37.00,44.26,9.79,8.95,132.52,0.00,498215.51,27194502.61,56958657.22,3.24,1.31,827,37.00,44.26,9.79,8.95,132.52,0.00,498215.51,27194502.61,56958657.22,China,2018
Plastic or Rubber,6462543.73,25057709.34,5.38,4.45,1.23,2.32,0.64,3.56,4.05,363,77.69,22.31,0.00,0.00,14.00,0.00,0.00,23502230.36,199465.93,3.56,4.05,363,77.69,22.31,0.00,0.00,14.00,0.00,0.00,23502230.36,199465.93,China,2018
Stone and Glass,2489186.20,12134697.60,2.07,2.15,0.90,8.73,-5.56,3.27,4.91,381,63.52,34.65,0.00,1.84,38.00,0.00,0.00,9559810.37,2025700.40,3.27,4.91,381,63.52,34.65,0.00,1.84,38.00,0.00,0.00,9559810.37,2025700.40,China,2018
Textiles and Clothing,1714732.04,42479673.90,1.43,7.54,0.76,4.77,1.30,8.91,10.92,1626,80.87,12.79,1.05,5.29,32.00,0.00,17173.37,41639683.35,677438.89,8.91,10.92,1626,80.87,12.79,1.05,5.29,32.00,0.00,17173.37,41639683.35,677438.89,China,2018
Transportation,27663291.74,20271284.24,23.02,3.60,3.47,3.50,-0.08,2.28,1.68,214,50.00,50.00,0.00,0.00,25.00,0.00,0.00,17052423.53,2577598.66,2.28,1.68,214,50.00,50.00,0.00,0.00,25.00,0.00,0.00,17052423.53,2577598.66,China,2018
Vegetable,4996324.20,1745615.77,4.16,0.31,1.82,0.94,-25.03,2.56,2.25,459,30.94,27.23,0.44,41.39,29.80,0.00,335.75,1493240.72,266183.01,2.56,2.25,459,30.94,27.23,0.44,41.39,29.80,0.00,335.75,1493240.72,266183.01,China,2018
Wood,6823121.50,11399590.10,5.68,2.02,1.89,5.26,-4.20,0.67,0.90,454,18.06,81.06,0.00,0.88,18.00,0.00,0.00,2774482.36,6507073.23,0.67,0.90,454,18.06,81.06,0.00,0.88,18.00,0.00,0.00,2774482.36,6507073.23,China,2018
All Products,106626645.08,472464913.74,100.00,100.00,1.00,-1.28,-10.92,3.60,2.79,9363,54.37,37.43,1.38,6.81,398.30,0.00,2948185.59,230650895.19,221077031.05,3.60,2.79,9363,54.37,37.43,1.38,6.81,398.30,0.00,2948185.59,230650895.19,221077031.05,China,2019
Capital goods,37001937.85,216705580.46,34.70,45.87,1.16,-3.26,-8.44,1.30,0.45,1513,41.24,57.83,0.59,0.33,25.00,0.00,34165.04,61101191.02,145215853.43,1.30,0.45,1513,41.24,57.83,0.59,0.33,25.00,0.00,34165.04,61101191.02,145215853.43,China,2019
Consumer goods,19480407.28,211736915.16,18.27,44.82,1.47,1.95,-7.03,4.96,5.19,3349,61.21,26.90,2.33,9.56,350.00,0.00,1589893.72,146407424.24,58046988.90,4.96,5.19,3349,61.21,26.90,2.33,9.56,350.00,0.00,1589893.72,146407424.24,58046988.90,China,2019
Intermediate goods,19988205.19,31568273.96,18.75,6.68,1.01,-4.76,-14.81,4.00,2.83,3539,59.00,36.17,0.82,4.01,398.30,0.00,337016.84,16719171.91,11794000.56,4.00,2.83,3539,59.00,36.17,0.82,4.01,398.30,0.00,337016.84,16719171.91,11794000.56,China,2019
Raw materials,18539661.18,3861917.31,17.39,0.82,0.53,2.76,-17.81,1.82,1.44,519,21.77,51.83,1.16,25.24,350.00,0.00,59.06,1580374.54,701077.95,1.82,1.44,519,21.77,51.83,1.16,25.24,350.00,0.00,59.06,1580374.54,701077.95,China,2019
Animal,2526257.07,1867857.20,2.37,0.40,0.85,20.17,-1.59,1.04,0.14,153,19.61,73.20,0.65,6.54,84.07,0.00,5535.30,203775.48,1563717.35,1.04,0.14,153,19.61,73.20,0.65,6.54,84.07,0.00,5535.30,203775.48,1563717.35,China,2019
Chemicals,13088114.80,15286738.18,12.27,3.24,1.75,-0.15,-3.85,2.89,2.76,1516,69.26,29.88,0.00,0.86,6.50,0.00,0.00,9388004.79,4753315.02,2.89,2.76,1516,69.26,29.88,0.00,0.86,6.50,0.00,0.00,9388004.79,4753315.02,China,2019
Food Products,1183717.10,2384565.89,1.11,0.50,1.16,2.05,-10.53,7.31,6.23,607,43.49,22.90,1.48,32.13,350.00,0.00,253184.32,1930440.02,400476.45,7.31,6.23,607,43.49,22.90,1.48,32.13,350.00,0.00,253184.32,1930440.02,400476.45,China,2019
Footwear,283665.45,18249839.20,0.27,3.86,0.72,10.20,22.19,7.62,12.88,197,69.04,17.77,3.05,10.15,49.23,0.00,1076328.86,16493271.60,1756567.60,7.62,12.88,197,69.04,17.77,3.05,10.15,49.23,0.00,1076328.86,16493271.60,1756567.60,China,2019
Fuels,3765817.36,298981.00,3.53,0.06,0.20,0.13,-37.48,0.16,0.01,32,0.00,90.63,0.00,9.38,18.53,0.00,0.00,165041.64,133939.36,0.16,0.01,32,0.00,90.63,0.00,9.38,18.53,0.00,0.00,165041.64,133939.36,China,2019
Hides and Skins,609925.24,5337046.40,0.57,1.13,1.29,-2.58,-17.42,4.16,10.71,204,83.82,15.69,0.00,0.49,20.00,0.00,0.00,5326205.56,10840.84,4.16,10.71,204,83.82,15.69,0.00,0.49,20.00,0.00,0.00,5326205.56,10840.84,China,2019
Mach and Elec,24161491.63,222987746.97,22.66,47.20,0.88,-2.50,0.45,1.36,0.64,1329,43.49,56.43,0.00,0.08,15.00,0.00,0.00,69339498.69,146549024.04,1.36,0.64,1329,43.49,56.43,0.00,0.08,15.00,0.00,0.00,69339498.69,146549024.04,China,2019
Metals,3029391.28,25711061.09,2.84,5.44,0.75,-4.86,-13.27,1.75,2.62,928,42.03,52.80,3.34,1.83,15.00,0.00,1160803.03,19051397.67,6659663.43,1.75,2.62,928,42.03,52.80,3.34,1.83,15.00,0.00,1160803.03,19051397.67,6659663.43,China,2019
Minerals,441893.80,533481.72,0.41,0.11,0.05,9.68,-39.08,0.30,0.09,87,6.90,89.66,0.00,3.45,33.84,0.00,0.00,68826.03,430528.04,0.30,0.09,87,6.90,89.66,0.00,3.45,33.84,0.00,0.00,68826.03,430528.04,China,2019
Miscellaneous,14603779.80,81651949.34,13.70,17.28,1.97,-0.80,-3.41,3.45,1.49,823,37.30,44.11,6.68,11.91,398.30,0.00,436950.47,23662348.21,49112137.54,3.45,1.49,823,37.30,44.11,6.68,11.91,398.30,0.00,436950.47,23662348.21,49112137.54,China,2019
Plastic or Rubber,5540446.31,22263268.33,5.20,4.71,1.36,-2.68,-7.55,3.59,4.14,362,78.18,21.82,0.00,0.00,14.00,0.00,0.00,21199034.57,121341.32,3.59,4.14,362,78.18,21.82,0.00,0.00,14.00,0.00,0.00,21199034.57,121341.32,China,2019
Stone and Glass,1958445.09,9642998.15,1.84,2.04,0.50,-10.57,-39.65,3.23,5.51,380,63.16,35.00,0.00,1.84,38.00,0.00,0.00,8350242.52,979412.50,3.23,5.51,380,63.16,35.00,0.00,1.84,38.00,0.00,0.00,8350242.52,979412.50,China,2019
Textiles and Clothing,1344187.59,39069923.58,1.26,8.27,0.71,-2.91,-14.86,8.86,10.94,1623,80.53,12.94,1.29,5.24,32.00,0.00,15324.55,38442289.97,494988.42,8.86,10.94,1623,80.53,12.94,1.29,5.24,32.00,0.00,15324.55,38442289.97,494988.42,China,2019
Transportation,19648398.14,16319791.79,18.43,3.45,3.08,-7.94,-21.77,2.22,1.61,216,49.54,50.46,0.00,0.00,25.00,0.00,0.00,13777319.78,2047899.02,2.22,1.61,216,49.54,50.46,0.00,0.00,25.00,0.00,0.00,13777319.78,2047899.02,China,2019
Vegetable,9725016.15,1440900.04,9.12,0.30,2.01,0.08,-5.13,2.70,2.15,450,31.33,27.11,1.33,40.22,29.80,0.00,59.06,1246602.99,202562.34,2.70,2.15,450,31.33,27.11,1.33,40.22,29.80,0.00,59.06,1246602.99,202562.34,China,2019
Wood,4716098.27,9418764.85,4.42,1.99,1.78,-7.76,-19.30,0.64,0.75,456,17.76,81.36,0.00,0.88,18.00,0.00,0.00,2006595.68,5860617.77,0.64,0.75,456,17.76,81.36,0.00,0.88,18.00,0.00,0.00,2006595.68,5860617.77,China,2019
All Products,124648507.63,457164215.51,100.00,100.00,1.00,-0.23,4.95,3.54,2.44,9305,53.39,38.40,2.10,6.11,350.00,0.00,2698893.29,202226446.21,232091183.84,3.54,2.44,9305,53.39,38.40,2.10,6.11,350.00,0.00,2698893.29,202226446.21,232091183.84,China,2020
Capital goods,40443094.90,212329522.28,32.45,46.44,0.93,2.78,-3.28,1.25,0.37,1499,35.96,63.18,0.60,0.27,25.00,0.00,33470.82,38065656.93,163606124.89,1.25,0.37,1499,35.96,63.18,0.60,0.27,25.00,0.00,33470.82,38065656.93,163606124.89,China,2020
Consumer goods,21244970.14,202393688.82,17.04,44.27,1.50,-1.18,5.16,4.81,4.56,3338,60.99,27.23,3.89,7.88,131.80,0.00,1622998.44,143099992.27,51222220.99,4.81,4.56,3338,60.99,27.23,3.89,7.88,131.80,0.00,1622998.44,143099992.27,51222220.99,China,2020
Intermediate goods,22600731.28,29486204.38,18.13,6.45,0.98,-1.21,2.32,3.96,3.03,3515,58.78,36.42,0.97,3.84,162.84,0.00,311670.31,15326049.37,10138364.60,3.96,3.03,3515,58.78,36.42,0.97,3.84,162.84,0.00,311670.31,15326049.37,10138364.60,China,2020
Raw materials,34748492.59,3150231.81,27.88,0.69,0.86,-3.09,30.27,1.84,1.58,508,22.44,50.20,1.77,25.59,350.00,0.00,686.02,1310179.40,414789.40,1.84,1.58,508,22.44,50.20,1.77,25.59,350.00,0.00,686.02,1310179.40,414789.40,China,2020
Animal,4453112.88,1597544.32,3.57,0.35,1.34,11.20,46.36,1.01,0.13,151,19.21,72.85,0.66,7.28,81.53,0.00,6437.24,142136.98,1385167.86,1.01,0.13,151,19.21,72.85,0.66,7.28,81.53,0.00,6437.24,142136.98,1385167.86,China,2020
Chemicals,14050299.96,16929002.21,11.27,3.70,1.83,-1.51,6.06,2.88,2.61,1499,68.71,30.42,0.07,0.80,6.50,0.00,67126.82,9133094.98,5579475.00,2.88,2.61,1499,68.71,30.42,0.07,0.80,6.50,0.00,67126.82,9133094.98,5579475.00,China,2020
Food Products,1291470.72,2494498.23,1.04,0.55,1.13,1.37,5.03,6.92,6.48,589,44.99,22.07,3.06,29.88,350.00,0.00,359954.85,1989031.03,459931.38,6.92,6.48,589,44.99,22.07,3.06,29.88,350.00,0.00,359954.85,1989031.03,459931.38,China,2020
Footwear,189266.60,12547617.63,0.15,2.74,0.37,3.11,-22.25,7.63,12.68,197,69.04,17.77,3.05,10.15,50.26,0.00,783212.36,11171372.79,1376244.84,7.63,12.68,197,69.04,17.77,3.05,10.15,50.26,0.00,783212.36,11171372.79,1376244.84,China,2020
Fuels,9894712.51,106313.18,7.94,0.02,0.56,-11.33,55.93,0.21,0.01,28,0.00,89.29,0.00,10.71,19.69,0.00,0.00,27107.12,79206.06,0.21,0.01,28,0.00,89.29,0.00,10.71,19.69,0.00,0.00,27107.12,79206.06,China,2020
Hides and Skins,537823.74,3035203.60,0.43,0.66,1.04,-3.40,-8.74,4.49,10.31,197,86.29,13.20,0.00,0.51,20.00,0.00,0.00,3025849.44,9354.15,4.49,10.31,197,86.29,13.20,0.00,0.51,20.00,0.00,0.00,3025849.44,9354.15,China,2020
Mach and Elec,26701093.33,214486745.37,21.42,46.92,0.74,3.59,0.05,1.32,0.57,1313,38.77,61.16,0.00,0.08,12.50,0.00,0.00,47254779.28,160324239.73,1.32,0.57,1313,38.77,61.16,0.00,0.08,12.50,0.00,0.00,47254779.28,160324239.73,China,2020
Metals,2937304.42,24577671.35,2.36,5.38,0.48,10.92,-7.05,1.71,2.54,925,41.41,53.62,2.81,2.16,15.00,0.00,1106695.14,18238746.33,6338925.01,1.71,2.54,925,41.41,53.62,2.81,2.16,15.00,0.00,1106695.14,18238746.33,6338925.01,China,2020
Minerals,897221.87,244624.36,0.72,0.05,0.10,5.89,51.83,0.20,0.09,87,6.90,88.51,3.45,1.15,3.00,0.00,502.89,30260.84,200724.98,0.20,0.09,87,6.90,88.51,3.45,1.15,3.00,0.00,502.89,30260.84,200724.98,China,2020
Miscellaneous,15303754.43,80558057.35,12.28,17.62,1.75,-0.53,-1.56,2.70,1.45,824,34.10,47.45,13.47,4.98,162.84,0.00,343173.79,21895585.68,48480831.79,2.70,1.45,824,34.10,47.45,13.47,4.98,162.84,0.00,343173.79,21895585.68,48480831.79,China,2020
Plastic or Rubber,5953976.31,24975546.79,4.78,5.46,1.26,0.15,1.33,3.60,4.09,361,77.84,22.16,0.00,0.00,14.00,0.00,0.00,23944697.61,115828.72,3.60,4.09,361,77.84,22.16,0.00,0.00,14.00,0.00,0.00,23944697.61,115828.72,China,2020
Stone and Glass,3666852.67,6982618.38,2.94,1.53,0.72,-22.44,-2.42,3.22,5.74,384,62.76,35.42,0.00,1.82,38.00,0.00,0.00,6404156.56,585456.78,3.22,5.74,384,62.76,35.42,0.00,1.82,38.00,0.00,0.00,6404156.56,585456.78,China,2020
Textiles and Clothing,2461338.56,44917277.51,1.97,9.83,1.16,-4.54,27.74,8.93,8.06,1609,80.80,12.87,1.37,4.97,32.00,0.00,31602.77,43971443.06,813063.20,8.93,8.06,1609,80.80,12.87,1.37,4.97,32.00,0.00,31602.77,43971443.06,813063.20,China,2020
Transportation,12620578.60,14505808.55,10.12,3.17,2.39,-5.71,-12.55,2.18,1.79,220,49.55,50.45,0.00,0.00,25.00,0.00,0.00,12092875.57,1504276.01,2.18,1.79,220,49.55,50.45,0.00,0.00,25.00,0.00,0.00,12092875.57,1504276.01,China,2020
Vegetable,19030507.13,1420404.29,15.27,0.31,2.68,7.95,31.02,2.77,2.23,468,30.77,26.71,1.50,41.03,29.80,0.00,187.44,1250719.33,178194.71,2.77,2.23,468,30.77,26.71,1.50,41.03,29.80,0.00,187.44,1250719.33,178194.71,China,2020
Wood,4659193.89,7785282.39,3.74,1.70,1.59,-2.38,-2.88,0.67,0.80,453,18.54,80.57,0.00,0.88,18.00,0.00,0.00,1654589.61,4660263.60,0.67,0.80,453,18.54,80.57,0.00,0.88,18.00,0.00,0.00,1654589.61,4660263.60,China,2020
All Products,151065177.39,541531352.24,100.00,100.00,1.00,13.78,14.82,3.61,2.53,9343,53.42,38.23,1.41,6.94,350.00,0.00,3244847.80,239305498.83,275075938.63,3.61,2.53,9343,53.42,38.23,1.41,6.94,350.00,0.00,3244847.80,239305498.83,275075938.63,China,2021
Capital goods,46558101.89,249163224.47,30.82,46.01,0.84,9.62,4.82,1.27,0.40,1508,36.27,62.86,0.60,0.27,25.00,0.00,42750.60,47149556.91,186862933.81,1.27,0.40,1508,36.27,62.86,0.60,0.27,25.00,0.00,42750.60,47149556.91,186862933.81,China,2021
Consumer goods,27119897.32,240040308.20,17.95,44.33,1.76,12.38,22.91,4.93,4.74,3397,60.85,26.88,2.33,9.95,145.53,0.00,1734384.00,162692023.47,64329002.59,4.93,4.74,3397,60.85,26.88,2.33,9.95,145.53,0.00,1734384.00,162692023.47,64329002.59,China,2021
Intermediate goods,28300782.91,38669389.63,18.73,7.14,0.89,15.15,10.26,4.03,2.94,3506,58.70,36.51,0.88,3.91,182.34,0.00,545144.52,20469283.60,12505508.06,4.03,2.94,3506,58.70,36.51,0.88,3.91,182.34,0.00,545144.52,20469283.60,12505508.06,China,2021
Raw materials,43031697.73,3704537.65,28.49,0.68,0.94,19.93,26.90,1.84,1.45,490,22.04,50.61,1.22,26.12,350.00,0.00,223.00,1636215.53,644766.14,1.84,1.45,490,22.04,50.61,1.22,26.12,350.00,0.00,223.00,1636215.53,644766.14,China,2021
Animal,5566717.48,1685294.30,3.69,0.31,1.58,5.06,15.40,1.30,0.15,203,31.53,54.68,0.49,13.30,78.42,0.00,4087.43,185646.45,1387182.20,1.30,0.15,203,31.53,54.68,0.49,13.30,78.42,0.00,4087.43,185646.45,1387182.20,China,2021
Chemicals,17485710.41,21462865.95,11.57,3.96,1.74,12.08,10.38,2.85,2.77,1509,68.65,30.48,0.07,0.80,6.50,0.00,71647.42,12200958.35,6015101.18,2.85,2.77,1509,68.65,30.48,0.07,0.80,6.50,0.00,71647.42,12200958.35,6015101.18,China,2021
Food Products,2016866.35,2728506.28,1.34,0.50,1.30,8.50,17.59,6.99,6.55,591,43.82,22.17,1.52,32.49,350.00,0.00,381677.25,2231387.08,431942.34,6.99,6.55,591,43.82,22.17,1.52,32.49,350.00,0.00,381677.25,2231387.08,431942.34,China,2021
Footwear,142190.68,17142862.18,0.09,3.17,0.23,8.96,-12.78,7.61,12.64,197,69.04,17.77,3.05,10.15,49.57,0.00,1001026.79,15098273.09,2044589.09,7.61,12.64,197,69.04,17.77,3.05,10.15,49.57,0.00,1001026.79,15098273.09,2044589.09,China,2021
Fuels,15397138.05,160880.61,10.19,0.03,0.79,21.71,46.15,0.19,0.02,30,0.00,90.00,0.00,10.00,19.53,0.00,0.00,4084.98,156795.64,0.19,0.02,30,0.00,90.00,0.00,10.00,19.53,0.00,0.00,4084.98,156795.64,China,2021
Hides and Skins,803589.38,3933353.40,0.53,0.73,0.97,20.33,17.20,4.58,10.36,186,86.56,12.90,0.00,0.54,20.00,0.00,0.00,3919573.80,13779.60,4.58,10.36,186,86.56,12.90,0.00,0.54,20.00,0.00,0.00,3919573.80,13779.60,China,2021
Mach and Elec,30511680.30,250340903.45,20.20,46.23,0.65,9.77,4.12,1.34,0.62,1320,39.17,60.76,0.00,0.08,15.00,0.00,0.00,58710602.35,182784671.65,1.34,0.62,1320,39.17,60.76,0.00,0.08,15.00,0.00,0.00,58710602.35,182784671.65,China,2021
Metals,3961091.69,31852853.96,2.62,5.88,0.50,14.31,18.05,1.70,2.45,934,41.54,53.43,3.10,1.93,15.00,0.00,1316604.51,23518448.30,8334405.66,1.70,2.45,934,41.54,53.43,3.10,1.93,15.00,0.00,1316604.51,23518448.30,8334405.66,China,2021
Minerals,1539622.61,421328.23,1.02,0.08,0.15,20.41,53.63,0.40,0.09,92,8.70,85.87,0.00,5.43,35.47,0.00,0.00,60223.65,358925.12,0.40,0.09,92,8.70,85.87,0.00,5.43,35.47,0.00,0.00,60223.65,358925.12,China,2021
Miscellaneous,18214984.10,102027994.15,12.06,18.84,1.75,8.43,9.41,3.79,1.44,825,33.94,47.27,6.67,12.12,182.34,0.00,430120.91,27859793.09,63849951.30,3.79,1.44,825,33.94,47.27,6.67,12.12,182.34,0.00,430120.91,27859793.09,63849951.30,China,2021
Plastic or Rubber,6850558.46,32878060.20,4.53,6.07,1.20,7.73,5.90,3.60,4.19,361,77.84,22.16,0.00,0.00,14.00,0.00,0.00,31139671.15,178143.32,3.60,4.19,361,77.84,22.16,0.00,0.00,14.00,0.00,0.00,31139671.15,178143.32,China,2021
Stone and Glass,4529696.07,9588944.15,3.00,1.77,0.43,45.18,13.33,3.22,5.82,377,63.13,35.01,0.00,1.86,38.00,0.00,0.00,8811541.15,777269.23,3.22,5.82,377,63.13,35.01,0.00,1.86,38.00,0.00,0.00,8811541.15,777269.23,China,2021
Textiles and Clothing,2049997.46,37466548.82,1.36,6.92,0.93,9.86,-0.81,8.91,10.34,1612,80.33,12.90,1.55,5.21,32.00,0.00,39460.49,36544488.67,764325.68,8.91,10.34,1612,80.33,12.90,1.55,5.21,32.00,0.00,39460.49,36544488.67,764325.68,China,2021
Transportation,13283475.95,18707756.16,8.79,3.45,2.36,8.28,8.54,2.14,1.83,219,48.86,51.14,0.00,0.00,25.00,0.00,0.00,15551009.12,2154595.67,2.14,1.83,219,48.86,51.14,0.00,0.00,25.00,0.00,0.00,15551009.12,2154595.67,China,2021
Vegetable,23998845.94,1595849.92,15.89,0.29,3.35,19.98,35.53,2.71,2.15,436,31.42,27.29,1.38,39.91,29.80,0.00,223.00,1394717.42,208212.95,2.71,2.15,436,31.42,27.29,1.38,39.91,29.80,0.00,223.00,1394717.42,208212.95,China,2021
Wood,4713012.49,9537350.47,3.12,1.76,1.36,8.93,1.54,0.67,0.84,451,18.63,80.49,0.00,0.89,18.00,0.00,0.00,2075080.19,5616047.99,0.67,0.84,451,18.63,80.49,0.00,0.89,18.00,0.00,0.00,2075080.19,5616047.99,China,2021
All Products,153837022.41,575688091.17,100.00,100.00,1.00,0.68,-0.22,3.61,2.86,9270,54.75,38.12,0.01,7.12,350.00,0.00,56900.61,243669575.16,227970641.15,3.61,2.86,9270,54.75,38.12,0.01,7.12,350.00,0.00,56900.61,243669575.16,227970641.15,China,2022
Capital goods,41446947.54,259797138.45,26.94,45.13,0.87,-4.12,-2.85,1.29,0.57,1503,37.59,62.14,0.00,0.27,25.00,0.00,0.00,52016106.63,130251757.91,1.29,0.57,1503,37.59,62.14,0.00,0.27,25.00,0.00,0.00,52016106.63,130251757.91,China,2022
Consumer goods,24879931.41,254514935.44,16.17,44.21,1.62,1.24,-3.78,5.00,4.79,3266,62.46,27.31,0.03,10.20,350.00,0.00,56900.61,153065188.04,72510797.56,5.00,4.79,3266,62.46,27.31,0.03,10.20,350.00,0.00,56900.61,153065188.04,72510797.56,China,2022
Intermediate goods,32393718.08,46811432.03,21.06,8.13,0.93,2.27,3.78,3.93,3.04,3544,59.99,35.89,0.00,4.12,118.41,0.00,0.00,23887476.91,11848029.80,3.93,3.04,3544,59.99,35.89,0.00,4.12,118.41,0.00,0.00,23887476.91,11848029.80,China,2022
Raw materials,47917465.94,4568797.01,31.15,0.79,0.92,5.77,3.30,1.79,1.51,505,23.56,50.89,0.00,25.54,350.00,0.00,0.00,1823959.11,928757.48,1.79,1.51,505,23.56,50.89,0.00,25.54,350.00,0.00,0.00,1823959.11,928757.48,China,2022
Animal,6218283.77,2000442.90,4.04,0.35,1.58,4.04,3.10,0.75,0.13,140,17.86,73.57,0.00,8.57,24.55,0.00,0.00,191324.52,1680651.47,0.75,0.13,140,17.86,73.57,0.00,8.57,24.55,0.00,0.00,191324.52,1680651.47,China,2022
Chemicals,20401660.32,32560306.39,13.26,5.66,1.80,0.44,1.22,2.90,2.28,1523,69.01,30.14,0.07,0.79,8.20,0.00,56900.61,15203393.68,12437572.27,2.90,2.28,1523,69.01,30.14,0.07,0.79,8.20,0.00,56900.61,15203393.68,12437572.27,China,2022
Food Products,2049167.55,3309338.94,1.33,0.57,1.25,1.60,-1.01,7.10,7.50,643,45.88,20.53,0.00,33.59,350.00,0.00,0.00,2776492.11,503119.19,7.10,7.50,643,45.88,20.53,0.00,33.59,350.00,0.00,0.00,2776492.11,503119.19,China,2022
Footwear,86884.74,20318934.51,0.06,3.53,0.27,-1.36,4.58,7.77,13.28,197,72.08,17.77,0.00,10.15,57.25,0.00,0.00,18203101.44,2115833.08,7.77,13.28,197,72.08,17.77,0.00,10.15,57.25,0.00,0.00,18203101.44,2115833.08,China,2022
Fuels,13472676.83,247029.69,8.76,0.04,0.54,14.91,-5.55,0.18,0.06,27,0.00,88.89,0.00,11.11,16.97,0.00,0.00,40733.95,206295.73,0.18,0.06,27,0.00,88.89,0.00,11.11,16.97,0.00,0.00,40733.95,206295.73,China,2022
Hides and Skins,673201.17,4504652.32,0.44,0.78,1.12,-8.81,-2.91,4.35,10.75,195,85.13,14.36,0.00,0.51,20.00,0.00,0.00,4492367.86,12284.46,4.35,10.75,195,85.13,14.36,0.00,0.51,20.00,0.00,0.00,4492367.86,12284.46,China,2022
Mach and Elec,30872838.37,258664731.04,20.07,44.93,0.68,-1.66,-0.68,1.34,0.90,1325,39.77,60.15,0.00,0.08,15.00,0.00,0.00,66869342.44,125452141.50,1.34,0.90,1325,39.77,60.15,0.00,0.08,15.00,0.00,0.00,66869342.44,125452141.50,China,2022
Metals,4602399.63,34520715.30,2.99,6.00,0.59,1.73,9.57,1.82,2.59,927,44.55,53.51,0.00,1.94,23.05,0.00,0.00,24720048.99,9558988.45,1.82,2.59,927,44.55,53.51,0.00,1.94,23.05,0.00,0.00,24720048.99,9558988.45,China,2022
Minerals,1500834.46,644334.20,0.98,0.11,0.18,-7.39,-0.73,0.32,0.11,96,7.29,87.50,0.00,5.21,29.64,0.00,0.00,94589.19,546277.94,0.32,0.11,96,7.29,87.50,0.00,5.21,29.64,0.00,0.00,94589.19,546277.94,China,2022
Miscellaneous,18721917.30,103001707.49,12.17,17.89,2.17,-19.25,-10.83,2.97,1.01,785,41.02,46.24,0.00,12.74,118.41,0.00,0.00,18947582.71,64446973.85,2.97,1.01,785,41.02,46.24,0.00,12.74,118.41,0.00,0.00,18947582.71,64446973.85,China,2022
Plastic or Rubber,8928068.72,33540829.36,5.80,5.83,1.57,-0.96,12.46,3.57,4.17,363,77.69,22.31,0.00,0.00,14.00,0.00,0.00,27907170.40,179024.05,3.57,4.17,363,77.69,22.31,0.00,0.00,14.00,0.00,0.00,27907170.40,179024.05,China,2022
Stone and Glass,3612494.01,10272087.81,2.35,1.78,0.31,12.83,-5.47,3.25,5.83,368,62.77,35.33,0.00,1.90,38.00,0.00,0.00,9256149.54,812128.81,3.25,5.83,368,62.77,35.33,0.00,1.90,38.00,0.00,0.00,9256149.54,812128.81,China,2022
Textiles and Clothing,3603716.30,37996945.68,2.34,6.60,1.75,-5.73,28.50,8.97,10.60,1549,82.12,13.11,0.00,4.78,32.00,0.00,0.00,35301366.07,562707.69,8.97,10.60,1549,82.12,13.11,0.00,4.78,32.00,0.00,0.00,35301366.07,562707.69,China,2022
Transportation,7367559.33,21902448.19,4.79,3.80,2.48,-3.81,-2.40,2.31,1.66,214,50.00,50.00,0.00,0.00,25.00,0.00,0.00,16787263.38,2763601.26,2.31,1.66,214,50.00,50.00,0.00,0.00,25.00,0.00,0.00,16787263.38,2763601.26,China,2022
Vegetable,27237354.25,1795274.58,17.71,0.31,3.32,4.51,2.98,3.16,2.30,463,33.26,26.35,0.00,40.39,131.80,0.00,0.00,1490365.85,216416.49,3.16,2.30,463,33.26,26.35,0.00,40.39,131.80,0.00,0.00,1490365.85,216416.49,China,2022
Wood,4487965.67,10408312.79,2.92,1.81,1.39,-1.70,-1.52,0.62,0.49,455,17.80,81.32,0.00,0.88,18.00,0.00,0.00,1388283.03,6476624.90,0.62,0.49,455,17.80,81.32,0.00,0.88,18.00,0.00,0.00,1388283.03,6476624.90,China,2022
All Products,178919985.24,230816137.68,100.00,100.00,1.00,5.54,3.43,0.18,0.11,9190,0.39,97.63,0.01,1.97,247.47,0.00,5291.05,2221673.78,215556057.71,4.04,3.17,9190,57.49,30.90,1.50,10.11,350.00,0.00,17302919.79,139623053.48,78154678.01,Canada,2000
Capital goods,87662642.08,62775583.18,49.00,27.20,1.09,4.00,2.45,0.00,0.00,1642,0.00,99.70,0.00,0.30,0.00,0.00,0.00,0.00,63254414.69,1.59,4.53,1642,43.61,55.42,0.37,0.61,25.00,0.00,7434.41,36854388.44,26400026.25,Canada,2000
Consumer goods,48481746.12,81557474.03,27.10,35.33,0.96,6.30,4.80,0.34,0.22,3481,0.69,95.15,0.00,4.17,247.47,0.00,0.00,1108085.39,79859175.40,5.45,3.16,3481,63.11,21.69,2.90,12.30,350.00,0.00,4056070.23,59640436.51,21326824.28,Canada,2000
Intermediate goods,29789208.61,51090331.68,16.65,22.13,1.09,5.54,4.07,0.14,0.04,3306,0.18,99.18,0.03,0.60,234.36,0.00,5291.05,125482.96,52137849.23,4.71,1.76,3306,66.97,23.77,0.57,8.68,330.44,0.00,133037.56,25872783.12,26390549.08,Canada,2000
Raw materials,7795668.72,20675874.20,4.36,8.96,0.54,17.81,3.75,0.19,0.18,761,0.79,97.77,0.00,1.45,140.47,0.00,0.00,988105.42,20304618.39,1.97,1.87,761,20.50,51.12,1.58,26.81,350.00,0.00,13106377.59,17255445.41,4037278.41,Canada,2000
Animal,1516481.07,4578405.48,0.85,1.98,0.87,5.07,6.15,2.38,1.09,466,1.72,81.97,0.00,16.31,234.36,0.00,0.00,1033357.82,3602997.33,4.39,2.47,466,35.84,26.39,0.21,37.55,234.36,0.00,6889.44,2910573.23,1725781.93,Canada,2000
Chemicals,11428734.07,7544270.39,6.39,3.27,1.08,4.17,3.72,0.00,0.00,1314,0.00,100.00,0.00,0.00,0.00,0.00,0.00,0.00,7784564.59,3.27,1.98,1314,60.58,31.28,0.00,8.14,14.31,0.00,0.00,3359289.75,4425274.85,Canada,2000
Food Products,3800818.00,4350661.32,2.12,1.88,0.96,1.92,2.45,2.30,4.17,679,4.12,82.47,0.15,13.25,247.47,0.00,5291.05,1181648.77,3273543.64,8.23,7.63,679,45.21,17.53,2.36,34.90,350.00,0.00,218227.03,3513715.42,941476.98,Canada,2000
Footwear,258473.90,132367.14,0.14,0.06,0.13,2.30,-4.34,0.00,0.00,163,0.00,99.39,0.00,0.61,0.00,0.00,0.00,0.00,134244.64,9.14,8.67,163,66.26,19.02,1.84,12.88,61.43,0.00,1264.45,104323.52,29921.12,Canada,2000
Fuels,2824347.84,33152434.10,1.58,14.36,0.33,32.02,32.50,0.00,0.00,50,0.00,100.00,0.00,0.00,0.00,0.00,0.00,0.00,31978416.51,0.51,3.00,50,4.00,72.00,20.00,4.00,32.49,0.00,16778714.00,16779118.31,15199298.19,Canada,2000
Hides and Skins,302103.63,312170.54,0.17,0.14,0.32,7.37,-0.42,0.00,0.00,147,0.00,100.00,0.00,0.00,0.00,0.00,0.00,0.00,318084.50,3.37,3.39,147,77.55,21.77,0.00,0.68,20.00,0.00,0.00,195805.17,122279.34,Canada,2000
Mach and Elec,61712176.04,35705688.83,34.49,15.47,0.96,5.51,3.71,0.00,0.00,1388,0.00,100.00,0.00,0.00,0.00,0.00,0.00,0.00,35963349.90,1.41,0.81,1388,43.73,55.91,0.29,0.07,21.21,0.00,42543.03,14447338.39,21516011.51,Canada,2000
Metals,13126761.10,14240333.02,7.34,6.17,1.09,9.95,8.25,0.00,0.00,937,0.00,100.00,0.00,0.00,0.00,0.00,0.00,0.00,14474764.40,2.44,2.06,937,75.77,19.00,2.03,3.20,18.63,0.00,134419.92,12382985.09,2091779.30,Canada,2000
Minerals,873209.54,976707.46,0.49,0.42,0.75,6.34,1.08,0.00,0.00,96,0.00,100.00,0.00,0.00,0.00,0.00,0.00,0.00,1092924.34,0.23,0.01,96,6.25,86.46,6.25,1.04,3.00,0.00,81362.24,88207.61,1004716.73,Canada,2000
Miscellaneous,11423656.43,9079235.54,6.38,3.93,0.74,4.25,-8.16,0.00,0.00,776,0.00,98.97,0.00,1.03,0.00,0.00,0.00,0.00,9214076.65,3.03,1.35,776,42.14,43.30,9.15,5.41,330.44,0.00,38316.78,3388735.38,5825341.27,Canada,2000
Plastic or Rubber,10085889.85,9033446.23,5.64,3.91,1.30,4.40,3.87,0.00,0.00,347,0.00,100.00,0.00,0.00,0.00,0.00,0.00,0.00,9226535.47,3.75,4.87,347,76.37,22.77,0.00,0.86,14.00,0.00,0.00,8685879.59,540655.89,Canada,2000
Stone and Glass,3181880.86,4411007.60,1.78,1.91,0.99,3.91,3.41,0.00,0.00,384,0.00,100.00,0.00,0.00,0.00,0.00,0.00,0.00,4493326.12,3.21,2.04,384,60.68,37.50,0.00,1.82,38.00,0.00,0.00,3045851.66,1447474.46,Canada,2000
Textiles and Clothing,3717472.27,3635054.11,2.08,1.57,0.68,3.46,1.39,0.02,0.00,1395,0.00,99.64,0.00,0.36,21.82,0.00,0.00,39.34,3681705.87,10.04,11.73,1395,86.59,5.38,0.43,7.60,33.40,0.00,74.69,3627057.45,54687.76,Canada,2000
Transportation,37747758.14,62014993.77,21.10,26.87,1.19,2.12,0.09,0.00,0.00,231,0.00,100.00,0.00,0.00,0.00,0.00,0.00,0.00,62484303.24,3.19,5.48,231,50.22,49.78,0.00,0.00,25.00,0.00,0.00,56733044.77,5751258.48,Canada,2000
Vegetable,3599387.32,2154285.39,2.01,0.93,0.97,2.04,4.20,0.03,0.02,427,0.00,99.77,0.00,0.23,40.68,0.00,0.00,6627.85,2244876.94,3.33,2.99,427,30.68,24.82,0.47,44.03,40.68,0.00,1108.23,1736764.67,514740.12,Canada,2000
Wood,8153201.71,24778650.61,4.56,10.74,1.32,4.40,4.13,0.00,0.00,390,0.00,100.00,0.00,0.00,0.00,0.00,0.00,0.00,25588343.57,1.00,0.46,390,47.69,50.26,0.00,2.05,18.00,0.00,0.00,8624363.47,16963980.10,Canada,2000
All Products,163421117.07,216234127.20,100.00,100.00,1.00,-3.92,-4.47,0.19,0.11,9169,0.34,97.70,0.00,1.96,248.87,0.00,0.00,1482760.46,203734064.70,3.99,3.13,9169,57.31,30.84,1.54,10.31,350.00,0.00,15207066.77,129859956.34,75356868.82,Canada,2001
Capital goods,76536243.47,54194288.55,46.83,25.06,1.09,-6.56,-6.71,0.00,0.00,1639,0.00,99.69,0.00,0.31,0.00,0.00,0.00,0.00,54445930.06,1.56,4.86,1639,43.50,55.52,0.37,0.61,25.00,0.00,9126.91,33315146.10,21130783.96,Canada,2001
Consumer goods,45800844.38,80408837.18,28.03,37.19,0.94,-1.19,-2.71,0.36,0.25,3459,0.69,95.11,0.00,4.19,248.87,0.00,0.00,1301113.94,80984265.97,5.52,2.93,3459,63.11,21.51,2.83,12.55,350.00,0.00,4556419.41,56581244.26,25704135.65,Canada,2001
Intermediate goods,28197773.75,48181058.70,17.25,22.28,1.10,-3.14,-3.17,0.13,0.04,3300,0.18,99.24,0.00,0.58,244.41,0.00,0.00,143693.27,49133159.45,4.51,1.70,3300,66.73,23.64,0.76,8.88,244.41,0.00,105498.20,24550414.55,24726438.17,Canada,2001
Raw materials,7744758.14,18690667.92,4.74,8.64,0.58,-2.55,0.31,0.22,0.01,771,0.13,98.44,0.00,1.43,148.85,0.00,0.00,37953.25,19170709.23,2.14,2.29,771,20.36,51.10,1.56,26.98,350.00,0.00,10536022.24,15413151.43,3795511.04,Canada,2001
Animal,1506773.46,5258411.65,0.92,2.43,0.84,1.88,0.00,2.16,0.34,464,0.43,83.41,0.00,16.16,244.41,0.00,0.00,87260.86,5232283.74,4.35,2.54,464,35.34,26.08,0.22,38.36,244.41,0.00,6773.24,3509788.92,1809755.68,Canada,2001
Chemicals,11429495.98,7851802.80,6.99,3.63,1.04,2.31,-0.34,0.00,0.00,1333,0.00,100.00,0.00,0.00,0.00,0.00,0.00,0.00,8049085.43,3.24,1.88,1333,60.84,30.91,0.00,8.25,14.93,0.00,0.00,3413593.83,4635491.60,Canada,2001
Food Products,4052796.52,4713182.65,2.48,2.18,0.99,2.95,3.74,2.35,4.32,690,4.06,82.75,0.00,13.19,248.87,0.00,0.00,1386229.81,3436591.19,8.68,8.00,690,44.06,18.26,2.32,35.36,350.00,0.00,297743.70,3881638.85,941182.15,Canada,2001
Footwear,263815.70,140318.72,0.16,0.06,0.12,1.05,-2.28,0.00,0.00,160,0.00,99.38,0.00,0.63,0.00,0.00,0.00,0.00,141380.87,9.28,9.54,160,66.25,18.75,1.88,13.13,60.47,0.00,1261.59,112613.35,28767.52,Canada,2001
Fuels,3630683.02,33452489.05,2.22,15.47,0.44,-0.37,13.91,0.00,0.00,50,0.00,100.00,0.00,0.00,0.00,0.00,0.00,0.00,34722355.18,0.42,2.11,50,4.00,72.00,20.00,4.00,24.04,0.00,14562230.76,14562556.52,20159798.66,Canada,2001
Hides and Skins,266899.05,292402.92,0.16,0.14,0.30,-1.03,-5.62,0.00,0.00,141,0.00,100.00,0.00,0.00,0.00,0.00,0.00,0.00,296583.75,3.48,3.31,141,76.60,22.70,0.00,0.71,20.00,0.00,0.00,183790.95,112792.80,Canada,2001
Mach and Elec,52373766.66,28331057.33,32.05,13.10,0.98,-8.07,-7.67,0.00,0.00,1389,0.00,100.00,0.00,0.00,0.00,0.00,0.00,0.00,28554295.24,1.41,0.96,1389,43.63,56.01,0.29,0.07,15.93,0.00,48755.66,13283630.60,15270664.64,Canada,2001
Metals,10911631.93,13049855.32,6.68,6.04,1.12,-9.48,-8.86,0.00,0.00,932,0.00,100.00,0.00,0.00,0.00,0.00,0.00,0.00,13284009.65,2.31,1.91,932,76.39,18.35,2.04,3.22,18.59,0.00,109882.12,11408746.66,1875263.00,Canada,2001
Minerals,826199.08,931467.57,0.51,0.43,0.75,-2.55,-2.92,0.00,0.00,100,0.00,100.00,0.00,0.00,0.00,0.00,0.00,0.00,1040852.40,0.22,0.02,100,6.00,87.00,6.00,1.00,3.00,0.00,138707.39,145498.88,895353.53,Canada,2001
Miscellaneous,10624565.97,7859966.69,6.50,3.63,0.68,-1.64,-5.75,0.00,0.00,753,0.00,99.07,0.00,0.93,0.00,0.00,0.00,0.00,7985758.32,2.88,1.03,753,42.23,42.76,9.56,5.44,156.66,0.00,41307.73,2610028.51,5375729.81,Canada,2001
Plastic or Rubber,9625088.56,9194236.43,5.89,4.25,1.30,-2.28,-2.83,0.00,0.00,346,0.00,100.00,0.00,0.00,0.00,0.00,0.00,0.00,9382306.35,3.68,4.77,346,75.72,23.41,0.00,0.87,14.00,0.00,0.00,8819267.98,563038.38,Canada,2001
Stone and Glass,2993784.25,3283830.28,1.83,1.52,0.98,-2.60,-3.81,0.00,0.00,382,0.00,100.00,0.00,0.00,0.00,0.00,0.00,0.00,3360402.47,3.27,2.41,382,61.26,36.91,0.00,1.83,38.00,0.00,0.00,2580978.65,779423.82,Canada,2001
Textiles and Clothing,3435251.76,3451036.29,2.10,1.60,0.64,-0.84,-4.66,0.02,0.00,1382,0.00,99.64,0.00,0.36,24.08,0.00,0.00,27.85,3488689.16,9.80,11.37,1382,86.11,5.35,0.58,7.96,32.80,0.00,64.76,3436078.65,52638.36,Canada,2001
Transportation,34739360.84,57897992.73,21.26,26.78,1.16,-2.78,-4.38,0.00,0.00,228,0.00,100.00,0.00,0.00,0.00,0.00,0.00,0.00,58154764.76,3.00,5.42,228,50.00,50.00,0.00,0.00,25.00,0.00,0.00,51373752.50,6781012.27,Canada,2001
Vegetable,3834408.83,2317410.78,2.35,1.07,1.01,2.38,4.02,0.23,0.03,429,0.23,99.53,0.00,0.23,131.80,0.00,0.00,9241.94,2401554.09,3.69,3.88,429,30.54,25.17,0.47,43.82,131.80,0.00,339.81,1897587.51,513208.52,Canada,2001
Wood,7787164.86,23450412.65,4.77,10.84,1.33,-2.25,-2.69,0.00,0.00,390,0.00,100.00,0.00,0.00,0.00,0.00,0.00,0.00,24203152.07,0.88,0.43,390,47.95,50.00,0.00,2.05,18.00,0.00,0.00,8640403.98,15562748.09,Canada,2001
All Products,160918224.63,212398395.08,100.00,100.00,1.00,0.18,-0.61,0.16,0.11,9616,0.31,97.91,0.05,1.73,246.47,0.00,121571.40,1587109.42,197049407.82,3.96,3.18,9616,57.62,30.53,1.90,9.94,350.00,0.00,16341868.88,133487953.38,65148563.86,Canada,2002
Capital goods,73364311.29,51974184.51,45.59,24.47,1.10,-1.48,-1.97,0.00,0.00,1638,0.00,100.00,0.00,0.00,0.00,0.00,0.00,0.00,51967833.43,1.53,5.21,1638,42.55,56.47,0.67,0.31,25.00,0.00,20959.39,34078954.01,17888879.41,Canada,2002
Consumer goods,47908319.42,77851001.16,29.77,36.65,0.93,3.45,2.42,0.35,0.28,3581,0.67,95.36,0.00,3.97,246.47,0.00,0.00,1414435.64,77595663.49,5.41,2.85,3581,62.41,21.59,3.60,12.40,350.00,0.00,4464835.65,57272921.57,21737177.56,Canada,2002
Intermediate goods,27082902.67,46971705.61,16.83,22.11,1.07,-0.34,-2.25,0.11,0.02,3494,0.17,99.23,0.14,0.46,240.36,0.00,121571.40,140419.64,46531640.57,4.41,1.61,3494,67.12,23.35,1.03,8.50,240.36,0.00,228170.84,24896804.68,21775255.53,Canada,2002
Raw materials,8006474.31,20479122.19,4.98,9.64,0.62,-0.76,1.47,0.11,0.00,786,0.00,98.98,0.00,1.02,151.92,0.00,0.00,32254.15,20355250.73,2.15,2.29,786,22.01,50.51,0.89,26.59,350.00,0.00,11627903.00,16753686.30,3633818.57,Canada,2002
Animal,1409101.75,5454940.77,0.88,2.57,0.84,-2.76,-3.92,2.10,0.25,482,0.41,83.82,0.00,15.77,240.36,0.00,0.00,70810.79,5384905.82,4.24,2.45,482,35.68,27.39,0.21,36.72,240.36,0.00,8592.57,3624300.30,1831416.32,Canada,2002
Chemicals,11693943.37,8180879.91,7.27,3.85,1.03,2.35,1.13,0.00,0.00,1387,0.00,100.00,0.00,0.00,0.00,0.00,0.00,0.00,8185283.64,3.09,1.67,1387,61.21,31.07,0.00,7.71,16.27,0.00,0.00,3252440.91,4932842.72,Canada,2002
Food Products,4276716.00,5115975.67,2.66,2.41,0.99,2.80,2.27,1.87,4.15,717,3.91,83.26,0.70,12.13,246.47,0.00,121571.40,1500531.30,3614533.73,8.14,7.90,717,44.21,18.27,2.93,34.59,350.00,0.00,438326.49,3986284.79,1128780.24,Canada,2002
Footwear,248966.02,144416.44,0.15,0.07,0.10,1.95,-7.47,0.00,0.00,161,0.00,100.00,0.00,0.00,0.00,0.00,0.00,0.00,145142.41,9.51,9.19,161,67.08,18.01,3.73,11.18,60.08,0.00,4305.42,113896.77,31245.64,Canada,2002
Fuels,2665475.85,28861254.15,1.66,13.59,0.39,-6.13,-12.15,0.00,0.00,66,0.00,100.00,0.00,0.00,0.00,0.00,0.00,0.00,30138450.09,0.89,1.67,66,7.58,54.55,30.30,7.58,18.16,0.00,15625338.41,15625757.49,14512692.60,Canada,2002
Hides and Skins,256435.18,261974.27,0.16,0.12,0.29,0.08,-1.56,0.00,0.00,207,0.00,100.00,0.00,0.00,0.00,0.00,0.00,0.00,262039.55,3.77,3.78,207,79.23,20.29,0.00,0.48,20.00,0.00,0.00,233617.84,28421.71,Canada,2002
Mach and Elec,48007996.22,25439260.01,29.83,11.98,0.98,-3.19,-4.24,0.00,0.00,1409,0.00,100.00,0.00,0.00,0.00,0.00,0.00,0.00,25484251.47,1.40,1.05,1409,43.15,56.49,0.28,0.07,13.09,0.00,27560.91,13249504.70,12234746.77,Canada,2002
Metals,11067915.74,13823695.71,6.88,6.51,1.09,2.55,0.40,0.00,0.00,920,0.00,100.00,0.00,0.00,0.00,0.00,0.00,0.00,13825879.65,2.06,1.82,920,75.87,19.35,2.61,2.17,16.39,0.00,103601.43,11941531.00,1884348.66,Canada,2002
Minerals,809190.23,1080554.73,0.50,0.51,0.80,-2.99,-0.79,0.00,0.00,106,0.00,100.00,0.00,0.00,0.00,0.00,0.00,0.00,1080851.06,0.44,0.16,106,6.60,84.91,1.89,6.60,9.42,0.00,79422.11,170887.93,909963.13,Canada,2002
Miscellaneous,9960610.66,7723337.73,6.19,3.64,0.88,-2.26,10.29,0.00,0.00,806,0.00,100.00,0.00,0.00,0.00,0.00,0.00,0.00,7736464.40,3.39,0.78,806,39.95,41.81,11.41,6.82,199.26,0.00,52789.03,2189465.98,5546998.42,Canada,2002
Plastic or Rubber,9985939.30,9565225.50,6.21,4.50,1.29,2.85,1.78,0.00,0.00,373,0.00,100.00,0.00,0.00,0.00,0.00,0.00,0.00,9564637.81,3.57,4.58,373,76.14,23.06,0.00,0.80,14.00,0.00,0.00,9030459.61,534178.19,Canada,2002
Stone and Glass,3155735.51,3679983.90,1.96,1.73,0.94,3.55,0.68,0.00,0.00,365,0.00,100.00,0.00,0.00,0.00,0.00,0.00,0.00,3680036.21,3.27,2.45,365,62.19,35.89,0.00,1.92,38.00,0.00,0.00,2981412.67,698623.54,Canada,2002
Textiles and Clothing,3305396.19,3528732.79,2.05,1.66,0.60,0.32,-2.92,0.01,0.00,1413,0.00,99.86,0.00,0.14,17.07,0.00,0.00,77.30,3535031.09,9.57,11.00,1413,87.40,4.88,0.78,6.94,32.50,0.00,1297.39,3487381.13,47727.25,Canada,2002
Transportation,37447400.91,58724227.67,23.27,27.65,1.16,4.33,3.72,0.00,0.00,226,0.00,100.00,0.00,0.00,0.00,0.00,0.00,0.00,58783031.37,2.86,5.51,226,50.00,50.00,0.00,0.00,25.00,0.00,0.00,52717044.65,6065986.72,Canada,2002
Vegetable,4234326.15,2519005.60,2.63,1.19,1.05,3.93,4.74,0.03,0.05,469,0.00,99.79,0.00,0.21,43.84,0.00,0.00,15690.04,2496918.14,3.71,4.05,469,32.20,24.52,0.43,42.86,43.84,0.00,635.12,2029492.98,483115.20,Canada,2002
Wood,7857430.74,23173186.38,4.88,10.91,1.31,1.86,0.24,0.00,0.00,510,0.00,100.00,0.00,0.00,0.00,0.00,0.00,0.00,23174430.32,0.78,0.45,510,55.29,43.14,0.00,1.57,18.00,0.00,0.00,8896953.57,14277476.75,Canada,2002
All Products,169920170.11,225035348.74,100.00,100.00,1.00,3.95,2.30,0.16,0.11,9450,0.33,97.87,0.05,1.75,234.08,0.00,128332.29,1903040.83,211780484.94,3.79,3.02,9450,57.65,30.47,1.93,9.96,350.00,0.00,20670943.36,138732977.74,74950548.03,Canada,2003
Capital goods,75992533.08,53188804.16,44.72,23.64,1.11,2.33,0.90,0.00,0.00,1617,0.00,100.00,0.00,0.00,0.00,0.00,0.00,0.00,53193827.37,1.53,5.07,1617,43.04,55.97,0.68,0.31,25.00,0.00,19485.23,34725520.42,18468306.95,Canada,2003
Consumer goods,51772137.19,86702663.75,30.47,38.53,0.93,5.06,3.37,0.32,0.26,3534,0.68,95.30,0.00,4.02,225.73,0.00,0.00,1732014.31,87135091.20,5.24,2.66,3534,62.62,21.53,3.65,12.20,350.00,0.00,5717247.38,59102263.11,29764842.39,Canada,2003
Intermediate goods,28972713.27,48411765.20,17.05,21.51,1.10,4.10,3.73,0.10,0.01,3418,0.18,99.21,0.15,0.47,234.08,0.00,128332.29,141463.59,47967523.44,4.10,1.51,3418,66.68,23.82,1.02,8.48,234.08,0.00,233694.78,25449653.30,22659333.73,Canada,2003
Raw materials,8606455.78,22958761.90,5.07,10.20,0.58,7.90,2.69,0.22,0.00,765,0.13,98.95,0.00,0.92,163.80,0.00,0.00,29562.93,22815386.18,2.25,2.13,765,22.09,49.02,0.92,27.97,350.00,0.00,14700515.97,18920438.11,3924511.01,Canada,2003
Animal,1462036.50,4665141.30,0.86,2.07,0.85,2.05,1.01,1.84,0.24,469,0.43,83.58,0.00,15.99,234.08,0.00,0.00,62200.30,4603016.74,3.79,2.38,469,35.18,27.08,0.21,37.53,234.08,0.00,5573.00,2788274.24,1876942.80,Canada,2003
Chemicals,12791089.30,9035984.80,7.53,4.02,1.03,7.06,5.12,0.00,0.00,1367,0.00,100.00,0.00,0.00,0.00,0.00,0.00,0.00,9030661.03,2.88,1.34,1367,60.13,31.82,0.00,8.05,15.35,0.00,0.00,3013607.19,6017053.84,Canada,2003
Food Products,4688872.24,5858909.35,2.76,2.60,0.98,7.06,4.55,1.95,3.87,706,3.97,82.86,0.71,12.46,225.73,0.00,128332.29,1829169.47,4028582.27,8.54,7.62,706,43.77,18.41,3.40,34.42,350.00,0.00,502017.09,4787504.47,1070247.28,Canada,2003
Footwear,262725.33,127742.58,0.15,0.06,0.09,3.07,-2.84,0.00,0.00,162,0.00,100.00,0.00,0.00,0.00,0.00,0.00,0.00,127759.06,8.75,8.39,162,66.05,19.14,3.70,11.11,58.57,0.00,3570.95,96014.66,31744.40,Canada,2003
Fuels,4216858.63,39781693.34,2.48,17.68,0.46,17.74,25.65,0.00,0.00,66,0.00,100.00,0.00,0.00,0.00,0.00,0.00,0.00,42032563.98,0.64,1.45,66,7.58,57.58,30.30,4.55,11.31,0.00,19897814.81,19899578.05,22132985.94,Canada,2003
Hides and Skins,268184.84,240768.82,0.16,0.11,0.26,3.24,-4.62,0.00,0.00,205,0.00,100.00,0.00,0.00,0.00,0.00,0.00,0.00,240565.45,3.80,3.90,205,81.46,18.05,0.00,0.49,20.00,0.00,0.00,208626.39,31939.05,Canada,2003
Mach and Elec,49281870.99,24661268.53,29.00,10.96,0.95,2.28,-0.61,0.00,0.00,1392,0.00,100.00,0.00,0.00,0.00,0.00,0.00,0.00,24633061.36,1.41,1.08,1392,43.89,55.75,0.29,0.07,15.00,0.00,17511.57,13120827.53,11512233.84,Canada,2003
Metals,11328731.23,14115661.68,6.67,6.27,1.09,2.20,0.67,0.00,0.00,923,0.00,100.00,0.00,0.00,0.00,0.00,0.00,0.00,14120612.38,1.89,1.70,923,75.95,19.61,2.60,1.84,15.00,0.00,100607.84,12171400.96,1949211.42,Canada,2003
Minerals,891329.30,1227707.37,0.52,0.55,0.80,5.90,4.27,0.00,0.00,100,0.00,100.00,0.00,0.00,0.00,0.00,0.00,0.00,1253329.64,0.40,0.14,100,6.00,85.00,2.00,7.00,8.99,0.00,80421.11,164228.93,1089100.71,Canada,2003
Miscellaneous,10596440.79,7763481.49,6.24,3.45,0.88,3.12,1.34,0.00,0.00,786,0.00,100.00,0.00,0.00,0.00,0.00,0.00,0.00,7763623.04,3.11,0.68,786,40.97,42.24,10.81,5.98,201.04,0.00,62073.00,1990153.09,5773469.95,Canada,2003
Plastic or Rubber,10507546.60,10427171.05,6.18,4.63,1.31,3.21,2.46,0.00,0.00,363,0.00,100.00,0.00,0.00,0.00,0.00,0.00,0.00,10433642.93,3.61,4.52,363,77.13,22.04,0.00,0.83,14.00,0.00,0.00,9913888.99,519753.94,Canada,2003
Stone and Glass,3251447.41,3496367.55,1.91,1.55,0.97,3.02,2.75,0.00,0.00,365,0.00,100.00,0.00,0.00,0.00,0.00,0.00,0.00,3495104.47,3.32,2.49,365,62.74,35.34,0.00,1.92,38.00,0.00,0.00,2818443.66,676660.81,Canada,2003
Textiles and Clothing,3316339.64,3504291.50,1.95,1.56,0.57,3.61,-0.96,0.01,0.00,1403,0.00,99.93,0.00,0.07,18.24,0.00,0.00,112.47,3504937.25,9.23,10.59,1403,86.96,4.85,1.00,7.20,32.30,0.00,1032.23,3438277.91,66771.81,Canada,2003
Transportation,39420542.10,60244383.60,23.20,26.77,1.22,2.30,2.94,0.00,0.00,225,0.00,100.00,0.00,0.00,0.00,0.00,0.00,0.00,60399284.17,2.79,5.35,225,49.78,50.22,0.00,0.00,25.00,0.00,0.00,53224851.53,7174432.64,Canada,2003
Vegetable,4632925.64,2613865.60,2.73,1.16,1.05,4.73,2.99,0.26,0.03,457,0.22,99.56,0.00,0.22,163.80,0.00,0.00,11558.59,2614663.46,3.80,3.76,457,31.73,24.29,0.44,43.54,163.80,0.00,321.77,2071534.81,554687.25,Canada,2003
Wood,8449483.66,23498132.10,4.97,10.44,1.32,4.18,3.25,0.00,0.00,462,0.00,100.00,0.00,0.00,0.00,0.00,0.00,0.00,23500840.79,0.63,0.37,462,53.68,44.59,0.00,1.73,18.00,0.00,0.00,9027528.42,14473312.37,Canada,2003
All Products,189878783.65,260161285.51,100.00,100.00,1.00,6.74,5.04,0.13,0.10,9374,0.31,98.04,0.05,1.60,220.37,0.00,148286.97,2193025.19,243383977.28,3.62,2.84,9374,52.14,37.64,2.01,8.21,350.00,0.00,27015915.51,148619825.76,96957176.72,Canada,2004
Capital goods,82327932.71,56384701.69,43.36,21.67,1.11,6.21,4.64,0.00,0.00,1609,0.00,100.00,0.00,0.00,0.00,0.00,0.00,0.00,56286395.55,1.54,4.76,1609,42.76,56.25,0.68,0.31,25.00,0.00,19231.91,36825350.56,19461044.98,Canada,2004
Consumer goods,56243838.75,100528480.55,29.62,38.64,0.93,5.07,3.39,0.28,0.24,3483,0.66,95.66,0.00,3.67,205.62,0.00,0.00,1999341.82,97935324.95,5.05,2.66,3483,59.03,25.95,3.65,11.37,350.00,0.00,7109069.17,65497193.06,34437473.72,Canada,2004
Intermediate goods,33327813.19,60121959.98,17.55,23.11,1.09,10.54,8.41,0.10,0.02,3432,0.17,99.21,0.15,0.47,220.37,0.00,148286.97,166516.93,59587121.00,3.85,1.38,3432,55.48,38.32,1.25,4.95,220.37,0.00,314603.67,21586478.43,38167159.50,Canada,2004
Raw materials,9654222.44,28999146.64,5.08,11.15,0.58,8.65,6.76,0.05,0.00,736,0.00,99.18,0.00,0.82,153.39,0.00,0.00,27166.44,28799221.53,1.94,2.19,736,20.65,51.49,0.95,26.90,350.00,0.00,19573010.76,24068520.79,4757867.18,Canada,2004
Animal,1449596.15,4889225.42,0.76,1.88,0.86,0.14,-0.59,1.49,0.32,416,0.24,85.58,0.00,14.18,220.37,0.00,0.00,85989.01,4804210.38,3.40,3.00,416,33.65,29.57,0.24,36.54,220.37,0.00,7031.42,2921111.03,1969088.36,Canada,2004
Chemicals,14230549.14,11315246.36,7.49,4.35,1.02,7.06,4.82,0.00,0.00,1386,0.00,100.00,0.00,0.00,0.00,0.00,0.00,0.00,11319820.31,2.77,1.36,1386,66.45,32.40,0.00,1.15,13.48,0.00,0.00,3727229.43,7592590.88,Canada,2004
Food Products,5062124.08,6410399.34,2.67,2.46,1.00,4.79,4.24,1.81,3.70,712,3.93,83.01,0.70,12.36,205.62,0.00,148286.97,2091251.08,4320671.55,8.34,7.43,712,43.82,18.68,3.51,33.99,350.00,0.00,684955.07,5270435.80,1141486.82,Canada,2004
Footwear,290711.52,142151.87,0.15,0.05,0.09,4.83,2.22,0.00,0.00,165,0.00,100.00,0.00,0.00,0.00,0.00,0.00,0.00,141912.16,8.44,9.14,165,65.45,20.00,3.64,10.91,57.48,0.00,3958.26,111933.33,29978.83,Canada,2004
Fuels,5654124.26,50525845.88,2.98,19.42,0.49,13.19,15.62,0.00,0.00,66,0.00,100.00,0.00,0.00,0.00,0.00,0.00,0.00,49720795.71,0.65,1.60,66,7.58,56.06,31.82,4.55,10.67,0.00,25989852.01,25989952.72,23730842.99,Canada,2004
Hides and Skins,301131.47,249388.46,0.16,0.10,0.23,4.57,-2.94,0.00,0.00,202,0.00,100.00,0.00,0.00,0.00,0.00,0.00,0.00,249332.25,3.77,3.71,202,80.69,18.81,0.00,0.50,20.00,0.00,0.00,211864.04,37468.21,Canada,2004
Mach and Elec,53545431.89,27785949.26,28.20,10.68,0.93,6.36,3.45,0.00,0.00,1390,0.00,100.00,0.00,0.00,0.00,0.00,0.00,0.00,27814145.83,1.42,1.03,1390,43.81,55.83,0.29,0.07,15.00,0.00,10943.69,14360846.31,13453299.52,Canada,2004
Metals,13938327.37,18254070.19,7.34,7.02,1.05,14.14,10.36,0.00,0.00,921,0.00,100.00,0.00,0.00,0.00,0.00,0.00,0.00,18254328.56,1.61,1.49,921,39.96,55.05,3.37,1.63,15.00,0.00,159911.22,10578125.86,7676202.70,Canada,2004
Minerals,1121862.67,1275922.00,0.59,0.49,0.84,11.56,12.46,0.00,0.00,93,0.00,100.00,0.00,0.00,0.00,0.00,0.00,0.00,1277107.27,0.43,0.16,93,7.53,82.80,2.15,7.53,9.74,0.00,92359.85,213416.65,1063690.62,Canada,2004
Miscellaneous,11851975.38,8553525.09,6.24,3.29,0.89,6.47,5.26,0.00,0.00,778,0.00,100.00,0.00,0.00,0.00,0.00,0.00,0.00,8557666.01,2.91,0.68,778,41.00,42.42,10.80,5.78,196.16,0.00,64312.99,2173989.34,6383676.67,Canada,2004
Plastic or Rubber,11772087.54,11962971.79,6.20,4.60,1.33,6.32,5.43,0.00,0.00,368,0.00,100.00,0.00,0.00,0.00,0.00,0.00,0.00,11963556.37,3.51,4.44,368,76.90,23.10,0.00,0.00,14.00,0.00,0.00,11375962.12,587594.25,Canada,2004
Stone and Glass,3919071.16,3925260.99,2.06,1.51,0.98,13.21,12.16,0.00,0.00,368,0.00,100.00,0.00,0.00,0.00,0.00,0.00,0.00,3926693.81,3.15,2.40,368,61.68,36.41,0.00,1.90,38.00,0.00,0.00,3126420.77,800273.03,Canada,2004
Textiles and Clothing,3566675.49,3551508.97,1.88,1.37,0.55,5.47,2.24,0.01,0.00,1397,0.00,99.86,0.00,0.14,17.44,0.00,0.00,26.79,3550986.92,8.89,10.21,1397,80.24,14.03,0.86,4.87,32.00,0.00,777.23,3413246.72,137766.99,Canada,2004
Transportation,40819301.01,65599397.63,21.50,25.21,1.27,3.83,4.17,0.00,0.00,224,0.00,100.00,0.00,0.00,0.00,0.00,0.00,0.00,65906234.79,2.81,5.05,224,49.55,50.45,0.00,0.00,25.00,0.00,0.00,59636027.55,6270207.24,Canada,2004
Vegetable,4874899.58,3037655.41,2.57,1.17,1.04,3.30,1.40,0.02,0.03,428,0.00,99.77,0.00,0.23,31.69,0.00,0.00,15758.32,3018061.13,3.25,3.53,428,28.97,25.47,0.47,45.09,31.69,0.00,1813.77,2453289.04,580530.41,Canada,2004
Wood,9182797.71,28557069.85,4.84,10.98,1.35,4.77,4.03,0.00,0.00,461,0.00,100.00,0.00,0.00,0.00,0.00,0.00,0.00,28560477.88,0.49,0.30,461,15.18,84.38,0.00,0.43,18.00,0.00,0.00,3055975.05,25504502.83,Canada,2004
All Products,211895287.55,294382272.25,100.00,100.00,1.00,7.15,5.10,0.12,0.09,9418,0.32,98.04,0.05,1.59,193.29,0.00,162029.55,2366469.17,274684666.54,3.57,2.75,9418,52.51,37.44,1.91,8.14,350.00,0.00,34945329.43,164771342.52,112279793.19,Canada,2005
Capital goods,89480866.93,61891960.40,42.23,21.02,1.11,5.52,3.78,0.00,0.00,1616,0.00,100.00,0.00,0.00,0.00,0.00,0.00,0.00,62071573.07,1.54,4.66,1616,42.82,56.19,0.68,0.31,25.00,0.00,15554.12,40018612.42,22052960.65,Canada,2005
Consumer goods,64162602.52,115089731.52,30.28,39.10,0.95,7.38,6.10,0.28,0.22,3489,0.66,95.64,0.00,3.70,181.30,0.00,0.00,2153357.48,110139626.10,5.02,2.54,3489,59.30,25.88,3.44,11.38,350.00,0.00,9491611.41,69508647.13,42784336.45,Canada,2005
Intermediate goods,37585481.82,66711798.99,17.74,22.66,1.10,7.56,5.86,0.07,0.02,3440,0.17,99.36,0.15,0.32,193.29,0.00,162029.55,186097.50,66056800.24,3.77,1.39,3440,56.40,37.91,1.22,4.48,193.29,0.00,373741.43,24420460.88,41822436.86,Canada,2005
Raw materials,11008802.92,35894476.23,5.20,12.19,0.53,13.12,6.39,0.07,0.00,765,0.13,98.56,0.00,1.31,150.91,0.00,0.00,27014.19,35582547.81,1.93,1.97,765,21.18,50.46,0.92,27.45,350.00,0.00,25064422.47,30175359.59,5434202.41,Canada,2005
Animal,1643173.22,5494907.88,0.78,1.87,0.91,5.60,6.22,1.32,0.26,406,0.25,86.21,0.00,13.55,193.29,0.00,0.00,84224.23,5409716.75,3.21,2.66,406,34.73,30.30,0.25,34.73,193.29,0.00,8676.97,3334719.32,2159221.65,Canada,2005
Chemicals,15776143.32,13376954.23,7.45,4.54,1.03,5.83,4.44,0.00,0.00,1414,0.00,100.00,0.00,0.00,0.00,0.00,0.00,0.00,13400952.24,2.80,1.35,1414,67.54,31.40,0.00,1.06,13.03,0.00,0.00,4394071.16,9006881.08,Canada,2005
Food Products,5588563.56,6549840.47,2.64,2.22,1.02,5.46,4.75,1.76,3.66,702,3.99,82.76,0.71,12.54,181.30,0.00,162029.55,2253044.62,4293187.42,7.95,7.47,702,44.16,18.38,3.28,34.19,350.00,0.00,766752.10,5439735.98,1106496.06,Canada,2005
Footwear,318859.26,146389.34,0.15,0.05,0.09,5.29,2.54,0.00,0.00,165,0.00,100.00,0.00,0.00,0.00,0.00,0.00,0.00,146529.91,8.47,10.03,165,65.45,20.00,3.64,10.91,56.02,0.00,3300.00,121502.34,25027.57,Canada,2005
Fuels,8306611.40,69795715.33,3.92,23.71,0.50,21.96,21.10,0.00,0.00,66,0.00,100.00,0.00,0.00,0.00,0.00,0.00,0.00,66622511.44,0.63,1.53,66,7.58,56.06,31.82,4.55,9.44,0.00,33773712.78,33773803.97,32848707.47,Canada,2005
Hides and Skins,330224.94,237999.38,0.16,0.08,0.23,3.48,1.06,0.03,0.03,204,0.49,99.51,0.00,0.00,4.20,0.00,0.00,2962.40,235091.43,3.83,3.70,204,81.37,18.14,0.00,0.49,20.00,0.00,0.00,203035.85,35017.98,Canada,2005
Mach and Elec,59429099.06,30467130.46,28.05,10.35,0.94,6.09,4.76,0.00,0.00,1394,0.00,100.00,0.00,0.00,0.00,0.00,0.00,0.00,30786473.77,1.41,1.00,1394,43.76,55.88,0.29,0.07,13.71,0.00,5004.54,15463382.72,15323091.05,Canada,2005
Metals,16218103.81,21000018.90,7.65,7.13,1.06,8.70,6.91,0.00,0.00,924,0.00,100.00,0.00,0.00,0.00,0.00,0.00,0.00,21009738.56,1.63,1.48,924,40.04,54.76,3.57,1.62,15.00,0.00,209909.71,12350294.42,8659444.14,Canada,2005
Minerals,1527868.06,1553342.21,0.72,0.53,1.06,5.77,16.63,0.00,0.00,106,0.00,100.00,0.00,0.00,0.00,0.00,0.00,0.00,1554677.67,0.37,0.16,106,7.55,83.96,1.89,6.60,8.30,0.00,128988.22,335387.63,1219290.04,Canada,2005
Miscellaneous,12656138.62,8910413.81,5.97,3.03,0.67,4.30,-11.47,0.00,0.00,778,0.00,100.00,0.00,0.00,0.00,0.00,0.00,0.00,8910347.44,2.98,0.69,778,42.03,41.52,10.03,6.43,190.39,0.00,47264.11,2327798.30,6582549.14,Canada,2005
Plastic or Rubber,13269388.55,13673732.60,6.26,4.64,1.35,7.03,5.75,0.00,0.00,369,0.00,100.00,0.00,0.00,0.00,0.00,0.00,0.00,13699135.00,3.49,4.44,369,76.96,23.04,0.00,0.00,14.00,0.00,0.00,13052249.03,646885.97,Canada,2005
Stone and Glass,3840383.82,3852596.67,1.81,1.31,0.80,9.63,-2.66,0.00,0.00,366,0.00,100.00,0.00,0.00,0.00,0.00,0.00,0.00,3852728.35,3.22,2.39,366,62.30,36.07,0.00,1.64,38.00,0.00,0.00,3025366.74,827361.60,Canada,2005
Textiles and Clothing,3838759.58,3349439.67,1.81,1.14,0.53,4.57,0.50,0.02,0.00,1379,0.00,99.56,0.00,0.44,22.69,0.00,0.00,32.65,3350043.72,8.93,9.89,1379,80.42,13.63,0.73,5.22,32.00,0.00,455.23,3199899.06,150177.31,Canada,2005
Transportation,44483625.36,68806584.60,20.99,23.37,1.29,5.62,4.38,0.00,0.00,229,0.00,100.00,0.00,0.00,0.00,0.00,0.00,0.00,69075971.02,2.79,5.11,229,49.34,50.66,0.00,0.00,25.00,0.00,0.00,62069463.58,7006507.43,Canada,2005
Vegetable,5348647.87,3099481.52,2.52,1.05,1.05,6.06,4.50,0.02,0.04,447,0.00,99.78,0.00,0.22,29.50,0.00,0.00,26205.28,3065017.10,3.22,3.51,447,31.10,24.61,0.45,43.85,29.80,0.00,1265.77,2453639.18,637583.20,Canada,2005
Wood,9700105.18,29274603.52,4.58,9.94,1.38,3.23,2.43,0.00,0.00,470,0.00,100.00,0.00,0.00,0.00,0.00,0.00,0.00,29274132.23,0.49,0.31,470,15.32,84.26,0.00,0.43,18.00,0.00,0.00,3226993.24,26047138.99,Canada,2005
All Products,230244126.76,307723064.22,100.00,100.00,1.00,5.54,4.01,0.12,0.09,9375,0.31,98.06,0.05,1.58,166.32,0.00,179699.99,2481520.09,290274586.32,3.56,2.66,9375,52.74,37.37,1.88,8.02,350.00,0.00,45214872.21,181171405.32,111584701.09,Canada,2006
Capital goods,98194998.91,60725702.38,42.65,19.73,1.12,4.03,2.66,0.00,0.00,1609,0.00,100.00,0.00,0.00,0.00,0.00,0.00,0.00,60558843.91,1.55,4.40,1609,42.57,56.43,0.68,0.31,25.00,0.00,17432.26,39495252.09,21063591.83,Canada,2006
Consumer goods,70153888.58,113215770.48,30.47,36.79,0.94,6.20,4.13,0.28,0.22,3480,0.66,95.66,0.00,3.68,166.32,0.00,0.00,2257551.40,110742168.48,5.03,2.60,3480,59.54,25.69,3.42,11.35,350.00,0.00,10421322.73,71375212.07,41624507.81,Canada,2006
Intermediate goods,42468119.38,72528708.81,18.44,23.57,1.10,6.10,4.71,0.06,0.01,3417,0.18,99.39,0.15,0.29,163.00,0.00,179699.99,205405.18,71921677.07,3.74,1.43,3417,56.86,37.75,1.14,4.24,163.00,0.00,477514.04,29710424.02,42416658.23,Canada,2006
Raw materials,13335649.82,46287726.89,5.79,15.04,0.56,7.77,9.70,0.06,0.00,762,0.00,98.69,0.00,1.31,148.24,0.00,0.00,18563.51,46087009.58,1.92,1.60,762,21.26,50.79,0.92,27.03,350.00,0.00,34298603.18,39841026.37,6264546.71,Canada,2006
Animal,1914084.50,5651046.42,0.83,1.84,0.99,4.82,7.88,1.30,0.22,397,0.25,85.89,0.00,13.85,163.00,0.00,0.00,75552.41,5575494.01,3.09,2.08,397,34.76,30.73,0.25,34.26,163.00,0.00,17441.28,3425941.52,2225104.90,Canada,2006
Chemicals,17257157.78,15321513.47,7.50,4.98,1.01,7.26,4.62,0.00,0.00,1407,0.00,100.00,0.00,0.00,0.00,0.00,0.00,0.00,15326436.17,2.80,1.24,1407,67.87,31.06,0.00,1.07,12.90,0.00,0.00,4630432.27,10696003.89,Canada,2006
Food Products,6346728.38,6919619.59,2.76,2.25,1.02,8.35,6.54,1.65,3.56,700,4.00,83.00,0.71,12.29,166.32,0.00,179699.99,2371821.38,4547798.22,7.03,7.40,700,44.14,19.14,3.00,33.71,350.00,0.00,831130.14,5680205.41,1239414.19,Canada,2006
Footwear,364839.78,142897.90,0.16,0.05,0.08,6.37,1.45,0.00,0.00,162,0.00,100.00,0.00,0.00,0.00,0.00,0.00,0.00,142897.90,9.17,8.77,162,66.05,19.14,3.70,11.11,54.93,0.00,2673.72,107682.64,35215.26,Canada,2006
Fuels,8517171.40,74421584.88,3.70,24.18,0.47,5.27,0.32,0.00,0.00,66,0.00,100.00,0.00,0.00,0.00,0.00,0.00,0.00,74421584.88,0.62,1.71,66,7.58,56.06,31.82,4.55,8.97,0.00,43839038.44,43840163.31,30581421.57,Canada,2006
Hides and Skins,354627.31,239854.81,0.15,0.08,0.25,4.13,7.48,0.00,0.00,202,0.00,100.00,0.00,0.00,0.00,0.00,0.00,0.00,239854.81,3.83,3.60,202,81.19,18.32,0.00,0.50,20.00,0.00,0.00,187186.19,52668.63,Canada,2006
Mach and Elec,64427902.92,31113079.80,27.98,10.11,0.92,4.84,2.33,0.00,0.00,1392,0.00,100.00,0.00,0.00,0.00,0.00,0.00,0.00,31113079.80,1.41,1.05,1392,43.89,55.75,0.29,0.07,14.09,0.00,3423.75,15886636.08,15226443.72,Canada,2006
Metals,18535408.90,26648287.38,8.05,8.66,1.08,7.62,7.26,0.00,0.00,938,0.00,100.00,0.00,0.00,0.00,0.00,0.00,0.00,26648287.38,1.64,1.49,938,40.83,54.26,3.30,1.60,15.00,0.00,292610.81,16566585.92,10081701.46,Canada,2006
Minerals,2024381.78,1649954.83,0.88,0.54,1.10,14.62,14.96,0.00,0.00,106,0.00,100.00,0.00,0.00,0.00,0.00,0.00,0.00,1649954.83,0.30,0.10,106,6.60,85.85,1.89,5.66,6.66,0.00,172430.97,321262.99,1328691.85,Canada,2006
Miscellaneous,14142839.16,9191546.04,6.14,2.99,0.67,5.32,3.99,0.00,0.00,756,0.00,100.00,0.00,0.00,0.00,0.00,0.00,0.00,9191480.54,2.97,0.69,756,42.59,41.93,10.05,5.42,116.90,0.00,54174.43,2452843.75,6738636.79,Canada,2006
Plastic or Rubber,14140062.42,14400875.02,6.14,4.68,1.37,4.13,3.37,0.00,0.00,366,0.00,100.00,0.00,0.00,0.00,0.00,0.00,0.00,14400875.02,3.55,4.45,366,77.60,22.40,0.00,0.00,14.00,0.00,0.00,13740374.81,660500.20,Canada,2006
Stone and Glass,5113147.94,4728494.17,2.22,1.54,0.85,12.00,13.63,0.00,0.00,371,0.00,100.00,0.00,0.00,0.00,0.00,0.00,0.00,4728494.17,3.22,2.29,371,61.99,36.12,0.00,1.89,38.00,0.00,0.00,3765503.40,962990.76,Canada,2006
Textiles and Clothing,4006327.44,3127330.50,1.74,1.02,0.50,4.05,-0.73,0.02,0.00,1380,0.00,99.57,0.00,0.43,22.59,0.00,0.00,329.08,3127001.42,8.98,9.75,1380,80.22,13.70,0.87,5.22,32.00,0.00,436.98,3013114.62,114215.88,Canada,2006
Transportation,50716938.70,67743286.37,22.03,22.01,1.30,4.55,3.72,0.00,0.00,227,0.00,100.00,0.00,0.00,0.00,0.00,0.00,0.00,67743286.37,2.97,4.87,227,49.34,50.66,0.00,0.00,25.00,0.00,0.00,61549156.34,6194130.03,Canada,2006
Vegetable,5882608.92,3795692.07,2.55,1.23,1.06,4.82,4.01,0.02,0.04,449,0.00,99.78,0.00,0.22,29.22,0.00,0.00,33817.22,3757017.65,3.27,3.35,449,31.18,24.05,0.45,44.32,29.80,0.00,1511.69,2990156.94,800677.93,Canada,2006
Wood,10448655.46,27663953.10,4.54,8.99,1.41,4.14,3.86,0.00,0.00,457,0.00,100.00,0.00,0.00,0.00,0.00,0.00,0.00,27663953.10,0.48,0.31,457,15.32,84.25,0.00,0.44,18.00,0.00,0.00,3014159.14,24649793.96,Canada,2006
All Products,248408653.50,317481896.69,100.00,100.00,1.00,4.25,3.64,0.16,0.13,8153,0.07,98.22,0.07,1.63,137.21,0.00,214001.62,58492295.00,244031917.10,3.46,1.61,8153,47.61,41.60,2.43,8.35,350.00,0.00,52483407.22,170798400.53,131725811.57,Canada,2007
Capital goods,101864579.15,62490526.98,41.01,19.68,1.12,2.83,2.33,0.00,0.00,1179,0.00,100.00,0.00,0.00,0.00,0.00,0.00,14257866.83,47949921.71,1.06,0.32,1179,30.20,68.70,0.76,0.34,16.00,0.00,35589.07,22568301.30,39639487.23,Canada,2007
Consumer goods,78388736.45,113285692.14,31.56,35.68,0.93,5.92,5.09,0.39,0.45,3176,0.16,96.00,0.03,3.81,137.21,0.00,3037.12,42588960.70,70418160.36,5.26,2.70,3176,56.86,27.68,4.53,10.93,350.00,0.00,12227644.60,71327845.01,41679276.05,Canada,2007
Intermediate goods,44421030.30,74150789.13,17.88,23.36,1.11,2.47,2.24,0.09,0.01,2975,0.03,99.43,0.17,0.37,122.43,0.00,210964.51,1645323.59,72086745.64,3.50,1.28,2975,50.08,44.03,1.18,4.71,140.43,0.00,694153.43,30103786.05,43628283.18,Canada,2007
Raw materials,15541944.28,52597191.35,6.26,16.57,0.60,5.92,8.39,0.01,0.00,718,0.00,99.86,0.00,0.14,10.81,0.00,0.00,2.88,52365288.61,1.92,1.71,718,21.03,51.25,1.39,26.32,350.00,0.00,39526020.13,45866199.72,6499091.77,Canada,2007
Animal,2307225.60,6161937.75,0.93,1.94,1.02,9.00,9.97,1.87,0.30,333,0.30,82.88,0.30,16.52,122.43,0.00,3037.12,87205.79,6074731.96,3.71,2.38,333,26.73,36.64,2.10,34.53,122.43,0.00,34914.40,3847789.18,2314148.57,Canada,2007
Chemicals,17673905.09,17721704.40,7.11,5.58,0.97,4.73,2.22,0.00,0.00,1085,0.00,100.00,0.00,0.00,0.00,0.00,0.00,70632.50,17656322.08,2.41,1.02,1085,57.60,40.92,0.00,1.47,12.09,0.00,0.00,4328901.76,13398052.82,Canada,2007
Food Products,7513896.94,7180453.93,3.02,2.26,1.05,7.95,8.86,1.85,4.32,599,0.50,86.14,0.83,12.52,137.21,0.00,210964.51,2411647.18,4768806.75,8.66,7.88,599,40.73,20.53,6.84,31.89,350.00,0.00,869080.02,5846240.13,1334213.81,Canada,2007
Footwear,397802.15,133347.15,0.16,0.04,0.08,5.52,5.20,0.00,0.00,172,0.00,100.00,0.00,0.00,0.00,0.00,0.00,0.00,133347.15,8.25,8.74,172,64.53,20.35,3.49,11.63,54.59,0.00,21147.26,101575.60,31771.54,Canada,2007
Fuels,10382926.32,80081675.19,4.18,25.22,0.53,5.28,10.66,0.00,0.00,68,0.00,100.00,0.00,0.00,0.00,0.00,0.00,0.00,80081675.19,0.69,1.96,68,7.35,55.88,30.88,5.88,18.92,0.00,50832606.67,50836969.44,29244705.76,Canada,2007
Hides and Skins,410468.34,215569.18,0.17,0.07,0.27,5.38,10.22,0.00,0.00,207,0.00,100.00,0.00,0.00,0.00,0.00,0.00,0.00,215569.18,3.86,3.49,207,80.68,18.84,0.00,0.48,20.00,0.00,0.00,158031.22,57537.96,Canada,2007
Mach and Elec,66157477.47,32794086.35,26.63,10.33,0.91,3.15,1.51,0.00,0.00,1010,0.00,100.00,0.00,0.00,0.00,0.00,0.00,3499033.62,29296886.08,1.04,0.43,1010,31.98,67.62,0.40,0.00,12.50,0.00,6335.05,10121831.05,22674088.65,Canada,2007
Metals,19751927.10,29016892.71,7.95,9.14,1.14,1.27,3.33,0.01,0.00,839,0.12,99.88,0.00,0.00,10.00,0.00,0.00,1323102.42,27693790.29,1.34,1.23,839,33.49,61.26,3.46,1.79,15.00,0.00,461762.62,16651771.07,12365121.64,Canada,2007
Minerals,2336266.10,1700888.07,0.94,0.54,1.15,7.00,8.65,0.00,0.00,104,0.00,100.00,0.00,0.00,0.00,0.00,0.00,0.00,1700888.07,0.28,0.08,104,6.73,84.62,1.92,6.73,4.65,0.00,175294.01,277406.22,1423481.84,Canada,2007
Miscellaneous,23801873.94,23817393.23,9.58,7.50,0.91,6.11,23.06,0.00,0.00,674,0.00,100.00,0.00,0.00,0.00,0.00,0.00,725386.40,8134322.24,2.52,0.49,674,38.13,44.21,11.57,6.08,140.43,0.00,79716.14,2352373.47,6507335.16,Canada,2007
Plastic or Rubber,14463236.78,13935988.02,5.82,4.39,1.36,1.86,0.79,0.00,0.00,292,0.00,100.00,0.00,0.00,0.00,0.00,0.00,2008049.74,11926097.35,3.18,4.19,292,70.89,29.11,0.00,0.00,14.00,0.00,0.00,13193791.83,740355.26,Canada,2007
Stone and Glass,5820113.46,4830190.02,2.34,1.52,0.85,7.64,6.84,0.00,0.00,345,0.00,100.00,0.00,0.00,0.00,0.00,0.00,310121.61,4520068.41,3.09,2.01,345,60.58,38.55,0.00,0.87,38.00,0.00,0.00,3887101.22,943088.80,Canada,2007
Textiles and Clothing,3943302.48,2808608.26,1.59,0.88,0.45,3.73,-1.78,0.02,0.00,1341,0.07,99.78,0.00,0.15,20.18,0.00,0.00,61246.72,2747361.54,9.12,9.49,1341,81.73,13.05,0.60,4.62,32.00,0.00,670.38,2672349.76,136258.50,Canada,2007
Transportation,55642932.27,68009053.16,22.40,21.42,1.31,4.50,4.27,0.00,0.00,167,0.00,100.00,0.00,0.00,0.00,0.00,0.00,47924771.85,20084281.30,1.30,0.15,167,29.34,70.66,0.00,0.00,14.00,0.00,0.00,50115494.39,17893558.77,Canada,2007
Vegetable,6924697.48,4828969.48,2.79,1.52,1.08,8.45,8.70,0.02,0.08,437,0.00,99.77,0.00,0.23,26.79,0.00,0.00,71097.17,4752629.72,3.21,3.20,437,29.98,23.57,0.46,46.00,29.80,0.00,1880.67,3803310.11,1020416.78,Canada,2007
Wood,10880601.98,24245139.80,4.38,7.64,1.41,2.62,2.11,0.00,0.00,480,0.00,100.00,0.00,0.00,0.00,0.00,0.00,0.00,24245139.80,0.60,0.29,480,16.88,82.08,0.00,1.04,18.00,0.00,0.00,2603464.08,21641675.72,Canada,2007
All Products,260890167.24,339074076.15,100.00,100.00,1.00,3.63,1.83,0.11,0.08,9289,0.31,97.98,0.08,1.64,135.53,0.00,254797.96,2734299.07,321154930.13,3.49,2.13,9289,53.21,36.59,2.16,8.03,350.00,0.00,79299881.50,202527202.20,121362027.01,Canada,2008
Capital goods,99750403.54,53771443.03,38.23,15.86,1.12,-0.38,-2.17,0.00,0.00,1522,0.00,100.00,0.00,0.00,0.00,0.00,0.00,0.00,53544354.39,1.59,2.41,1522,46.19,52.96,0.53,0.33,25.00,0.00,57002.95,30453034.86,23091319.53,Canada,2008
Consumer goods,85090114.95,113236306.90,32.62,33.40,0.96,3.90,3.34,0.25,0.21,3502,0.66,95.69,0.03,3.63,131.80,0.00,3215.39,2428697.25,110152435.69,4.95,2.57,3502,59.59,25.59,4.20,10.62,350.00,0.00,14386432.45,67641097.03,44940035.91,Canada,2008
Intermediate goods,49322582.11,77220380.41,18.91,22.77,1.14,4.36,4.06,0.07,0.01,3391,0.18,99.17,0.18,0.47,119.56,0.00,251582.57,278563.00,76305338.31,3.64,1.35,3391,56.21,38.04,1.03,4.72,119.56,0.00,777000.27,31222078.54,45361822.76,Canada,2008
Raw materials,19364771.98,79661072.81,7.42,23.49,0.60,13.66,12.24,0.05,0.00,758,0.00,98.81,0.00,1.19,135.53,0.00,0.00,27038.82,79280282.87,1.81,1.41,758,20.84,50.26,1.45,27.44,350.00,0.00,64079445.83,71640794.27,7666527.42,Canada,2008
Animal,2507171.26,6082747.10,0.96,1.79,1.13,1.39,5.05,1.23,0.17,422,0.24,85.31,0.24,14.22,119.56,0.00,3215.39,63431.10,6019316.00,3.03,2.01,422,33.89,30.09,1.90,34.12,119.56,0.00,35314.25,3878276.00,2204471.10,Canada,2008
Chemicals,19292777.00,20312879.83,7.39,5.99,0.97,3.05,1.32,0.00,0.00,1388,0.00,100.00,0.00,0.00,0.00,0.00,0.00,0.00,20321337.27,2.78,1.05,1388,67.87,31.05,0.00,1.08,9.77,0.00,0.00,4994945.41,15326391.86,Canada,2008
Food Products,8875085.54,7613578.29,3.40,2.25,1.13,6.01,8.31,1.49,3.05,695,4.03,82.88,0.72,12.37,135.53,0.00,240912.78,2556515.87,5057062.42,7.03,6.76,695,44.46,18.56,6.33,30.65,350.00,0.00,941925.97,6278569.91,1335008.37,Canada,2008
Footwear,458923.89,129660.69,0.18,0.04,0.10,2.85,8.05,0.00,0.00,172,0.00,100.00,0.00,0.00,0.00,0.00,0.00,0.00,129660.69,8.45,8.88,172,65.70,19.19,3.49,11.63,52.59,0.00,18919.08,100386.27,29274.42,Canada,2008
Fuels,16513534.97,113081672.42,6.33,33.35,0.61,19.43,25.85,0.00,0.00,69,0.00,100.00,0.00,0.00,0.00,0.00,0.00,0.00,113081672.41,0.68,1.90,69,7.25,55.07,30.43,7.25,17.58,0.00,77489760.76,77496517.22,35585155.20,Canada,2008
Hides and Skins,423206.52,212319.07,0.16,0.06,0.23,2.74,-6.63,0.00,0.00,205,0.00,100.00,0.00,0.00,0.00,0.00,0.00,0.00,212319.07,3.99,3.12,205,81.95,17.56,0.00,0.49,20.00,0.00,0.00,138435.41,73883.66,Canada,2008
Mach and Elec,67178419.28,31901391.11,25.75,9.41,0.91,1.78,0.18,0.00,0.00,1308,0.00,100.00,0.00,0.00,0.00,0.00,0.00,0.00,31903485.67,1.47,1.01,1308,47.78,51.83,0.31,0.08,15.00,0.00,7154.78,15306320.78,16597164.89,Canada,2008
Metals,21817251.90,29745940.90,8.36,8.77,1.17,4.77,4.13,0.00,0.00,908,0.00,99.89,0.11,0.00,0.00,0.00,10669.79,10669.79,29735271.11,1.64,1.23,908,39.32,56.06,3.08,1.54,15.00,0.00,515345.67,16328472.91,13417467.98,Canada,2008
Minerals,2656328.54,2503049.52,1.02,0.74,1.38,-1.83,5.72,0.00,0.00,106,0.00,100.00,0.00,0.00,0.00,0.00,0.00,0.00,2503049.52,0.26,0.08,106,6.60,84.91,1.89,6.60,4.02,0.00,191919.76,374395.76,2128653.76,Canada,2008
Miscellaneous,23841922.38,23366431.07,9.14,6.89,0.88,3.50,0.12,0.00,0.00,743,0.00,100.00,0.00,0.00,0.00,0.00,0.00,0.00,8181584.12,2.71,0.90,743,43.20,40.92,11.17,4.71,93.91,0.00,98111.36,2789151.99,5392432.13,Canada,2008
Plastic or Rubber,15173631.93,13707495.26,5.82,4.04,1.38,2.54,1.60,0.00,0.00,370,0.00,100.00,0.00,0.00,0.00,0.00,0.00,0.00,13705395.30,3.53,4.40,370,77.30,22.70,0.00,0.00,14.00,0.00,0.00,13036236.25,669159.05,Canada,2008
Stone and Glass,7349090.08,5483833.49,2.82,1.62,0.91,11.04,12.78,0.00,0.00,375,0.00,100.00,0.00,0.00,0.00,0.00,0.00,0.00,5483833.49,3.22,2.10,375,62.67,35.47,0.00,1.87,38.00,0.00,0.00,4449819.48,1034014.01,Canada,2008
Textiles and Clothing,4043653.87,2222603.89,1.55,0.66,0.44,1.67,-1.75,0.02,0.00,1367,0.00,99.63,0.00,0.37,21.30,0.00,0.00,640.00,2221963.89,8.92,8.95,1367,80.54,13.83,0.22,5.41,32.00,0.00,35.68,2116848.43,105755.47,Canada,2008
Transportation,51477939.65,54347070.94,19.73,16.03,1.31,-3.00,-4.72,0.00,0.00,237,0.00,100.00,0.00,0.00,0.00,0.00,0.00,0.00,54347070.94,2.83,3.26,237,48.95,51.05,0.00,0.00,25.00,0.00,0.00,47299589.31,7047481.63,Canada,2008
Vegetable,8053046.28,7181941.48,3.09,2.12,1.14,7.64,8.47,0.02,0.05,448,0.00,99.78,0.00,0.22,22.62,0.00,0.00,103042.32,7070447.12,3.01,3.01,448,29.69,24.11,0.45,45.76,29.80,0.00,1394.19,5896086.16,1277403.28,Canada,2008
Wood,11228184.18,21181461.12,4.30,6.25,1.48,0.46,0.84,0.00,0.00,476,0.00,100.00,0.00,0.00,0.00,0.00,0.00,0.00,21181461.12,0.59,0.27,476,17.23,81.72,0.00,1.05,18.00,0.00,0.00,2043150.92,19138310.20,Canada,2008
All Products,204720827.31,227577354.21,100.00,100.00,1.00,-11.35,-12.40,0.11,0.10,9206,0.32,98.00,0.07,1.62,131.80,0.00,234939.38,2457919.06,213658617.95,3.53,2.10,9206,53.43,36.50,2.15,7.92,350.00,0.00,48460913.58,136330294.20,79786242.81,Canada,2009
Capital goods,74661007.26,37634946.71,36.47,16.54,1.09,-10.68,-12.81,0.00,0.00,1515,0.00,100.00,0.00,0.00,0.00,0.00,0.00,0.00,37462435.82,1.60,1.60,1515,46.20,52.94,0.53,0.33,25.00,0.00,32992.25,19682758.48,17779677.34,Canada,2009
Consumer goods,68603752.35,78178062.24,33.51,34.35,0.93,-8.93,-11.31,0.24,0.25,3471,0.66,95.65,0.03,3.66,131.80,0.00,3374.43,2168464.31,75601342.53,5.01,2.79,3471,59.90,25.21,4.26,10.63,350.00,0.00,9936411.04,50447288.24,27322518.60,Canada,2009
Intermediate goods,35069693.12,51227863.20,17.13,22.51,1.14,-12.62,-13.82,0.07,0.02,3378,0.18,99.20,0.15,0.47,122.21,0.00,231564.95,251372.17,50508940.83,3.70,1.41,3378,55.95,38.34,0.98,4.74,122.21,0.00,612329.02,21599903.02,29160409.98,Canada,2009
Raw materials,15253377.41,49075652.29,7.45,21.56,0.68,-17.43,-13.23,0.04,0.00,725,0.00,99.17,0.00,0.83,126.97,0.00,0.00,38082.58,48763671.82,1.82,1.69,725,22.07,49.93,1.24,26.76,350.00,0.00,37879181.27,43575863.69,5225890.71,Canada,2009
Animal,2333090.30,4929346.85,1.14,2.17,1.12,-2.26,-4.03,1.28,0.20,410,0.24,84.88,0.24,14.63,122.21,0.00,3374.43,60742.11,4868604.75,3.04,2.18,410,34.88,29.02,1.95,34.15,122.21,0.00,29982.95,3108049.33,1821297.52,Canada,2009
Chemicals,18602458.03,16164034.50,9.09,7.10,1.01,-4.70,-4.05,0.00,0.00,1394,0.00,100.00,0.00,0.00,0.00,0.00,0.00,0.00,16170412.60,2.72,1.10,1394,66.93,31.92,0.00,1.15,9.20,0.00,0.00,4224066.79,11946345.81,Canada,2009
Food Products,8854936.17,7036609.59,4.33,3.09,1.18,-1.59,-0.69,1.40,2.75,695,4.03,82.88,0.72,12.37,131.80,0.00,231564.95,2307518.11,4729091.47,6.88,6.54,695,44.60,18.71,6.04,30.65,350.00,0.00,843654.08,5793006.61,1243602.97,Canada,2009
Footwear,418642.98,108219.19,0.20,0.05,0.08,-3.31,-13.54,0.00,0.00,167,0.00,100.00,0.00,0.00,0.00,0.00,0.00,0.00,108219.19,8.64,10.73,167,65.87,18.56,3.59,11.98,51.97,0.00,16101.38,85142.80,23076.39,Canada,2009
Fuels,9674171.17,64941944.94,4.73,28.54,0.61,-22.73,-23.36,0.00,0.00,68,0.00,100.00,0.00,0.00,0.00,0.00,0.00,0.00,64941944.94,0.70,2.35,68,7.35,54.41,30.88,7.35,17.50,0.00,47054338.16,47062775.78,17879169.16,Canada,2009
Hides and Skins,368636.82,169692.66,0.18,0.07,0.23,-8.05,-9.28,0.00,0.00,191,0.00,100.00,0.00,0.00,0.00,0.00,0.00,0.00,169692.66,3.99,3.27,191,82.72,16.75,0.00,0.52,20.00,0.00,0.00,103406.89,66285.77,Canada,2009
Mach and Elec,51785246.69,23986979.46,25.30,10.54,0.89,-10.38,-12.18,0.00,0.00,1294,0.00,100.00,0.00,0.00,0.00,0.00,0.00,0.00,23988151.65,1.47,1.02,1294,47.60,52.01,0.31,0.08,15.00,0.00,1447.86,11749135.83,12239015.83,Canada,2009
Metals,14623708.84,16980810.53,7.14,7.46,1.20,-19.01,-18.80,0.00,0.00,906,0.00,100.00,0.00,0.00,0.00,0.00,0.00,0.00,16980810.53,1.62,1.31,906,39.40,55.74,3.20,1.66,15.00,0.00,358708.51,10060206.34,6920604.20,Canada,2009
Minerals,1427187.52,1499149.70,0.70,0.66,1.09,-17.47,-27.51,0.00,0.00,96,0.00,100.00,0.00,0.00,0.00,0.00,0.00,0.00,1499149.70,0.29,0.11,96,7.29,83.33,2.08,7.29,3.41,0.00,92000.38,242651.20,1256498.49,Canada,2009
Miscellaneous,25219782.42,17429418.93,12.32,7.66,0.94,-8.98,-7.31,0.00,0.00,743,0.00,100.00,0.00,0.00,0.00,0.00,0.00,0.00,5968601.73,3.18,1.03,743,43.88,39.84,11.17,5.11,96.25,0.00,63199.22,2263619.29,3704982.44,Canada,2009
Plastic or Rubber,12590609.04,10133093.41,6.15,4.45,1.39,-8.92,-9.55,0.00,0.00,366,0.00,100.00,0.00,0.00,0.00,0.00,0.00,0.00,10131921.21,3.60,4.25,366,78.14,21.86,0.00,0.00,14.00,0.00,0.00,9714714.71,417206.50,Canada,2009
Stone and Glass,5735242.39,4301994.86,2.80,1.89,0.79,-3.09,-10.69,0.00,0.00,360,0.00,100.00,0.00,0.00,0.00,0.00,0.00,0.00,4301994.86,3.13,2.01,360,62.50,35.56,0.00,1.94,38.00,0.00,0.00,3406022.31,895972.55,Canada,2009
Textiles and Clothing,3449389.16,1772431.05,1.68,0.78,0.42,-5.86,-8.91,0.01,0.00,1354,0.00,99.85,0.00,0.15,18.72,0.00,0.00,208.43,1772222.61,8.97,8.36,1354,81.31,13.59,0.07,5.02,32.00,0.00,37.84,1666412.38,106018.66,Canada,2009
Transportation,32353578.02,37398231.26,15.80,16.43,1.25,-14.32,-17.17,0.00,0.00,240,0.00,100.00,0.00,0.00,0.00,0.00,0.00,0.00,37398231.26,2.88,2.50,240,48.75,51.25,0.00,0.00,25.00,0.00,0.00,31137007.08,6261224.18,Canada,2009
Vegetable,7585063.08,5394617.30,3.71,2.37,1.14,-2.82,-3.68,0.02,0.06,446,0.00,99.78,0.00,0.22,20.46,0.00,0.00,89450.41,5298788.80,3.01,3.04,446,32.06,24.22,0.45,43.27,29.80,0.00,1443.18,4307162.06,1081077.15,Canada,2009
Wood,9699084.68,15330779.99,4.74,6.74,1.52,-7.24,-7.10,0.00,0.00,476,0.00,100.00,0.00,0.00,0.00,0.00,0.00,0.00,15330779.99,0.59,0.25,476,17.23,81.72,0.00,1.05,18.00,0.00,0.00,1406914.79,13923865.19,Canada,2009
All Products,249248665.68,280426517.80,100.00,100.00,1.00,10.48,9.67,0.11,0.09,9231,0.32,97.88,0.06,1.73,138.39,0.00,236658.11,2791936.24,266529002.42,3.50,2.12,9231,53.56,36.46,2.05,7.93,350.00,0.00,65662930.38,180195278.06,89125660.61,Canada,2010
Capital goods,94616321.52,40619798.77,37.96,14.48,1.09,11.20,10.14,0.00,0.00,1509,0.00,100.00,0.00,0.00,0.00,0.00,0.00,0.00,40394561.87,1.58,1.27,1509,46.06,53.08,0.53,0.33,25.00,0.00,45016.76,23006422.39,17388139.47,Canada,2010
Consumer goods,81850220.74,100913167.45,32.84,35.99,0.95,8.64,9.17,0.25,0.22,3502,0.69,95.29,0.03,4.00,131.80,0.00,3127.22,2460836.52,96635966.07,5.01,2.91,3502,60.14,25.07,3.88,10.91,350.00,0.00,14238541.46,69836331.56,29260471.04,Canada,2010
Intermediate goods,45087568.72,65125550.30,18.09,23.22,1.11,13.55,11.24,0.08,0.02,3367,0.18,99.26,0.15,0.42,138.39,0.00,233530.89,255013.82,64463154.13,3.63,1.46,3367,56.13,38.46,1.07,4.34,138.39,0.00,786113.04,29399459.03,35318708.91,Canada,2010
Raw materials,17468372.22,63813752.60,7.01,22.76,0.65,9.74,6.20,0.04,0.00,736,0.00,99.18,0.00,0.82,121.54,0.00,0.00,76085.90,63469525.52,1.82,1.72,736,22.42,49.46,1.22,26.90,350.00,0.00,50593259.13,56814124.42,6731487.00,Canada,2010
Animal,2715316.89,5785783.91,1.09,2.06,1.19,5.95,8.43,1.30,0.21,440,0.45,83.41,0.23,15.91,138.39,0.00,3127.22,72535.46,5713368.83,3.15,2.16,440,38.18,27.05,1.82,32.95,138.39,0.00,37548.88,3639121.83,2146782.46,Canada,2010
Chemicals,21309928.60,18650118.83,8.55,6.65,1.05,5.03,6.22,0.00,0.00,1398,0.00,100.00,0.00,0.00,0.00,0.00,0.00,0.00,18767947.79,2.75,1.25,1398,67.60,31.40,0.00,1.00,9.35,0.00,0.00,5374189.78,13393758.00,Canada,2010
Food Products,9777448.97,7830205.67,3.92,2.79,1.17,5.53,4.39,1.47,2.76,702,3.99,82.91,0.71,12.39,131.80,0.00,233530.89,2656430.76,5170838.46,7.33,6.65,702,44.02,18.52,6.70,30.77,350.00,0.00,924169.33,6442581.93,1384687.29,Canada,2010
Footwear,459749.62,110513.70,0.18,0.04,0.07,5.99,0.98,0.00,0.00,173,0.00,100.00,0.00,0.00,0.00,0.00,0.00,0.00,111423.86,8.19,10.25,173,64.74,20.23,3.47,11.56,50.70,0.00,18288.40,88157.57,23266.28,Canada,2010
Fuels,13153607.79,85270546.00,5.28,30.41,0.61,14.42,13.26,0.00,0.00,68,0.00,100.00,0.00,0.00,0.00,0.00,0.00,0.00,84090009.88,0.70,2.76,68,7.35,54.41,30.88,7.35,16.83,0.00,63965740.45,63976035.95,20113973.93,Canada,2010
Hides and Skins,450737.76,225242.24,0.18,0.08,0.21,8.02,1.07,0.00,0.00,198,0.00,100.00,0.00,0.00,0.00,0.00,0.00,0.00,225234.03,3.95,3.45,198,81.31,18.18,0.00,0.51,20.00,0.00,0.00,143117.18,82116.85,Canada,2010
Mach and Elec,63797207.60,25833287.30,25.60,9.21,0.88,9.84,8.06,0.00,0.00,1295,0.00,100.00,0.00,0.00,0.00,0.00,0.00,0.00,25755180.01,1.47,1.05,1295,47.49,52.12,0.31,0.08,15.00,0.00,1294.72,13340957.31,12414222.70,Canada,2010
Metals,19680712.77,22456330.47,7.90,8.01,1.24,15.16,15.91,0.00,0.00,935,0.00,100.00,0.00,0.00,0.00,0.00,0.00,0.00,22457246.91,1.64,1.27,935,39.68,55.40,3.32,1.60,15.00,0.00,532390.30,13100829.54,9356417.37,Canada,2010
Minerals,2286843.76,1706972.50,0.92,0.61,1.17,24.12,27.58,0.00,0.00,97,0.00,100.00,0.00,0.00,0.00,0.00,0.00,0.00,1706728.08,0.27,0.08,97,6.19,83.51,2.06,8.25,3.52,0.00,105882.20,243105.28,1463622.81,Canada,2010
Miscellaneous,26052034.81,16989705.12,10.45,6.06,0.92,7.45,5.85,0.00,0.00,697,0.00,100.00,0.00,0.00,0.00,0.00,0.00,0.00,7020965.40,2.84,1.01,697,44.62,41.18,9.18,5.02,100.41,0.00,76413.66,2622190.34,4398775.07,Canada,2010
Plastic or Rubber,15409500.05,12257112.40,6.18,4.37,1.41,10.43,10.17,0.00,0.00,367,0.00,100.00,0.00,0.00,0.00,0.00,0.00,0.00,12256402.90,3.55,4.25,367,77.66,22.34,0.00,0.00,14.00,0.00,0.00,11702512.83,553890.06,Canada,2010
Stone and Glass,7131978.05,7369505.93,2.86,2.63,0.67,18.68,8.64,0.00,0.00,356,0.00,100.00,0.00,0.00,0.00,0.00,0.00,0.00,7369671.20,3.15,1.92,356,62.64,35.96,0.00,1.40,38.00,0.00,0.00,6320480.98,1049190.22,Canada,2010
Textiles and Clothing,3939420.20,1965386.02,1.58,0.70,0.42,5.99,5.17,0.01,0.00,1335,0.00,99.85,0.00,0.15,17.68,0.00,0.00,139.87,1965421.14,8.92,8.27,1335,81.27,13.56,0.30,4.87,32.00,0.00,96.97,1855523.61,110037.40,Canada,2010
Transportation,44029753.74,51264528.97,17.66,18.28,1.28,14.12,14.39,0.00,0.00,237,0.00,100.00,0.00,0.00,0.00,0.00,0.00,0.00,51279163.19,2.85,2.22,237,49.37,50.63,0.00,0.00,25.00,0.00,0.00,45566148.48,5713014.71,Canada,2010
Vegetable,8247099.53,5600135.20,3.31,2.00,1.10,4.90,2.06,0.01,0.03,452,0.00,99.78,0.00,0.22,18.55,0.00,0.00,62830.15,5528516.96,3.01,3.23,452,32.30,23.67,0.44,43.58,29.80,0.00,1105.47,4382805.51,1208541.60,Canada,2010
Wood,10807325.54,17111143.54,4.34,6.10,1.53,5.68,5.24,0.00,0.00,481,0.00,100.00,0.00,0.00,0.00,0.00,0.00,0.00,17110883.78,0.61,0.23,481,17.67,81.29,0.00,1.04,18.00,0.00,0.00,1397519.92,15713363.86,Canada,2010
All Products,281237169.08,317921220.03,100.00,100.00,1.00,7.20,6.29,0.12,0.09,9214,0.35,97.80,0.01,1.85,131.80,0.00,2918.98,3092455.26,304053896.39,3.48,2.19,9214,53.38,36.54,1.92,8.16,350.00,0.00,86066383.84,212028274.95,95118076.69,Canada,2011
Capital goods,106381925.38,45153782.26,37.83,14.20,1.08,6.82,5.67,0.00,0.00,1516,0.00,99.67,0.00,0.33,0.00,0.00,0.00,0.00,44990899.87,1.56,1.33,1516,46.04,52.97,0.33,0.66,25.00,0.00,47594.97,25231727.27,19759172.60,Canada,2011
Consumer goods,93288238.70,104899353.32,33.17,33.00,0.98,6.09,7.02,0.24,0.23,3515,0.74,95.16,0.03,4.07,131.80,0.00,2918.98,2725270.93,101088439.10,4.98,3.05,3515,59.89,25.06,3.84,11.21,350.00,0.00,16186484.90,75876409.16,27937300.88,Canada,2011
Intermediate goods,50496157.00,72452755.31,17.95,22.79,1.09,8.10,6.04,0.09,0.04,3329,0.18,99.34,0.00,0.48,125.31,0.00,0.00,279032.73,71341867.18,3.61,1.51,3329,55.87,38.78,0.90,4.45,125.31,0.00,664570.10,32719264.89,38901635.02,Canada,2011
Raw materials,19982063.38,84640259.95,7.11,26.62,0.62,10.26,6.74,0.03,0.00,739,0.00,99.19,0.00,0.81,116.08,0.00,0.00,88151.59,84019239.20,1.85,1.63,739,22.60,49.53,0.95,26.93,350.00,0.00,69167733.88,76139014.99,7968375.80,Canada,2011
Animal,3237904.01,5784899.11,1.15,1.82,1.21,9.34,9.43,1.24,0.21,434,0.92,83.41,0.23,15.44,125.31,0.00,2918.98,69824.30,5715074.81,3.08,2.16,434,39.40,27.19,1.84,31.57,125.31,0.00,38785.26,3560500.60,2224398.51,Canada,2011
Chemicals,23498839.96,21426166.23,8.36,6.74,1.10,4.12,5.59,0.00,0.00,1379,0.00,100.00,0.00,0.00,0.00,0.00,0.00,0.00,21439574.90,2.76,1.31,1379,67.51,31.47,0.00,1.02,9.76,0.00,0.00,6425064.72,15014510.18,Canada,2011
Food Products,11209116.81,8823348.91,3.99,2.78,1.20,7.19,7.30,1.64,2.87,699,4.01,82.98,0.00,13.02,131.80,0.00,0.00,2935361.64,5887987.27,7.12,6.65,699,43.92,18.60,5.44,32.05,350.00,0.00,801889.35,7299075.99,1524272.92,Canada,2011
Footwear,505786.59,101416.65,0.18,0.03,0.07,6.08,4.41,0.00,0.00,169,0.00,99.41,0.00,0.59,0.00,0.00,0.00,0.00,101416.65,8.27,8.55,169,65.09,20.12,2.37,12.43,50.65,0.00,932.47,80515.13,20901.52,Canada,2011
Fuels,18811787.60,103404658.50,6.69,32.53,0.64,16.02,18.18,0.00,0.00,67,0.00,100.00,0.00,0.00,0.00,0.00,0.00,0.00,103404658.50,0.72,3.08,67,7.46,53.73,31.34,7.46,17.13,0.00,84501624.45,84516378.35,18888280.15,Canada,2011
Hides and Skins,576552.40,233929.17,0.20,0.07,0.27,7.03,20.28,0.00,0.00,205,0.00,100.00,0.00,0.00,0.00,0.00,0.00,0.00,233929.17,4.03,3.94,205,82.44,17.07,0.00,0.49,20.00,0.00,0.00,147678.33,86250.84,Canada,2011
Mach and Elec,71319011.08,28363328.75,25.36,8.92,0.87,6.49,4.94,0.00,0.00,1300,0.00,100.00,0.00,0.00,0.00,0.00,0.00,0.00,28363891.37,1.48,1.03,1300,47.77,51.85,0.31,0.08,15.00,0.00,948.49,14344993.12,14018898.25,Canada,2011
Metals,22348224.72,24901600.11,7.95,7.83,1.25,7.20,6.68,0.00,0.00,911,0.00,100.00,0.00,0.00,0.00,0.00,0.00,0.00,24901600.11,1.64,1.24,911,38.64,56.20,3.18,1.98,15.00,0.00,632160.32,14040973.88,10860626.23,Canada,2011
Minerals,2794863.03,2148555.76,0.99,0.68,1.16,11.88,10.66,0.00,0.00,99,0.00,100.00,0.00,0.00,0.00,0.00,0.00,0.00,2148555.76,0.33,0.24,99,7.07,82.83,0.00,10.10,11.21,0.00,0.00,441994.05,1706561.72,Canada,2011
Miscellaneous,28118398.35,18434051.61,10.00,5.80,0.96,4.48,5.54,0.00,0.00,725,0.00,98.90,0.00,1.10,0.00,0.00,0.00,0.00,7659183.22,2.64,1.03,725,43.59,40.14,9.38,6.90,52.89,0.00,89034.46,2870037.02,4789146.20,Canada,2011
Plastic or Rubber,17285729.17,13961921.61,6.15,4.39,1.39,7.20,5.58,0.00,0.00,369,0.00,100.00,0.00,0.00,0.00,0.00,0.00,0.00,13961358.99,3.56,4.24,369,77.78,22.22,0.00,0.00,14.00,0.00,0.00,13196041.18,765317.81,Canada,2011
Stone and Glass,8082059.14,7799539.60,2.87,2.45,0.60,14.23,7.60,0.00,0.00,362,0.00,100.00,0.00,0.00,0.00,0.00,0.00,0.00,7799539.60,3.20,1.82,362,62.71,35.91,0.00,1.38,38.00,0.00,0.00,6516648.89,1282890.71,Canada,2011
Textiles and Clothing,4344053.76,2049377.43,1.54,0.64,0.40,6.12,3.43,0.01,0.00,1329,0.00,99.85,0.00,0.15,14.85,0.00,0.00,340.27,2049037.16,8.94,8.17,1329,80.81,14.00,0.23,4.97,32.00,0.00,20.23,1922986.71,126390.72,Canada,2011
Transportation,48974378.74,55877756.73,17.41,17.58,1.31,4.84,5.38,0.00,0.00,239,0.00,100.00,0.00,0.00,0.00,0.00,0.00,0.00,55877756.73,2.67,2.26,239,48.12,51.88,0.00,0.00,25.00,0.00,0.00,49316533.30,6561223.43,Canada,2011
Vegetable,9202355.52,7540111.28,3.27,2.37,1.10,6.89,5.85,0.01,0.04,449,0.00,99.78,0.00,0.22,18.18,0.00,0.00,86929.04,7439773.57,3.07,3.44,449,32.29,23.83,0.45,43.43,29.80,0.00,988.83,6019752.25,1506950.36,Canada,2011
Wood,10928108.18,17070558.58,3.89,5.37,1.56,0.14,0.24,0.00,0.00,478,0.00,100.00,0.00,0.00,0.00,0.00,0.00,0.00,17070558.58,0.59,0.21,478,16.95,82.01,0.00,1.05,18.00,0.00,0.00,1329101.42,15741457.17,Canada,2011
All Products,292567766.74,327502570.36,100.00,100.00,1.00,1.30,2.41,0.11,0.09,9386,0.34,97.83,0.01,1.82,131.80,0.00,2921.46,3303164.67,308175028.30,3.38,2.29,9386,53.00,36.84,1.84,8.31,350.00,0.00,91136068.74,222674759.18,88803433.79,Canada,2012
Capital goods,112949281.76,47266618.92,38.61,14.43,1.08,2.47,3.70,0.00,0.00,1510,0.00,99.74,0.00,0.26,0.00,0.00,0.00,0.00,46722438.17,1.56,1.39,1510,45.89,53.11,0.40,0.60,25.00,0.00,71936.32,26750640.48,19971797.70,Canada,2012
Consumer goods,96715531.97,109781077.95,33.06,33.52,0.97,1.22,1.80,0.25,0.27,3404,0.76,95.12,0.03,4.08,131.80,0.00,2921.46,2921492.50,96170975.93,4.94,2.94,3404,60.99,24.76,3.23,11.02,131.80,0.00,10207080.97,76292157.20,22800311.23,Canada,2012
Intermediate goods,51437493.97,68851023.36,17.58,21.02,1.10,-0.05,1.49,0.10,0.04,3305,0.18,99.27,0.00,0.54,110.14,0.00,0.00,289657.02,66612583.57,3.54,1.47,3305,55.82,38.79,0.85,4.54,110.14,0.00,553705.37,29241047.14,37661193.46,Canada,2012
Raw materials,19901390.57,89940346.62,6.80,27.46,0.61,0.39,0.95,0.02,0.00,685,0.00,98.83,0.00,1.17,13.15,0.00,0.00,91868.63,83935952.23,1.86,1.96,685,22.48,48.18,0.88,28.47,350.00,0.00,72870771.73,77971451.88,6056368.99,Canada,2012
Animal,3564897.52,5869677.56,1.22,1.79,1.22,3.27,5.05,0.91,0.23,542,0.74,85.98,0.18,13.10,117.39,0.00,2921.46,77477.45,5750100.54,2.46,1.96,542,34.50,33.76,2.21,29.52,117.39,0.00,37990.28,3584994.03,2242583.95,Canada,2012
Chemicals,23151911.53,20089048.74,7.91,6.13,1.08,0.47,0.64,0.00,0.00,1407,0.00,100.00,0.00,0.00,0.00,0.00,0.00,0.00,19853566.72,2.79,1.26,1407,67.52,31.56,0.00,0.92,8.94,0.00,0.00,5371516.92,14482049.81,Canada,2012
Food Products,12192357.44,9658695.84,4.17,2.95,1.22,2.68,4.70,1.43,2.90,690,4.06,83.62,0.00,12.32,131.80,0.00,0.00,3123762.61,6353737.57,6.27,6.51,690,43.48,20.14,5.36,31.01,350.00,0.00,861849.82,7877512.66,1599987.52,Canada,2012
Footwear,590937.97,89391.17,0.20,0.03,0.08,1.47,8.00,0.00,0.00,195,0.00,99.49,0.00,0.51,0.00,0.00,0.00,0.00,88238.58,7.64,8.02,195,68.72,17.95,2.56,10.77,49.79,0.00,806.44,69533.53,18705.06,Canada,2012
Fuels,18927854.90,105397751.48,6.47,32.18,0.67,-1.72,1.76,0.00,0.00,73,0.00,100.00,0.00,0.00,0.00,0.00,0.00,0.00,103655361.74,0.66,3.68,73,6.85,52.05,34.25,6.85,16.43,0.00,89595952.18,89605455.17,14049906.57,Canada,2012
Hides and Skins,716451.29,278514.09,0.24,0.09,0.30,3.81,11.04,0.00,0.00,200,0.00,100.00,0.00,0.00,0.00,0.00,0.00,0.00,275333.53,3.97,3.71,200,82.00,17.50,0.00,0.50,20.00,0.00,0.00,143373.67,131959.86,Canada,2012
Mach and Elec,74655000.77,29183038.76,25.52,8.91,0.88,1.44,3.37,0.00,0.00,1300,0.00,100.00,0.00,0.00,0.00,0.00,0.00,0.00,28953617.17,1.46,1.04,1300,47.23,52.38,0.31,0.08,15.00,0.00,801.04,14917513.14,14036104.03,Canada,2012
Metals,22930278.77,23515806.00,7.84,7.18,1.18,2.33,0.91,0.00,0.00,917,0.00,100.00,0.00,0.00,0.00,0.00,0.00,0.00,23174670.52,1.65,1.25,917,38.93,56.05,3.05,1.96,15.00,0.00,522088.21,12728695.83,10445974.68,Canada,2012
Minerals,2563989.13,2121918.92,0.88,0.65,1.03,0.08,-4.97,0.00,0.00,101,0.00,100.00,0.00,0.00,0.00,0.00,0.00,0.00,1986044.41,0.30,0.32,101,5.94,84.16,0.00,9.90,11.02,0.00,0.00,432997.56,1553046.85,Canada,2012
Miscellaneous,30241474.77,19407416.54,10.34,5.93,0.96,2.71,4.24,0.00,0.00,728,0.00,99.04,0.00,0.96,0.00,0.00,0.00,0.00,8163048.01,2.61,1.52,728,45.74,39.84,8.10,6.32,48.93,0.00,115896.54,3498164.66,4664883.35,Canada,2012
Plastic or Rubber,17975529.62,13902100.37,6.14,4.24,1.36,1.81,1.67,0.00,0.00,370,0.00,100.00,0.00,0.00,0.00,0.00,0.00,0.00,13646750.23,3.52,4.23,370,77.30,22.70,0.00,0.00,14.00,0.00,0.00,12800655.84,846094.39,Canada,2012
Stone and Glass,7996056.39,6584848.57,2.73,2.01,0.65,-4.51,-0.08,0.00,0.00,359,0.00,100.00,0.00,0.00,0.00,0.00,0.00,0.00,6543756.35,3.18,1.79,359,62.40,35.65,0.00,1.95,38.00,0.00,0.00,5281400.77,1262355.57,Canada,2012
Textiles and Clothing,4589156.69,2079654.23,1.57,0.64,0.41,-0.18,1.27,0.01,0.00,1319,0.00,99.55,0.00,0.45,13.95,0.00,0.00,27.13,2057730.88,8.91,8.07,1319,80.89,13.57,0.08,5.46,32.00,0.00,14.90,1917470.12,140287.90,Canada,2012
Transportation,52108727.86,64329681.67,17.81,19.64,1.27,4.08,3.24,0.00,0.00,231,0.00,100.00,0.00,0.00,0.00,0.00,0.00,0.00,64021558.01,2.82,2.30,231,49.35,50.65,0.00,0.00,25.00,0.00,0.00,56972288.75,7049269.26,Canada,2012
Vegetable,9441563.82,7892743.57,3.23,2.41,1.09,1.73,2.39,0.01,0.04,481,0.00,99.79,0.00,0.21,18.37,0.00,0.00,101897.48,7625962.51,2.96,3.20,481,30.98,25.57,0.42,43.04,29.80,0.00,669.33,6061251.49,1666608.51,Canada,2012
Wood,10921578.27,17102282.86,3.73,5.22,1.51,0.33,0.03,0.00,0.00,473,0.00,100.00,0.00,0.00,0.00,0.00,0.00,0.00,16025551.53,0.64,0.24,473,17.97,80.97,0.00,1.06,18.00,0.00,0.00,1411935.05,14613616.48,Canada,2012
All Products,300685610.56,337126102.07,100.00,100.00,1.00,-0.06,1.39,0.11,0.10,9183,0.34,97.91,0.01,1.74,131.80,0.00,3645.41,3485636.53,315200579.81,3.38,2.27,9183,52.85,37.26,1.70,8.19,371.99,0.00,95322691.93,227742820.12,90943396.22,Canada,2013
Capital goods,112032733.33,46765936.29,37.26,13.87,1.04,-0.05,-0.61,0.00,0.00,1512,0.00,99.74,0.00,0.26,0.00,0.00,0.00,0.00,46248952.00,1.55,1.41,1512,45.90,53.11,0.40,0.60,25.00,0.00,59504.02,26374695.10,19874256.90,Canada,2013
Consumer goods,102231429.56,111095883.99,34.00,32.95,0.98,1.30,3.07,0.24,0.28,3328,0.75,95.40,0.03,3.82,131.80,0.00,3645.41,3096022.34,95811377.66,4.97,2.93,3328,61.00,25.15,3.00,10.85,350.00,0.00,10327523.19,74625551.04,24281848.97,Canada,2013
Intermediate goods,51216556.48,72085127.48,17.03,21.38,1.08,-0.77,-0.11,0.09,0.04,3224,0.19,99.32,0.00,0.50,99.69,0.00,0.00,303057.84,69969233.58,3.48,1.47,3224,55.15,39.52,0.78,4.56,371.99,0.00,597453.04,31450213.80,38822077.62,Canada,2013
Raw materials,21519644.96,94726314.46,7.16,28.10,0.71,-4.27,4.53,0.05,0.00,674,0.00,98.52,0.00,1.48,113.60,0.00,0.00,85678.03,87929942.28,1.95,2.01,674,22.55,48.07,0.89,28.49,350.00,0.00,76657571.59,82393449.80,5622170.52,Canada,2013
Animal,3604487.43,6389598.57,1.20,1.90,1.16,1.14,0.06,0.88,0.24,471,0.64,87.26,0.21,11.89,110.49,0.00,3645.41,93584.81,6253464.72,2.41,1.93,471,33.33,35.46,2.34,28.87,110.49,0.00,41485.57,4038606.14,2308443.39,Canada,2013
Chemicals,23768032.80,20128082.40,7.90,5.97,1.04,1.04,0.89,0.00,0.00,1407,0.00,100.00,0.00,0.00,0.00,0.00,0.00,0.00,19890500.72,2.79,1.33,1407,67.59,31.49,0.00,0.92,8.21,0.00,0.00,5778670.70,14111830.03,Canada,2013
Food Products,13010942.55,10260056.89,4.33,3.04,1.21,1.83,2.94,1.49,2.81,711,3.94,83.54,0.00,12.52,131.80,0.00,0.00,3252126.10,6838617.66,7.21,6.29,711,42.62,20.39,5.63,31.36,350.00,0.00,913639.70,8365259.96,1725483.80,Canada,2013
Footwear,631333.06,83622.78,0.21,0.02,0.08,1.82,0.99,0.00,0.00,188,0.00,99.47,0.00,0.53,0.00,0.00,0.00,0.00,82858.74,8.08,8.06,188,70.21,16.49,2.13,11.17,49.63,0.00,414.85,66233.75,16624.99,Canada,2013
Fuels,24954704.85,113150559.64,8.30,33.56,0.91,-1.14,16.43,0.00,0.00,71,0.00,100.00,0.00,0.00,0.00,0.00,0.00,0.00,109575472.43,0.68,3.47,71,7.04,52.11,33.80,7.04,16.08,0.00,93693565.21,93697585.42,15877887.01,Canada,2013
Hides and Skins,819797.61,297289.87,0.27,0.09,0.30,7.44,8.63,0.00,0.00,193,0.00,100.00,0.00,0.00,0.00,0.00,0.00,0.00,295648.69,4.06,3.01,193,81.35,18.13,0.00,0.52,20.00,0.00,0.00,133122.84,162525.85,Canada,2013
Mach and Elec,72544988.42,27998761.18,24.13,8.31,0.83,-0.78,-2.28,0.00,0.00,1290,0.00,100.00,0.00,0.00,0.00,0.00,0.00,0.00,27796937.59,1.45,1.07,1290,47.29,52.33,0.31,0.08,15.00,0.00,1253.28,14255320.23,13541617.36,Canada,2013
Metals,22115409.30,22966388.98,7.36,6.81,1.16,-2.50,-1.97,0.00,0.00,925,0.00,100.00,0.00,0.00,0.00,0.00,0.00,0.00,22671484.91,1.64,1.26,925,39.89,55.68,2.49,1.95,15.00,0.00,560497.26,13032929.53,9638555.38,Canada,2013
Minerals,2497384.62,1792758.37,0.83,0.53,1.03,-3.34,-1.87,0.00,0.00,95,0.00,100.00,0.00,0.00,0.00,0.00,0.00,0.00,1682291.97,0.35,0.40,95,6.32,83.16,0.00,10.53,12.03,0.00,0.00,444249.31,1238042.66,Canada,2013
Miscellaneous,32107430.27,20161033.46,10.68,5.98,0.96,1.44,2.79,0.00,0.00,713,0.00,99.02,0.00,0.98,0.00,0.00,0.00,0.00,8186540.54,2.80,1.44,713,45.72,41.65,6.73,5.89,371.99,0.00,110768.15,3349040.58,4837499.96,Canada,2013
Plastic or Rubber,17772269.42,14027163.85,5.91,4.16,1.31,-0.69,-0.85,0.00,0.00,365,0.00,100.00,0.00,0.00,0.00,0.00,0.00,0.00,13833455.16,3.60,4.32,365,78.36,21.64,0.00,0.00,14.00,0.00,0.00,13070944.77,762510.39,Canada,2013
Stone and Glass,7615444.22,7402694.34,2.53,2.20,0.63,-3.58,-3.53,0.00,0.00,357,0.00,100.00,0.00,0.00,0.00,0.00,0.00,0.00,7350383.68,3.10,1.84,357,62.18,35.85,0.00,1.96,38.00,0.00,0.00,6246229.78,1104153.90,Canada,2013
Textiles and Clothing,4747667.45,2002646.06,1.58,0.59,0.37,1.97,-1.89,0.02,0.00,1230,0.00,99.51,0.00,0.49,13.41,0.00,0.00,39.87,1985095.72,9.01,8.18,1230,80.41,13.50,0.00,6.10,32.00,0.00,0.00,1840299.61,144835.98,Canada,2013
Transportation,53812590.71,63274853.92,17.90,18.77,1.25,1.32,2.04,0.00,0.00,238,0.00,100.00,0.00,0.00,0.00,0.00,0.00,0.00,62974198.65,2.71,2.28,238,48.74,51.26,0.00,0.00,25.00,0.00,0.00,55318079.68,7656118.97,Canada,2013
Vegetable,9661297.73,8436465.31,3.21,2.50,1.05,0.90,0.52,0.01,0.05,460,0.00,99.78,0.00,0.22,18.37,0.00,0.00,139885.75,8154765.41,2.90,2.98,460,31.52,25.65,0.43,42.39,29.80,0.00,1067.93,6529351.96,1765299.20,Canada,2013
Wood,11021830.12,18754126.45,3.67,5.56,1.46,0.50,0.18,0.00,0.00,469,0.00,100.00,0.00,0.00,0.00,0.00,0.00,0.00,17628863.21,0.58,0.24,469,16.84,82.09,0.00,1.07,18.00,0.00,0.00,1576895.86,16051967.35,Canada,2013
All Products,312371471.16,354171825.40,100.00,100.00,1.00,0.14,2.30,0.11,0.09,9242,0.35,97.77,0.01,1.87,131.80,0.00,3933.17,3652529.60,336450746.91,3.36,2.16,9242,52.63,37.22,1.74,8.41,350.00,0.00,101777126.04,238312682.64,101790593.87,Canada,2014
Capital goods,112824745.70,49820119.00,36.12,14.07,1.00,0.01,0.31,0.00,0.00,1521,0.00,99.74,0.00,0.26,0.00,0.00,0.00,0.00,49652193.09,1.58,1.45,1521,46.02,52.99,0.39,0.59,25.00,0.00,78299.49,28153833.56,21498359.53,Canada,2014
Consumer goods,104817605.15,112904471.38,33.56,31.88,0.96,1.07,1.97,0.25,0.28,3404,0.76,95.09,0.03,4.11,131.80,0.00,3933.17,3264239.44,101245683.55,5.00,2.72,3404,60.99,24.71,3.08,11.22,350.00,0.00,8963020.48,73701182.58,30808740.42,Canada,2014
Intermediate goods,51163502.03,73996268.87,16.38,20.89,1.02,0.85,0.28,0.10,0.04,3185,0.19,99.15,0.00,0.66,98.28,0.00,0.00,313662.87,72796972.62,3.38,1.46,3185,54.29,39.94,0.85,4.93,98.45,0.00,656128.38,32271252.42,40839383.06,Canada,2014
Raw materials,28727921.44,103382417.26,9.20,29.19,1.02,-4.00,17.65,0.04,0.00,662,0.00,99.09,0.00,0.91,113.92,0.00,0.00,74123.26,98196077.68,1.96,2.01,662,22.96,49.55,0.91,26.59,350.00,0.00,85650688.32,91880969.36,6389231.58,Canada,2014
Animal,3510141.31,7656121.79,1.12,2.16,1.04,1.81,-1.47,0.94,0.22,535,0.75,85.23,0.19,13.83,105.31,0.00,3933.17,101059.50,7555062.29,2.48,1.95,535,34.02,32.71,2.24,31.03,105.31,0.00,63139.97,5035597.52,2620524.27,Canada,2014
Chemicals,23953084.46,20027708.94,7.67,5.65,1.02,-0.10,0.79,0.00,0.00,1306,0.00,100.00,0.00,0.00,0.00,0.00,0.00,0.00,20030049.45,2.70,1.38,1306,66.46,32.70,0.00,0.84,7.56,0.00,0.00,5935620.93,14094428.52,Canada,2014
Food Products,13607919.61,10578720.38,4.36,2.99,1.17,1.70,2.17,1.42,2.80,711,3.94,83.68,0.00,12.38,131.80,0.00,0.00,3451069.56,7127650.82,6.99,6.20,711,43.04,20.68,4.92,31.36,350.00,0.00,934801.30,8864727.37,1713993.02,Canada,2014
Footwear,675769.94,98421.70,0.22,0.03,0.07,3.58,1.65,0.00,0.00,189,0.00,99.47,0.00,0.53,0.00,0.00,0.00,0.00,98421.70,7.75,8.57,189,69.31,17.46,2.12,11.11,48.68,0.00,793.49,83175.83,15245.87,Canada,2014
Fuels,32804219.99,121761156.34,10.50,34.38,1.25,-2.49,16.80,0.00,0.00,72,0.00,100.00,0.00,0.00,0.00,0.00,0.00,0.00,121761156.34,0.68,2.65,72,6.94,51.39,34.72,6.94,16.17,0.00,100047873.33,100051952.46,21709203.88,Canada,2014
Hides and Skins,903618.02,338514.15,0.29,0.10,0.30,5.62,8.38,0.00,0.00,194,0.00,100.00,0.00,0.00,0.00,0.00,0.00,0.00,338514.15,4.13,3.10,194,82.99,16.49,0.00,0.52,20.00,0.00,0.00,145312.81,193201.34,Canada,2014
Mach and Elec,74430155.13,29185256.87,23.83,8.24,0.80,0.20,0.64,0.00,0.00,1311,0.00,100.00,0.00,0.00,0.00,0.00,0.00,0.00,29190960.19,1.46,1.04,1311,47.44,52.17,0.31,0.08,15.00,0.00,1354.23,15112199.54,14078760.65,Canada,2014
Metals,22345986.24,24604821.73,7.15,6.95,1.06,3.08,0.43,0.00,0.00,926,0.00,100.00,0.00,0.00,0.00,0.00,0.00,0.00,24604821.73,1.61,1.24,926,39.42,56.05,2.59,1.94,15.00,0.00,610835.41,13853873.96,10750947.77,Canada,2014
Minerals,2752747.90,1971968.21,0.88,0.56,1.06,1.79,5.90,0.00,0.00,96,0.00,100.00,0.00,0.00,0.00,0.00,0.00,0.00,1971968.20,0.36,0.45,96,7.29,84.38,0.00,8.33,13.32,0.00,0.00,518465.83,1453502.38,Canada,2014
Miscellaneous,33056946.63,21822481.50,10.58,6.16,0.90,0.03,-1.22,0.00,0.00,728,0.00,99.04,0.00,0.96,0.00,0.00,0.00,0.00,8391914.27,2.57,1.47,728,46.70,40.38,7.01,5.91,98.45,0.00,117494.96,3427370.83,4964543.44,Canada,2014
Plastic or Rubber,18351257.19,14539565.79,5.87,4.11,1.26,1.38,1.50,0.00,0.00,366,0.00,100.00,0.00,0.00,0.00,0.00,0.00,0.00,14537657.44,3.56,4.35,366,77.60,22.40,0.00,0.00,14.00,0.00,0.00,13774549.23,763108.21,Canada,2014
Stone and Glass,7171349.88,6934870.45,2.30,1.96,0.60,-2.47,-2.43,0.00,0.00,366,0.00,100.00,0.00,0.00,0.00,0.00,0.00,0.00,6934870.45,3.28,1.89,366,63.11,35.25,0.00,1.64,38.00,0.00,0.00,5638016.19,1296854.26,Canada,2014
Textiles and Clothing,4840783.91,1991235.63,1.55,0.56,0.34,0.42,-0.95,0.01,0.00,1266,0.00,99.84,0.00,0.16,14.91,0.00,0.00,43.43,1991192.20,8.95,8.36,1266,80.57,13.98,0.32,5.13,32.00,0.00,35.49,1854218.88,137016.75,Canada,2014
Transportation,53303275.94,64800514.94,17.06,18.30,1.22,-0.04,1.03,0.00,0.00,238,0.00,100.00,0.00,0.00,0.00,0.00,0.00,0.00,64800514.94,2.87,2.29,238,48.74,51.26,0.00,0.00,25.00,0.00,0.00,55823144.49,8977370.45,Canada,2014
Vegetable,9865873.62,8235094.43,3.16,2.33,0.99,2.06,1.06,0.01,0.04,479,0.00,99.79,0.00,0.21,19.14,0.00,0.00,100357.11,8132396.81,2.88,2.97,479,31.73,25.26,0.42,42.59,29.80,0.00,797.87,6452336.60,1780417.32,Canada,2014
Wood,10798341.39,19625372.54,3.46,5.54,1.40,-0.88,-1.03,0.00,0.00,459,0.00,100.00,0.00,0.00,0.00,0.00,0.00,0.00,18983595.93,0.55,0.25,459,16.12,82.79,0.00,1.09,18.00,0.00,0.00,1742120.18,17241475.75,Canada,2014
All Products,280582448.47,301942705.09,100.00,100.00,1.00,-4.84,-5.86,0.12,0.11,9267,0.35,97.82,0.01,1.82,131.80,0.00,4374.27,3691481.54,281323652.54,3.37,2.23,9267,52.83,37.14,2.03,8.00,350.00,0.00,63014942.36,195319894.85,89695239.23,Canada,2015
Capital goods,103785287.31,49234751.08,36.99,16.31,1.00,-2.40,-3.68,0.00,0.00,1504,0.00,99.73,0.00,0.27,0.00,0.00,0.00,0.00,49075752.22,1.56,1.47,1504,45.88,53.13,0.40,0.60,25.00,0.00,60570.67,28038590.74,21037161.48,Canada,2015
Consumer goods,92531838.30,103299646.43,32.98,34.21,0.94,-5.11,-7.01,0.25,0.31,3433,0.76,95.16,0.03,4.05,131.80,0.00,4374.27,3325570.17,92858511.44,4.98,2.85,3433,61.17,24.53,3.47,10.84,131.80,0.00,7322817.25,71793335.69,24390745.91,Canada,2015
Intermediate goods,45215344.08,67346748.86,16.11,22.30,1.04,-5.55,-5.94,0.09,0.04,3193,0.19,99.28,0.00,0.53,107.15,0.00,0.00,315809.51,66363072.34,3.40,1.50,3193,54.84,39.93,0.85,4.38,122.77,0.00,541627.00,29902162.76,36776719.09,Canada,2015
Raw materials,23665021.85,65133987.71,8.43,21.57,1.09,-12.00,-10.12,0.04,0.00,682,0.00,99.12,0.00,0.88,116.21,0.00,0.00,49509.32,60847847.72,1.93,2.22,682,23.02,49.41,1.91,25.66,350.00,0.00,49903480.44,55506730.93,5390626.10,Canada,2015
Animal,3252797.00,7217483.70,1.16,2.39,1.06,-2.78,-3.07,0.91,0.18,512,0.78,85.35,0.20,13.67,107.15,0.00,4374.27,76050.19,7141433.51,2.42,2.02,512,35.16,33.79,2.15,28.91,107.15,0.00,59481.54,4516005.25,2701478.45,Canada,2015
Chemicals,22478795.09,19502834.45,8.01,6.46,1.05,-3.22,-2.65,0.00,0.00,1340,0.00,100.00,0.00,0.00,0.00,0.00,0.00,0.00,19505900.87,2.67,1.26,1340,66.72,32.39,0.00,0.90,7.35,0.00,0.00,5439022.46,14066878.41,Canada,2015
Food Products,13262494.72,10753200.88,4.73,3.56,1.22,-2.52,-1.66,1.63,2.90,710,3.94,83.52,0.00,12.54,131.80,0.00,0.00,3530360.63,7222840.25,7.34,6.30,710,42.82,20.14,6.34,30.70,350.00,0.00,926723.72,9033195.35,1720005.53,Canada,2015
Footwear,676382.46,113913.83,0.24,0.04,0.06,-0.11,-7.92,0.00,0.00,188,0.00,100.00,0.00,0.00,0.00,0.00,0.00,0.00,113913.83,8.10,8.94,188,70.74,15.96,2.66,10.64,48.76,0.00,18155.17,94789.06,19124.77,Canada,2015
Fuels,21331790.14,74363150.96,7.60,24.63,1.31,-21.48,-20.22,0.00,0.00,70,0.00,100.00,0.00,0.00,0.00,0.00,0.00,0.00,74363150.96,0.71,3.09,70,7.14,51.43,34.29,7.14,17.19,0.00,61045613.46,61047004.98,13316145.99,Canada,2015
Hides and Skins,839951.34,301304.76,0.30,0.10,0.25,-4.12,-12.57,0.00,0.00,195,0.00,100.00,0.00,0.00,0.00,0.00,0.00,0.00,301304.76,4.03,3.50,195,80.51,18.97,0.00,0.51,20.00,0.00,0.00,144976.46,156328.30,Canada,2015
Mach and Elec,68181716.12,27703738.84,24.30,9.18,0.80,-3.11,-4.52,0.00,0.00,1290,0.00,100.00,0.00,0.00,0.00,0.00,0.00,0.00,27707045.58,1.46,1.06,1290,47.29,52.33,0.31,0.08,12.50,0.00,704.87,14563089.52,13143956.07,Canada,2015
Metals,18692441.04,22004373.26,6.66,7.29,1.06,-7.72,-8.77,0.00,0.00,936,0.00,100.00,0.00,0.00,0.00,0.00,0.00,0.00,22004373.26,1.62,1.35,936,40.28,55.56,2.24,1.92,15.00,0.00,504991.69,13123367.80,8881005.46,Canada,2015
Minerals,2239025.90,1649523.71,0.80,0.55,1.04,-7.80,-9.76,0.00,0.00,99,0.00,100.00,0.00,0.00,0.00,0.00,0.00,0.00,1649523.71,0.32,0.28,99,7.07,85.86,0.00,7.07,13.85,0.00,0.00,266085.17,1383438.54,Canada,2015
Miscellaneous,32450964.05,25196763.38,11.57,8.34,0.89,-2.10,-3.41,0.00,0.00,737,0.00,99.05,0.00,0.95,0.00,0.00,0.00,0.00,8901321.25,2.67,1.46,737,46.13,40.57,8.14,5.16,122.77,0.00,101431.39,3665261.72,5236059.54,Canada,2015
Plastic or Rubber,16760041.19,13616352.05,5.97,4.51,1.26,-3.70,-4.83,0.00,0.00,368,0.00,100.00,0.00,0.00,0.00,0.00,0.00,0.00,13614373.13,3.57,4.37,368,77.72,22.28,0.00,0.00,14.00,0.00,0.00,12968626.14,645746.99,Canada,2015
Stone and Glass,6839433.28,6634420.78,2.44,2.20,0.66,-5.58,-2.62,0.00,0.00,372,0.00,100.00,0.00,0.00,0.00,0.00,0.00,0.00,6634420.78,3.40,1.99,372,64.52,33.87,0.00,1.61,38.00,0.00,0.00,5538700.97,1095719.81,Canada,2015
Textiles and Clothing,4552672.53,1963610.52,1.62,0.65,0.32,-1.45,-4.98,0.01,0.00,1266,0.00,99.84,0.00,0.16,15.58,0.00,0.00,27.06,1962956.75,8.98,8.36,1266,80.41,13.90,0.63,5.06,32.00,0.00,125.23,1817701.06,145282.75,Canada,2015
Transportation,49531042.58,64752372.79,17.65,21.45,1.22,-1.56,-2.73,0.00,0.00,240,0.00,100.00,0.00,0.00,0.00,0.00,0.00,0.00,64752372.79,2.78,2.29,240,48.75,51.25,0.00,0.00,25.00,0.00,0.00,55419642.86,9332729.93,Canada,2015
Vegetable,9282806.68,7462635.57,3.31,2.47,0.98,-1.73,-3.21,0.01,0.04,471,0.00,99.79,0.00,0.21,20.53,0.00,0.00,85043.66,7375209.10,2.89,3.28,471,31.00,24.84,1.91,42.25,29.80,0.00,16096.80,5784803.35,1675449.41,Canada,2015
Wood,10210094.34,18707025.61,3.64,6.20,1.42,-2.70,-3.04,0.00,0.00,473,0.00,100.00,0.00,0.00,0.00,0.00,0.00,0.00,18073512.01,0.60,0.28,473,17.34,81.61,0.21,0.85,18.00,0.00,341618.50,1897622.70,16175889.31,Canada,2015
All Products,266701920.35,282919218.12,100.00,100.00,1.00,-2.06,-3.01,0.11,0.13,9305,0.34,97.85,0.03,1.77,131.80,0.00,5571.94,3867210.25,260747896.64,3.32,2.24,9305,52.69,37.16,2.03,8.11,350.00,0.00,48544576.03,182436134.04,82178972.85,Canada,2016
Capital goods,100439910.86,45516506.70,37.66,16.09,1.00,-1.59,-2.28,0.00,0.00,1521,0.00,99.74,0.00,0.26,0.00,0.00,0.00,0.00,45377590.09,1.58,1.48,1521,46.15,52.86,0.39,0.59,25.00,0.00,52879.08,26960351.62,18417238.47,Canada,2016
Consumer goods,88647033.93,101848830.28,33.24,36.00,0.93,-1.59,-2.92,0.25,0.33,3403,0.76,95.18,0.03,4.03,131.80,0.00,5547.21,3513851.62,92119006.81,4.95,2.81,3403,61.18,24.83,3.44,10.55,131.80,0.00,4835038.91,72903286.92,22729571.51,Canada,2016
Intermediate goods,42499529.76,64230778.87,15.94,22.70,1.07,-3.24,-2.87,0.09,0.04,3220,0.19,99.32,0.00,0.50,121.70,0.00,0.00,304456.62,63031856.31,3.34,1.52,3220,54.75,39.63,0.93,4.69,130.99,0.00,561908.08,29033547.29,34302765.63,Canada,2016
Raw materials,20593840.88,53018991.04,7.72,18.74,1.04,-3.97,-7.26,0.04,0.00,691,0.00,99.13,0.00,0.87,119.81,0.00,0.00,48101.38,49341571.22,1.91,2.43,691,22.14,49.20,1.88,26.77,350.00,0.00,38956079.99,44727895.99,4661776.61,Canada,2016
Animal,3115327.00,7008666.75,1.17,2.48,1.07,-1.71,-2.08,0.88,0.20,522,0.77,85.63,0.57,13.03,121.70,0.00,5571.94,74808.46,6933858.28,2.39,2.15,522,33.72,34.10,3.26,28.93,121.70,0.00,55736.69,4242226.97,2766439.78,Canada,2016
Chemicals,21241442.29,17659048.03,7.96,6.24,1.06,-2.03,-2.58,0.00,0.00,1364,0.00,100.00,0.00,0.00,0.00,0.00,0.00,0.00,17636837.46,2.68,1.39,1364,66.72,32.40,0.00,0.88,7.76,0.00,0.00,5490192.93,12146644.53,Canada,2016
Food Products,13224383.39,11127633.60,4.96,3.93,1.21,-0.29,-1.31,1.53,2.94,700,4.00,83.57,0.00,12.43,131.80,0.00,0.00,3692810.77,7434822.83,6.86,6.41,700,43.57,20.71,5.14,30.57,350.00,0.00,932713.63,9483285.15,1644348.45,Canada,2016
Footwear,683272.15,91307.90,0.26,0.03,0.06,-2.62,-5.83,0.00,0.00,197,0.00,100.00,0.00,0.00,0.00,0.00,0.00,0.00,91307.90,7.61,8.05,197,69.04,17.77,3.05,10.15,48.47,0.00,19216.05,72635.02,18672.88,Canada,2016
Fuels,16778550.72,57763170.53,6.29,20.42,1.23,-7.43,-11.39,0.00,0.00,71,0.00,100.00,0.00,0.00,0.00,0.00,0.00,0.00,57763170.53,0.71,2.76,71,7.04,52.11,33.80,7.04,18.29,0.00,46550986.49,46551880.96,11211289.57,Canada,2016
Hides and Skins,821175.92,233950.71,0.31,0.08,0.26,-2.73,-2.68,0.00,0.00,190,0.00,100.00,0.00,0.00,0.00,0.00,0.00,0.00,233950.71,4.22,4.65,190,82.63,16.84,0.00,0.53,20.00,0.00,0.00,133478.68,100472.03,Canada,2016
Mach and Elec,64233156.01,26724095.35,24.08,9.45,0.78,-1.67,-3.94,0.00,0.00,1311,0.00,100.00,0.00,0.00,0.00,0.00,0.00,0.00,26727341.57,1.46,1.05,1311,47.52,52.10,0.31,0.08,12.50,0.00,681.14,14084501.59,12642839.97,Canada,2016
Metals,16964467.10,20588075.88,6.36,7.28,1.10,-5.70,-4.84,0.00,0.00,931,0.00,100.00,0.00,0.00,0.00,0.00,0.00,0.00,20588075.88,1.62,1.39,931,39.63,55.53,3.01,1.83,15.00,0.00,527757.84,12434001.96,8154073.93,Canada,2016
Minerals,2079178.25,1325027.36,0.78,0.47,1.06,-3.41,-3.75,0.00,0.00,99,0.00,100.00,0.00,0.00,0.00,0.00,0.00,0.00,1325027.36,0.30,0.37,99,7.07,85.86,0.00,7.07,15.44,0.00,0.00,312374.05,1012653.31,Canada,2016
Miscellaneous,23506863.95,26994267.35,8.81,9.54,0.89,-1.03,-2.01,0.00,0.00,730,0.00,99.04,0.00,0.96,0.00,0.00,0.00,0.00,9322733.81,2.55,1.42,730,46.30,40.00,8.22,5.48,130.99,0.00,93119.25,3794805.06,5527928.74,Canada,2016
Plastic or Rubber,16222847.58,13205999.22,6.08,4.67,1.27,-1.42,-1.88,0.00,0.00,368,0.00,100.00,0.00,0.00,0.00,0.00,0.00,0.00,13203322.96,3.56,4.37,368,77.72,22.28,0.00,0.00,14.00,0.00,0.00,12609733.16,593589.81,Canada,2016
Stone and Glass,6959283.05,7077533.64,2.61,2.50,0.70,-1.49,0.64,0.00,0.00,355,0.00,100.00,0.00,0.00,0.00,0.00,0.00,0.00,7077533.64,3.18,1.99,355,61.41,36.62,0.00,1.97,38.00,0.00,0.00,5922780.03,1154753.61,Canada,2016
Textiles and Clothing,4434694.96,1903704.83,1.66,0.67,0.32,-1.26,-3.01,0.01,0.00,1260,0.00,99.84,0.00,0.16,16.98,0.00,0.00,23.52,1893450.16,8.89,8.17,1260,80.63,13.73,0.32,5.32,32.00,0.00,99.98,1752169.59,141304.08,Canada,2016
Transportation,57512645.31,64674107.81,21.56,22.86,1.26,-0.92,-0.36,0.00,0.00,238,0.00,100.00,0.00,0.00,0.00,0.00,0.00,0.00,64674107.81,2.91,2.35,238,49.16,50.84,0.00,0.00,25.00,0.00,0.00,57689745.59,6984362.22,Canada,2016
Vegetable,9200916.05,7305996.84,3.45,2.58,0.96,0.00,-1.57,0.01,0.05,498,0.00,99.80,0.00,0.20,22.01,0.00,0.00,99567.51,7204192.22,2.94,3.57,498,30.92,25.30,1.81,41.97,29.80,0.00,17161.48,5810957.92,1492801.81,Canada,2016
Wood,9723716.62,19236632.33,3.65,6.80,1.43,-2.15,-2.58,0.00,0.00,471,0.00,100.00,0.00,0.00,0.00,0.00,0.00,0.00,18638163.53,0.64,0.29,471,18.26,80.68,0.21,0.85,18.00,0.00,347103.46,2051365.39,16586798.14,Canada,2016
All Products,282450324.00,305647659.43,100.00,100.00,1.00,3.75,2.97,0.12,0.13,9179,0.35,97.72,0.02,1.91,134.45,0.00,5045.88,14072471.09,263860203.51,3.90,3.29,9179,51.98,37.90,1.47,8.65,3000.00,0.00,54943594.80,196281659.41,81651015.19,Canada,2017
Capital goods,106547146.03,47679303.08,37.72,15.60,1.01,3.31,2.96,0.00,0.00,1509,0.00,99.67,0.00,0.33,0.00,0.00,0.00,0.00,47159451.03,1.32,1.36,1509,41.29,57.79,0.27,0.66,25.00,0.00,2867.72,26907781.63,20251669.40,Canada,2017
Consumer goods,92853382.69,103860685.02,32.87,33.98,0.92,3.43,2.05,0.26,0.36,3472,0.75,95.07,0.03,4.15,131.00,0.00,4996.08,13713606.96,86199504.26,7.24,5.66,3472,61.58,24.51,2.82,11.09,3000.00,0.00,959723.87,76186517.17,23726594.05,Canada,2017
Intermediate goods,44556788.45,62132292.94,15.78,20.33,1.06,3.94,2.67,0.11,0.04,3085,0.19,99.22,0.00,0.58,134.45,0.00,0.00,293769.33,58936734.54,3.18,1.44,3085,53.84,40.26,0.65,5.25,175.64,0.00,637143.88,29101859.87,30128644.00,Canada,2017
Raw materials,22443993.95,68378840.07,7.95,22.37,1.06,5.73,6.17,0.04,0.00,679,0.00,99.12,0.00,0.88,124.87,0.00,0.00,63960.90,64645764.80,1.94,2.37,679,22.68,48.45,0.88,27.98,350.00,0.00,53303425.92,59299409.14,5410316.56,Canada,2017
Animal,3063191.73,6953544.11,1.08,2.27,1.05,0.74,-1.20,1.02,0.33,510,0.78,85.29,0.39,13.53,134.45,0.00,5045.88,108357.72,6434651.34,2.48,2.59,510,34.71,33.14,1.96,30.20,134.45,0.00,36462.00,4229799.43,2313209.63,Canada,2017
Chemicals,22285842.47,17089147.35,7.89,5.59,1.05,3.52,2.19,0.00,0.00,1295,0.00,100.00,0.00,0.00,0.00,0.00,0.00,0.00,16597095.74,2.45,1.32,1295,67.10,31.89,0.00,1.00,8.26,0.00,0.00,5308216.73,11288879.01,Canada,2017
Food Products,13719090.11,11482297.68,4.86,3.76,1.22,2.17,1.49,1.54,2.82,708,3.95,82.77,0.00,13.28,131.00,0.00,0.00,3711222.40,7646670.60,25.53,32.53,708,45.06,19.07,4.66,31.21,3000.00,0.00,970937.22,9742505.48,1615387.51,Canada,2017
Footwear,696852.36,91328.52,0.25,0.03,0.06,2.55,4.16,0.00,0.00,190,0.00,99.47,0.00,0.53,0.00,0.00,0.00,0.00,91504.16,7.84,7.78,190,70.53,16.32,1.58,11.58,48.33,0.00,307.10,73738.21,17765.95,Canada,2017
Fuels,19633531.28,77288058.68,6.95,25.29,1.26,9.22,9.73,0.00,0.00,41,0.00,100.00,0.00,0.00,0.00,0.00,0.00,10144516.86,67139772.54,0.13,0.00,41,0.00,87.80,4.88,7.32,19.31,0.00,53296580.66,63443971.05,13840318.34,Canada,2017
Hides and Skins,737234.71,178056.31,0.26,0.06,0.20,-1.67,-14.88,0.00,0.00,204,0.00,100.00,0.00,0.00,0.00,0.00,0.00,0.00,178041.80,3.94,6.64,204,83.82,15.69,0.00,0.49,20.00,0.00,0.00,120987.89,57053.90,Canada,2017
Mach and Elec,67763511.10,29063938.71,23.99,9.51,0.79,2.31,2.33,0.00,0.00,1297,0.00,100.00,0.00,0.00,0.00,0.00,0.00,0.00,28957895.46,1.20,0.84,1297,43.02,56.90,0.00,0.08,12.00,0.00,0.00,14638646.50,14319248.96,Canada,2017
Metals,18745439.17,24754604.48,6.64,8.10,1.05,8.08,5.03,0.00,0.00,932,0.00,100.00,0.00,0.00,0.00,0.00,0.00,0.00,24767875.26,1.49,1.15,932,39.81,55.58,2.47,2.15,15.00,0.00,596668.39,14803885.14,9963990.11,Canada,2017
Minerals,2561071.30,1520817.51,0.91,0.50,1.11,8.90,10.91,0.00,0.00,95,0.00,100.00,0.00,0.00,0.00,0.00,0.00,0.00,1447569.21,0.31,0.34,95,7.37,85.26,0.00,7.37,18.64,0.00,0.00,244710.00,1202859.22,Canada,2017
Miscellaneous,24260663.63,26390360.90,8.59,8.63,0.87,2.53,0.64,0.00,0.00,750,0.00,98.93,0.00,1.07,0.00,0.00,0.00,0.00,9534896.66,2.59,1.08,750,37.87,46.40,7.87,7.87,175.64,0.00,41780.46,3181599.60,6353297.06,Canada,2017
Plastic or Rubber,17228784.04,13657829.42,6.10,4.47,1.26,4.25,3.09,0.00,0.00,355,0.00,100.00,0.00,0.00,0.00,0.00,0.00,0.00,12471926.01,3.38,4.01,355,79.15,20.85,0.00,0.00,14.00,0.00,0.00,11869718.95,602207.06,Canada,2017
Stone and Glass,6181000.09,5673973.70,2.19,1.86,0.64,-1.85,-7.06,0.00,0.00,365,0.00,100.00,0.00,0.00,0.00,0.00,0.00,0.00,5759932.08,2.97,1.80,365,63.01,35.34,0.00,1.64,38.00,0.00,0.00,4493343.32,1266588.76,Canada,2017
Textiles and Clothing,4582451.07,1863613.83,1.62,0.61,0.31,2.39,0.75,0.01,0.00,1282,0.00,99.84,0.00,0.16,16.80,0.00,0.00,17.89,1852640.90,8.52,7.95,1282,80.58,13.49,0.08,5.85,32.00,0.00,1.24,1709819.75,142839.04,Canada,2017
Transportation,61665747.39,61952357.25,21.83,20.27,1.24,5.30,3.75,0.00,0.00,235,0.00,100.00,0.00,0.00,0.00,0.00,0.00,0.00,61107815.16,3.01,2.06,235,51.06,48.94,0.00,0.00,25.00,0.00,0.00,54946653.57,6161161.59,Canada,2017
Vegetable,9361574.88,7921513.72,3.31,2.59,0.96,2.23,0.95,0.02,0.05,479,0.00,99.79,0.00,0.21,21.98,0.00,0.00,108356.22,7825731.52,2.93,3.40,479,31.32,24.43,0.84,43.42,29.00,0.00,857.73,6388773.32,1545314.42,Canada,2017
Wood,9964338.68,19766217.27,3.53,6.47,1.44,1.66,1.09,0.00,0.00,441,0.00,100.00,0.00,0.00,0.00,0.00,0.00,0.00,12046185.08,0.50,0.25,441,15.19,83.90,0.00,0.91,18.00,0.00,0.00,1085290.48,10960894.61,Canada,2017
All Products,299744492.54,325683550.89,100.00,100.00,1.00,3.06,2.78,0.11,0.12,9199,0.35,97.78,0.02,1.85,131.80,0.00,5790.67,15126610.27,280239510.01,4.09,3.66,9199,52.23,37.91,1.52,8.34,3000.00,0.00,66014132.48,206714872.53,88651247.75,Canada,2018
Capital goods,110925701.84,53440810.55,37.01,16.41,1.00,2.57,1.88,0.00,0.00,1522,0.00,99.67,0.00,0.33,0.00,0.00,0.00,0.00,52732836.74,1.47,2.27,1522,41.52,57.56,0.26,0.66,25.00,0.00,3331.10,30229247.81,22503588.94,Canada,2018
Consumer goods,97706857.56,102203160.71,32.60,31.38,0.92,3.27,2.73,0.24,0.36,3441,0.76,95.23,0.03,3.98,131.80,0.00,5671.80,14762495.94,82989846.27,7.56,6.24,3441,61.52,24.79,2.85,10.84,3000.00,0.00,1032996.75,72707322.36,25045019.85,Canada,2018
Intermediate goods,46422149.93,66544697.07,15.49,20.43,1.03,3.59,2.13,0.11,0.04,3132,0.19,99.17,0.00,0.64,131.01,0.00,0.00,310644.60,61310173.17,3.34,1.50,3132,54.47,39.81,0.80,4.92,131.01,0.00,611887.20,28509625.20,33111192.57,Canada,2018
Raw materials,27145169.50,80166531.56,9.06,24.61,1.18,3.55,8.82,0.04,0.00,657,0.00,99.09,0.00,0.91,127.91,0.00,0.00,52375.67,76200373.53,2.00,2.53,657,23.44,48.40,0.91,27.25,350.00,0.00,64322708.96,70530702.94,5722046.26,Canada,2018
Animal,3033624.18,6901061.15,1.01,2.12,1.03,0.43,-0.71,0.99,0.32,504,0.79,84.72,0.40,14.09,131.01,0.00,5790.67,110038.35,6374862.18,2.45,2.83,504,34.52,32.74,1.98,30.75,131.01,0.00,36533.39,4147621.75,2337278.79,Canada,2018
Chemicals,22761626.24,19180442.45,7.59,5.89,0.98,4.06,0.21,0.00,0.00,1340,0.00,100.00,0.00,0.00,0.00,0.00,0.00,0.00,18682992.64,2.77,1.29,1340,67.84,31.19,0.00,0.97,8.28,0.00,0.00,5346987.29,13336005.35,Canada,2018
Food Products,14003129.78,12281775.38,4.67,3.77,1.19,1.46,0.26,1.40,2.62,692,4.05,83.38,0.00,12.57,131.80,0.00,0.00,3801637.42,8343108.10,26.40,31.92,692,44.51,19.94,4.77,30.78,3000.00,0.00,1045612.61,10413194.41,1731551.10,Canada,2018
Footwear,693325.15,95017.91,0.23,0.03,0.06,1.71,-1.38,0.00,0.00,190,0.00,99.47,0.00,0.53,0.00,0.00,0.00,0.00,95017.91,8.01,8.29,190,71.58,15.79,1.05,11.58,49.14,0.00,296.24,77221.16,17796.75,Canada,2018
Fuels,26943521.84,89520855.30,8.99,27.49,1.37,10.30,14.80,0.00,0.00,43,0.00,100.00,0.00,0.00,0.00,0.00,0.00,11121063.50,78399791.80,0.12,0.00,43,0.00,88.37,4.65,6.98,18.93,0.00,64316218.39,75440071.52,14080783.78,Canada,2018
Hides and Skins,800056.76,124888.85,0.27,0.04,0.21,3.48,7.39,0.00,0.00,190,0.00,100.00,0.00,0.00,0.00,0.00,0.00,0.00,124888.85,4.48,8.32,190,84.21,15.26,0.00,0.53,20.00,0.00,0.00,103540.69,21348.16,Canada,2018
Mach and Elec,71413493.98,31444820.29,23.82,9.65,0.78,3.54,2.96,0.00,0.00,1309,0.00,100.00,0.00,0.00,0.00,0.00,0.00,0.00,31233748.33,1.37,0.89,1309,43.39,56.53,0.00,0.08,15.00,0.00,0.00,15053869.39,16179878.94,Canada,2018
Metals,19362633.53,26484637.08,6.46,8.13,0.98,5.24,1.03,0.00,0.00,925,0.00,100.00,0.00,0.00,0.00,0.00,0.00,0.00,26484637.08,1.62,1.32,925,39.89,55.68,2.27,2.16,15.00,0.00,570679.35,15525560.70,10959076.37,Canada,2018
Minerals,2799117.62,1814404.44,0.93,0.56,1.20,1.49,4.97,0.00,0.00,99,0.00,100.00,0.00,0.00,0.00,0.00,0.00,0.00,1694478.89,0.33,0.63,99,7.07,85.86,0.00,7.07,31.88,0.00,0.00,322047.89,1372431.00,Canada,2018
Miscellaneous,25121226.95,27763273.57,8.38,8.52,0.88,2.30,2.25,0.00,0.00,736,0.00,98.91,0.00,1.09,0.00,0.00,0.00,0.00,9763502.44,2.09,1.23,736,38.59,47.42,8.70,5.30,32.69,0.00,44094.85,3346264.83,6417237.62,Canada,2018
Plastic or Rubber,18006130.62,14633686.95,6.01,4.49,1.26,2.65,2.22,0.00,0.00,356,0.00,100.00,0.00,0.00,0.00,0.00,0.00,0.00,12451646.63,3.60,4.31,356,78.37,21.63,0.00,0.00,14.00,0.00,0.00,11788167.79,663478.84,Canada,2018
Stone and Glass,7025273.75,5248502.67,2.34,1.61,0.77,-2.90,6.67,0.00,0.00,358,0.00,100.00,0.00,0.00,0.00,0.00,0.00,0.00,5368060.63,3.15,1.88,358,62.85,35.20,0.00,1.96,38.00,0.00,0.00,3880795.63,1487265.00,Canada,2018
Textiles and Clothing,4487864.83,1913558.10,1.50,0.59,0.29,2.09,-1.81,0.01,0.00,1286,0.00,99.84,0.00,0.16,14.66,0.00,0.00,41.91,1904108.01,8.95,8.36,1286,81.26,12.91,0.23,5.60,32.00,0.00,30.72,1761347.59,142802.33,Canada,2018
Transportation,63427502.43,59712514.70,21.16,18.33,1.23,1.23,0.55,0.00,0.00,237,0.00,100.00,0.00,0.00,0.00,0.00,0.00,0.00,58443552.71,3.19,3.16,237,50.63,49.37,0.00,0.00,25.00,0.00,0.00,51855162.66,6588390.05,Canada,2018
Vegetable,9732473.75,8016941.90,3.25,2.46,0.96,1.94,2.18,0.01,0.04,488,0.00,99.80,0.00,0.20,20.14,0.00,0.00,93829.10,7934214.01,2.91,3.53,488,30.94,25.00,1.02,43.03,29.80,0.00,666.91,6535044.11,1492999.00,Canada,2018
Wood,10133491.12,20547170.17,3.38,6.31,1.44,1.40,1.14,0.00,0.00,446,0.00,100.00,0.00,0.00,0.00,0.00,0.00,0.00,12940899.80,0.55,0.27,446,15.70,83.41,0.00,0.90,18.00,0.00,0.00,1117975.13,11822924.68,Canada,2018
All Products,292338433.40,326628559.10,100.00,100.00,1.00,-0.69,-1.08,0.14,0.13,9173,0.36,97.83,0.00,1.81,131.80,0.00,0.00,15723878.73,278682080.23,3.36,2.35,9173,52.00,38.00,1.10,8.90,350.00,0.00,1492058.91,207598602.96,86807356.00,Canada,2019
Capital goods,110304054.13,55317046.02,37.73,16.94,1.01,0.39,0.32,0.00,0.00,1504,0.00,100.00,0.00,0.00,0.00,0.00,0.00,0.00,54378569.37,1.44,2.44,1504,41.16,57.91,0.60,0.33,25.00,0.00,2858.77,30294459.90,24084109.47,Canada,2019
Consumer goods,92455332.16,103421757.44,31.63,31.66,0.90,-1.47,-2.65,0.25,0.40,3437,0.76,95.32,0.00,3.93,131.80,0.00,0.00,15315620.21,82463577.13,5.12,2.68,3437,61.33,24.93,1.60,12.13,350.00,0.00,863454.67,72898752.12,24880445.21,Canada,2019
Intermediate goods,43514871.96,65483982.62,14.89,20.05,1.00,-1.10,-3.03,0.10,0.05,3125,0.19,99.20,0.00,0.61,123.05,0.00,0.00,344435.83,57087498.71,3.29,1.53,3125,54.37,40.00,0.74,4.90,123.05,0.00,541218.55,27085187.34,30346747.20,Canada,2019
Raw materials,27018853.31,81753622.85,9.24,25.03,1.25,-0.91,1.80,0.06,0.00,680,0.00,98.53,0.00,1.47,123.98,0.00,0.00,62888.35,77968535.46,2.04,2.47,680,22.50,47.79,1.47,28.24,350.00,0.00,24601.68,72746802.10,5284621.70,Canada,2019
Animal,2987338.86,7327986.40,1.02,2.24,1.01,1.18,-0.34,1.11,0.36,501,0.80,84.83,0.00,14.37,123.05,0.00,0.00,132849.53,6787984.22,2.45,2.97,501,34.53,32.93,0.60,31.94,123.05,0.00,33263.69,4528745.81,2392087.93,Canada,2019
Chemicals,22880164.22,19022896.24,7.83,5.82,0.96,1.00,-0.57,0.00,0.00,1316,0.00,100.00,0.00,0.00,0.00,0.00,0.00,0.00,18417861.22,2.71,1.21,1316,66.87,32.14,0.00,0.99,9.01,0.00,0.00,4998590.81,13419270.40,Canada,2019
Food Products,13646683.60,12905115.35,4.67,3.95,1.19,0.63,0.18,1.50,2.76,695,4.03,83.45,0.00,12.52,131.80,0.00,0.00,4019520.59,8674436.16,7.28,6.18,695,43.88,19.86,0.86,35.40,350.00,0.00,838092.42,10887165.03,1806791.71,Canada,2019
Footwear,624101.82,111537.19,0.21,0.03,0.05,-0.07,-3.85,0.00,0.00,194,0.00,100.00,0.00,0.00,0.00,0.00,0.00,0.00,111537.19,7.66,9.03,194,70.10,17.53,2.58,9.79,49.23,0.00,27109.93,93670.99,17866.20,Canada,2019
Fuels,24408421.91,90644281.53,8.35,27.75,1.47,-5.04,-2.00,0.00,0.00,41,0.00,100.00,0.00,0.00,0.00,0.00,0.00,11501854.51,79142427.02,0.20,2.01,41,0.00,87.80,0.00,12.20,18.53,0.00,0.00,77845913.64,12798367.89,Canada,2019
Hides and Skins,775999.94,126733.73,0.27,0.04,0.19,-0.71,-6.61,0.00,0.00,199,0.00,100.00,0.00,0.00,0.00,0.00,0.00,0.00,126733.73,4.38,8.75,199,83.92,15.58,0.00,0.50,20.00,0.00,0.00,99881.15,26852.58,Canada,2019
Mach and Elec,69009724.36,31753561.36,23.61,9.72,0.78,-0.24,-0.48,0.00,0.00,1291,0.00,100.00,0.00,0.00,0.00,0.00,0.00,0.00,31499400.23,1.34,0.85,1291,42.99,56.93,0.00,0.08,12.50,0.00,0.00,14749426.64,16749973.59,Canada,2019
Metals,17206319.86,23269640.10,5.89,7.12,0.96,-5.18,-6.16,0.00,0.00,922,0.00,100.00,0.00,0.00,0.00,0.00,0.00,0.00,23269640.10,1.65,1.39,922,39.80,55.31,3.04,1.84,15.00,0.00,529878.79,13916171.24,9353468.85,Canada,2019
Minerals,2624984.50,1926469.12,0.90,0.59,1.19,-3.00,-3.55,0.00,0.00,96,0.00,100.00,0.00,0.00,0.00,0.00,0.00,0.00,1760063.95,0.33,0.48,96,7.29,85.42,1.04,6.25,33.84,0.00,4238.48,237339.74,1522724.21,Canada,2019
Miscellaneous,26924732.49,30308026.94,9.21,9.28,0.89,-0.78,-0.35,0.00,0.00,726,0.00,100.00,0.00,0.00,0.00,0.00,0.00,0.00,10088813.92,2.39,1.24,726,39.12,47.11,6.47,7.30,39.09,0.00,39104.24,3474332.07,6614481.85,Canada,2019
Plastic or Rubber,16973295.66,13891809.62,5.81,4.25,1.24,-1.76,-2.83,0.00,0.00,350,0.00,100.00,0.00,0.00,0.00,0.00,0.00,0.00,12138391.04,3.60,4.30,350,78.29,21.71,0.00,0.00,14.00,0.00,0.00,11466146.67,672244.37,Canada,2019
Stone and Glass,7364986.92,6723561.17,2.52,2.06,0.74,4.26,1.35,0.00,0.00,358,0.00,100.00,0.00,0.00,0.00,0.00,0.00,0.00,6889790.18,3.15,2.00,358,62.29,36.03,0.00,1.68,38.00,0.00,0.00,5392041.76,1497748.42,Canada,2019
Textiles and Clothing,4440924.15,1773267.08,1.52,0.54,0.27,1.04,-2.65,0.02,0.00,1326,0.00,99.55,0.00,0.45,16.35,0.00,0.00,7.02,1768920.83,8.91,8.57,1326,79.94,13.65,0.15,6.26,32.00,0.00,8.15,1643688.21,125239.64,Canada,2019
Transportation,62876854.35,60981425.43,21.51,18.67,1.23,0.13,-0.05,0.00,0.00,239,0.00,100.00,0.00,0.00,0.00,0.00,0.00,0.00,58645118.51,3.13,3.33,239,50.21,49.79,0.00,0.00,25.00,0.00,0.00,50877728.72,7767389.79,Canada,2019
Vegetable,9766701.02,7760110.28,3.34,2.38,0.96,0.55,-0.20,0.19,0.04,478,0.21,99.58,0.00,0.21,131.80,0.00,0.00,69647.08,7704157.42,3.18,3.78,478,31.38,24.48,1.88,42.26,131.80,0.00,20363.20,6294020.35,1479784.15,Canada,2019
Wood,9827199.77,18102137.60,3.36,5.54,1.44,-1.45,-1.64,0.00,0.00,441,0.00,100.00,0.00,0.00,0.00,0.00,0.00,0.00,11656804.54,0.55,0.29,441,15.65,83.45,0.00,0.91,18.00,0.00,0.00,1093740.13,10563064.42,Canada,2019
All Products,255021619.21,276195545.88,100.00,100.00,1.00,-5.49,-7.24,0.13,0.16,9155,0.37,97.75,0.08,1.80,131.80,0.00,1133673.25,11130505.38,233514678.41,3.31,2.24,9155,51.17,38.84,1.53,8.45,350.00,0.00,1882594.82,166021951.42,78623232.38,Canada,2020
Capital goods,90645510.24,44868602.20,35.54,16.25,0.99,-8.17,-11.03,0.00,0.00,1505,0.00,100.00,0.00,0.00,0.00,0.00,0.00,0.00,44029292.21,1.40,1.36,1505,36.28,62.86,0.60,0.27,25.00,0.00,1275.19,22159256.89,21870035.32,Canada,2020
Consumer goods,80987995.75,87194632.30,31.76,31.57,0.90,-5.27,-6.86,0.26,0.48,3397,0.77,95.00,0.06,4.18,131.80,0.00,825923.97,10788484.31,70706449.19,4.94,2.79,3397,61.08,25.35,2.30,11.27,131.80,0.00,981638.19,59819218.22,21675715.28,Canada,2020
Intermediate goods,42306590.98,64122796.84,16.59,23.22,0.98,-0.22,-2.86,0.07,0.02,3138,0.22,99.14,0.16,0.48,93.91,0.00,307749.28,340441.56,54027463.52,3.24,1.50,3138,54.33,40.03,0.99,4.65,93.91,0.00,670299.56,26438643.22,27929261.86,Canada,2020
Raw materials,24267520.00,61533869.91,9.52,22.28,1.32,-7.31,-6.44,0.02,0.00,663,0.00,99.25,0.00,0.75,17.22,0.00,0.00,17.52,57828205.35,2.13,2.79,663,22.78,46.91,2.26,28.05,350.00,0.00,170830.54,52926812.82,4901410.05,Canada,2020
Animal,3047853.41,6930228.55,1.20,2.51,1.05,0.41,0.44,1.14,0.36,493,0.81,84.38,0.00,14.81,108.00,0.00,0.00,141901.61,6467093.78,2.54,3.19,493,34.89,32.05,0.61,32.45,108.00,0.00,31364.11,4512686.78,2096308.61,Canada,2020
Chemicals,22759246.87,17927865.38,8.92,6.49,1.00,0.73,0.83,0.00,0.00,1364,0.07,99.93,0.00,0.00,5.80,0.00,0.00,2.52,17319341.94,2.74,1.19,1364,66.57,32.48,0.07,0.88,9.23,0.00,28.69,4663111.87,12656232.59,Canada,2020
Food Products,13219231.70,13424122.48,5.18,4.86,1.23,1.49,1.11,1.35,2.60,714,3.92,83.19,0.98,11.90,131.80,0.00,1133673.25,3985380.08,9176649.24,7.21,6.04,714,44.96,18.77,2.94,33.33,350.00,0.00,1256402.14,11335476.62,1826552.69,Canada,2020
Footwear,474504.28,85332.67,0.19,0.03,0.07,-13.34,-4.00,0.00,0.00,196,0.00,100.00,0.00,0.00,0.00,0.00,0.00,0.00,85332.67,7.79,8.57,196,69.39,17.35,3.06,10.20,50.26,0.00,27831.31,72188.26,13144.41,Canada,2020
Fuels,16409934.52,63158261.71,6.43,22.87,1.64,-22.12,-19.19,0.00,0.00,41,0.00,100.00,0.00,0.00,0.00,0.00,0.00,6931149.60,56227112.11,0.21,2.27,41,0.00,87.80,0.00,12.20,19.69,0.00,0.00,53148411.54,10009850.17,Canada,2020
Hides and Skins,555164.39,104036.12,0.22,0.04,0.17,-16.53,-23.67,0.00,0.00,198,0.00,100.00,0.00,0.00,0.00,0.00,0.00,0.00,104036.12,4.43,7.63,198,84.34,15.15,0.00,0.51,20.00,0.00,0.00,74017.04,30019.07,Canada,2020
Mach and Elec,60513340.43,26385750.86,23.73,9.55,0.77,-5.73,-8.10,0.00,0.00,1290,0.00,100.00,0.00,0.00,0.00,0.00,0.00,0.00,26113329.87,1.31,0.87,1290,38.53,61.40,0.00,0.08,12.50,0.00,0.00,11658325.67,14455004.20,Canada,2020
Metals,14984905.94,21387815.91,5.88,7.74,0.99,-6.39,-6.85,0.00,0.00,920,0.00,100.00,0.00,0.00,0.00,0.00,0.00,0.00,21387815.91,1.67,1.37,920,40.54,54.57,2.83,2.07,15.00,0.00,352294.41,12831341.45,8556474.46,Canada,2020
Minerals,2627907.15,1988230.77,1.03,0.72,1.40,-3.38,2.63,0.00,0.00,92,0.00,100.00,0.00,0.00,0.00,0.00,0.00,0.00,1677482.85,0.23,0.03,92,7.61,85.87,6.52,0.00,3.00,0.00,156189.81,187426.74,1490056.11,Canada,2020
Miscellaneous,25715059.41,26880903.97,10.08,9.73,0.95,-3.63,-2.59,0.00,0.00,710,0.00,100.00,0.00,0.00,0.00,0.00,0.00,0.00,8918168.79,2.13,1.35,710,35.77,52.25,8.45,3.52,53.77,0.00,43410.80,2808041.00,6110127.79,Canada,2020
Plastic or Rubber,15744528.08,13102135.24,6.17,4.74,1.23,-2.26,-4.38,0.00,0.00,354,0.00,100.00,0.00,0.00,0.00,0.00,0.00,0.00,11570765.27,3.62,4.31,354,78.25,21.75,0.00,0.00,14.00,0.00,0.00,11034765.53,535999.74,Canada,2020
Stone and Glass,10513730.87,8138612.98,4.12,2.95,0.72,19.39,15.83,0.00,0.00,343,0.00,100.00,0.00,0.00,0.00,0.00,0.00,0.00,8449024.52,3.09,1.96,343,61.22,37.03,0.00,1.75,38.00,0.00,0.00,6796393.63,1652630.89,Canada,2020
Textiles and Clothing,4071343.98,1476243.08,1.60,0.53,0.26,1.17,-3.78,0.02,0.00,1280,0.00,99.53,0.00,0.47,17.22,0.00,0.00,23.16,1473182.65,8.83,7.72,1280,79.77,13.83,0.39,6.02,32.00,0.00,221.14,1315626.67,157579.14,Canada,2020
Transportation,45329410.49,47330319.65,17.77,17.14,1.25,-13.30,-14.37,0.00,0.00,237,0.00,100.00,0.00,0.00,0.00,0.00,0.00,0.00,45019833.53,3.09,2.35,237,50.21,49.79,0.00,0.00,25.00,0.00,0.00,37794254.99,7225578.54,Canada,2020
Vegetable,9763897.25,8182377.42,3.83,2.96,0.97,0.78,-0.32,0.19,0.03,489,0.20,99.59,0.00,0.20,131.80,0.00,0.00,72048.42,8122935.33,3.18,3.73,489,31.49,23.93,2.45,42.13,131.80,0.00,14852.41,6672697.93,1522285.82,Canada,2020
Wood,9291560.44,19693309.12,3.64,7.13,1.50,-2.71,-2.77,0.00,0.00,434,0.00,100.00,0.00,0.00,0.00,0.00,0.00,0.00,11402573.82,0.54,0.31,434,15.90,83.18,0.00,0.92,18.00,0.00,0.00,1117185.68,10285388.14,Canada,2020
All Products,306926753.20,363904687.51,100.00,100.00,1.00,10.12,9.88,0.13,0.12,9350,0.04,98.26,0.00,1.70,131.80,0.00,0.00,15338557.97,309022968.42,3.40,2.18,9350,51.05,38.79,1.16,9.01,350.00,0.00,1554025.90,219442910.78,104918615.61,Canada,2021
Capital goods,101237427.42,51061818.15,32.98,14.03,0.94,7.33,4.62,0.00,0.00,1510,0.00,100.00,0.00,0.00,0.00,0.00,0.00,0.00,50081009.49,1.39,1.33,1510,36.16,62.98,0.60,0.26,25.00,0.00,953.28,25483680.28,24597329.22,Canada,2021
Consumer goods,99205277.81,101286881.79,32.32,27.83,0.93,10.14,11.29,0.24,0.41,3461,0.09,96.04,0.00,3.87,131.80,0.00,0.00,14922408.20,78944107.37,5.03,2.63,3461,61.02,25.54,1.53,11.90,350.00,0.00,1001365.28,64015356.65,29851158.93,Canada,2021
Intermediate goods,57847367.93,91173305.03,18.85,25.05,1.02,13.74,15.43,0.09,0.03,3242,0.00,99.44,0.00,0.56,100.49,0.00,0.00,415443.10,74129584.76,3.43,1.46,3242,54.47,39.54,0.83,5.15,182.34,0.00,459480.80,34759198.67,39785829.19,Canada,2021
Raw materials,28896914.35,100976290.17,9.41,27.75,1.27,11.79,9.10,0.02,0.00,686,0.00,99.27,0.00,0.73,17.29,0.00,0.00,4.55,96829899.88,2.07,2.67,686,22.45,46.94,1.46,29.15,350.00,0.00,33014.66,88886049.31,7943855.12,Canada,2021
Animal,3873281.97,9942558.14,1.26,2.73,1.10,10.60,12.88,1.11,0.23,494,0.00,85.63,0.00,14.37,117.27,0.00,0.00,135856.56,9371186.73,2.54,3.07,494,34.82,33.20,0.61,31.38,117.27,0.00,35636.01,6268613.98,3238429.31,Canada,2021
Chemicals,29661896.56,21777024.65,9.66,5.98,1.06,9.65,13.03,0.00,0.00,1363,0.00,100.00,0.00,0.00,0.00,0.00,0.00,0.00,21119666.06,2.76,1.20,1363,66.91,31.91,0.07,1.10,8.65,0.00,96.34,5730533.25,15389132.82,Canada,2021
Food Products,14631078.55,15886197.65,4.77,4.37,1.23,5.51,5.38,1.38,2.21,701,0.43,88.02,0.00,11.55,131.80,0.00,0.00,4473150.45,11067651.85,7.52,5.89,701,43.65,20.26,1.28,34.81,350.00,0.00,963206.60,13462611.44,2078190.86,Canada,2021
Footwear,537391.41,92953.05,0.18,0.03,0.07,9.37,7.43,0.00,0.00,196,0.00,100.00,0.00,0.00,0.00,0.00,0.00,0.00,92953.05,7.78,7.90,196,69.39,17.35,3.06,10.20,49.57,0.00,24168.44,74784.32,18168.73,Canada,2021
Fuels,22771082.45,108917381.77,7.42,29.93,1.51,22.88,17.59,0.00,0.00,40,0.00,100.00,0.00,0.00,0.00,0.00,0.00,10596397.97,98320983.80,0.22,2.16,40,0.00,87.50,0.00,12.50,19.53,0.00,0.00,90579439.05,18337942.71,Canada,2021
Hides and Skins,644812.05,127202.38,0.21,0.04,0.17,9.34,9.67,0.00,0.00,201,0.00,100.00,0.00,0.00,0.00,0.00,0.00,0.00,127202.38,4.38,8.21,201,83.58,15.92,0.00,0.50,20.00,0.00,0.00,102603.09,24599.29,Canada,2021
Mach and Elec,68049439.24,30531553.34,22.17,8.39,0.73,7.78,4.24,0.00,0.00,1300,0.00,100.00,0.00,0.00,0.00,0.00,0.00,0.00,30215249.63,1.32,0.85,1300,38.77,61.15,0.00,0.08,12.50,0.00,0.00,13187439.67,17027809.96,Canada,2021
Metals,20152369.18,33558412.40,6.57,9.22,0.92,20.64,16.25,0.00,0.00,945,0.00,100.00,0.00,0.00,0.00,0.00,0.00,0.00,33558412.39,1.62,1.22,945,40.21,55.13,2.75,1.90,15.00,0.00,441925.12,18776547.57,14781864.83,Canada,2021
Minerals,3309065.53,2675681.46,1.08,0.74,1.34,12.29,9.92,0.00,0.00,98,0.00,100.00,0.00,0.00,0.00,0.00,0.00,0.00,2220814.84,0.33,0.45,98,7.14,85.71,1.02,6.12,35.47,0.00,7569.20,334448.29,1886366.55,Canada,2021
Miscellaneous,31365504.89,29064273.83,10.22,7.99,0.96,11.05,11.33,0.00,0.00,757,0.00,100.00,0.00,0.00,0.00,0.00,0.00,0.00,10213002.98,3.04,1.36,757,34.35,49.80,6.34,9.51,182.34,0.00,55679.31,3237827.74,6975175.24,Canada,2021
Plastic or Rubber,19963334.17,17798710.42,6.50,4.89,1.22,13.86,12.92,0.00,0.00,360,0.00,100.00,0.00,0.00,0.00,0.00,0.00,0.00,15130099.35,3.56,4.43,360,77.50,22.50,0.00,0.00,14.00,0.00,0.00,14459602.50,670496.86,Canada,2021
Stone and Glass,13201138.65,7761959.11,4.30,2.13,0.77,5.44,8.87,0.00,0.00,354,0.00,100.00,0.00,0.00,0.00,0.00,0.00,0.00,8216450.99,3.10,1.94,354,61.86,36.16,0.00,1.98,38.00,0.00,0.00,6324333.21,1892117.77,Canada,2021
Textiles and Clothing,4474969.75,1578908.60,1.46,0.43,0.28,0.80,5.22,0.02,0.00,1350,0.00,99.56,0.00,0.44,17.29,0.00,0.00,6.63,1576219.61,8.76,8.05,1350,80.00,13.70,0.37,5.93,32.00,0.00,299.42,1417680.33,158545.91,Canada,2021
Transportation,52327159.26,44706303.54,17.05,12.29,1.24,9.63,9.11,0.00,0.00,238,0.00,100.00,0.00,0.00,0.00,0.00,0.00,0.00,42135263.65,3.04,2.34,238,50.00,50.00,0.00,0.00,25.00,0.00,0.00,35271437.48,6863826.16,Canada,2021
Vegetable,11230586.34,10428443.16,3.66,2.87,0.99,6.92,7.58,0.18,0.04,502,0.20,99.60,0.00,0.20,131.80,0.00,0.00,133146.35,10308777.30,3.09,4.05,502,30.88,24.70,1.79,42.63,131.80,0.00,25445.46,8730800.00,1711123.65,Canada,2021
Wood,10733643.20,29057124.03,3.50,7.98,1.46,9.03,7.43,0.00,0.00,451,0.00,100.00,0.00,0.00,0.00,0.00,0.00,0.00,15349033.81,0.58,0.30,451,16.85,82.26,0.00,0.89,18.00,0.00,0.00,1484208.86,13864824.95,Canada,2021
All Products,354887051.26,446623933.61,100.00,100.00,1.00,7.85,8.52,0.14,0.12,9161,0.09,98.29,0.00,1.63,352.35,0.00,0.00,21058552.73,379731955.26,3.38,1.99,9161,52.18,38.91,0.01,8.90,352.35,0.00,9.97,276285408.91,124505099.09,Canada,2022
Capital goods,115944982.05,62463316.76,32.67,13.99,0.95,7.70,8.84,0.00,0.00,1515,0.00,100.00,0.00,0.00,0.00,0.00,0.00,0.00,59662233.90,1.41,2.32,1515,37.62,62.11,0.00,0.26,25.00,0.00,0.00,31471957.98,28190275.92,Canada,2022
Consumer goods,115734586.67,123261111.61,32.61,27.60,0.94,8.36,9.61,0.25,0.44,3327,0.12,96.06,0.00,3.82,352.35,0.00,0.00,20597370.61,91667840.31,5.04,2.44,3327,62.04,25.91,0.03,12.02,352.35,0.00,9.97,71532484.02,40732726.90,Canada,2022
Intermediate goods,65453188.29,101423352.97,18.44,22.71,1.00,7.05,6.98,0.09,0.04,3218,0.00,99.38,0.00,0.62,213.44,0.00,0.00,460177.92,82137324.10,3.34,1.43,3218,55.38,39.56,0.00,5.07,213.44,0.00,0.00,37666753.92,44930748.10,Canada,2022
Raw materials,34637175.68,140062749.12,9.76,31.36,1.27,9.42,10.18,0.00,0.00,644,0.00,99.84,0.00,0.16,5.72,0.00,0.00,6.85,135110637.80,2.15,1.76,644,23.91,47.67,0.00,28.42,350.00,0.00,0.00,127208533.34,7902111.31,Canada,2022
Animal,3874179.54,9979674.17,1.09,2.23,0.98,5.05,-0.16,1.21,0.26,448,0.00,86.83,0.00,13.17,352.35,0.00,0.00,118895.40,9345747.85,2.57,3.02,448,32.14,35.49,0.00,32.37,352.35,0.00,0.00,6504250.54,2960392.71,Canada,2022
Chemicals,31736824.15,26245436.97,8.94,5.88,0.99,7.03,4.10,0.00,0.00,1337,0.00,100.00,0.00,0.00,0.00,0.00,0.00,0.00,24180697.45,2.77,1.20,1337,66.49,32.31,0.07,1.12,14.68,0.00,9.97,6329288.21,17851409.24,Canada,2022
Food Products,16535785.15,18021579.18,4.66,4.04,1.23,6.30,6.68,1.37,2.40,711,0.56,87.20,0.00,12.24,262.43,0.00,0.00,5016444.98,12701060.62,7.38,6.13,711,46.13,18.57,0.00,35.30,350.00,0.00,0.00,15384484.77,2333020.83,Canada,2022
Footwear,701876.27,99727.19,0.20,0.02,0.06,19.81,11.44,0.00,0.00,197,0.00,100.00,0.00,0.00,0.00,0.00,0.00,0.00,99727.19,7.77,7.98,197,72.08,17.77,0.00,10.15,57.25,0.00,0.00,78579.57,21147.62,Canada,2022
Fuels,35037928.86,164475284.81,9.87,36.83,1.56,21.78,24.39,0.00,0.00,41,0.00,100.00,0.00,0.00,0.00,0.00,0.00,15755615.09,148719669.73,0.16,1.28,41,0.00,87.80,0.00,12.20,16.97,0.00,0.00,133622543.14,30852741.67,Canada,2022
Hides and Skins,737905.16,142401.20,0.21,0.03,0.13,16.27,3.64,0.00,0.00,198,0.00,100.00,0.00,0.00,0.00,0.00,0.00,0.00,142401.20,4.51,10.50,198,84.34,15.15,0.00,0.51,20.00,0.00,0.00,119456.33,22944.86,Canada,2022
Mach and Elec,76906943.30,36389015.52,21.67,8.15,0.72,6.92,7.19,0.00,0.00,1306,0.00,100.00,0.00,0.00,0.00,0.00,0.00,0.00,34788658.54,1.31,0.84,1306,39.28,60.64,0.00,0.08,12.50,0.00,0.00,15051099.46,19737559.08,Canada,2022
Metals,23062378.59,37692520.67,6.50,8.44,0.90,7.89,7.12,0.00,0.00,926,0.00,100.00,0.00,0.00,0.00,0.00,0.00,0.00,37674874.91,1.72,1.26,926,42.76,55.40,0.00,1.84,23.05,0.00,0.00,21083973.08,16590901.83,Canada,2022
Minerals,3535542.63,2533752.16,1.00,0.57,1.22,8.33,4.11,0.00,0.00,101,0.00,100.00,0.00,0.00,0.00,0.00,0.00,0.00,2259723.41,0.37,0.31,101,7.92,85.15,0.00,6.93,29.64,0.00,0.00,293266.65,1966456.75,Canada,2022
Miscellaneous,42543964.88,30516492.26,11.99,6.83,0.94,3.94,3.62,0.00,0.00,713,0.00,100.00,0.00,0.00,0.00,0.00,0.00,0.00,9313846.74,2.44,1.24,713,41.65,49.65,0.00,8.70,82.30,0.00,0.00,2730085.53,6583761.20,Canada,2022
Plastic or Rubber,22593070.36,18726089.78,6.37,4.19,1.20,6.73,6.43,0.00,0.00,360,0.00,100.00,0.00,0.00,0.00,0.00,0.00,0.00,15860355.27,3.56,4.34,360,77.78,22.22,0.00,0.00,14.00,0.00,0.00,15093022.71,767332.56,Canada,2022
Stone and Glass,13095599.00,7238817.53,3.69,1.62,0.76,0.74,0.71,0.00,0.00,350,0.00,100.00,0.00,0.00,0.00,0.00,0.00,0.00,7326258.05,3.05,1.96,350,61.14,37.14,0.00,1.71,38.00,0.00,0.00,5705213.61,1621044.44,Canada,2022
Textiles and Clothing,4959040.59,1629417.99,1.40,0.36,0.25,8.86,4.19,0.01,0.00,1273,0.00,99.84,0.00,0.16,13.32,0.00,0.00,9.09,1447251.93,8.88,7.61,1273,82.17,13.20,0.00,4.63,32.00,0.00,0.00,1279932.34,167328.69,Canada,2022
Transportation,54929634.55,50874139.26,15.48,11.39,1.28,9.00,11.21,0.00,0.00,242,0.00,100.00,0.00,0.00,0.00,0.00,0.00,0.00,46350835.58,3.23,3.64,242,51.24,48.76,0.00,0.00,25.00,0.00,0.00,40330375.60,6020459.98,Canada,2022
Vegetable,12766109.55,13598485.18,3.60,3.04,0.97,7.25,6.94,0.38,0.04,510,0.78,99.02,0.00,0.20,163.80,0.00,0.00,167588.18,13434262.78,3.29,3.92,510,31.76,24.71,0.00,43.53,163.80,0.00,0.00,11497559.12,2104291.84,Canada,2022
Wood,11870268.68,28461099.72,3.34,6.37,1.43,5.49,5.19,0.00,0.00,448,0.00,100.00,0.00,0.00,0.00,0.00,0.00,0.00,16086584.02,0.50,0.18,448,15.63,83.48,0.00,0.89,18.00,0.00,0.00,1182278.25,14904305.78,Canada,2022
All Products,29445967.88,58511297.81,100.00,100.00,1.00,2.85,6.19,4.14,2.15,8725,59.95,30.21,1.78,8.06,350.00,0.00,630276.25,39125353.97,18287059.43,4.14,2.15,8725,59.95,30.21,1.78,8.06,350.00,0.00,630276.25,39125353.97,18287059.43,Germany,2000
Capital goods,17972604.06,24538203.13,61.04,41.94,2.03,2.23,5.58,1.47,1.09,1627,44.07,55.13,0.25,0.55,25.00,0.00,11894.38,12775771.74,12064215.52,1.47,1.09,1627,44.07,55.13,0.25,0.55,25.00,0.00,11894.38,12775771.74,12064215.52,Germany,2000
Consumer goods,4894130.16,22191034.30,16.62,37.93,0.49,-0.87,-2.61,5.25,2.81,3307,63.44,22.53,3.48,10.55,350.00,0.00,571135.10,19255495.55,3548086.63,5.25,2.81,3307,63.44,22.53,3.48,10.55,350.00,0.00,571135.10,19255495.55,3548086.63,Germany,2000
Intermediate goods,4344346.84,8764448.39,14.75,14.98,0.81,-0.79,5.54,4.94,3.36,3414,68.95,22.41,0.91,7.73,350.00,0.00,14438.93,6963281.44,2507169.49,4.94,3.36,3414,68.95,22.41,0.91,7.73,350.00,0.00,14438.93,6963281.44,2507169.49,Germany,2000
Raw materials,1120587.47,270686.26,3.81,0.46,0.35,6.61,1.20,1.77,1.15,377,16.45,60.74,1.33,21.49,350.00,0.00,32807.85,130805.23,167587.80,1.77,1.15,377,16.45,60.74,1.33,21.49,350.00,0.00,32807.85,130805.23,167587.80,Germany,2000
Animal,85097.82,98462.28,0.29,0.17,0.08,-8.63,-9.91,6.36,10.15,180,45.00,18.33,0.00,36.67,234.36,0.00,0.00,56881.91,46056.14,6.36,10.15,180,45.00,18.33,0.00,36.67,234.36,0.00,0.00,56881.91,46056.14,Germany,2000
Chemicals,2419967.69,6055456.99,8.22,10.35,1.45,-2.47,5.85,3.46,2.47,1547,61.86,29.54,0.00,8.60,13.19,0.00,0.00,3076196.08,3176085.72,3.46,2.47,1547,61.86,29.54,0.00,8.60,13.19,0.00,0.00,3076196.08,3176085.72,Germany,2000
Food Products,529247.16,484731.05,1.80,0.83,0.53,-7.97,-2.48,10.86,7.91,582,45.02,18.21,2.58,34.19,350.00,0.00,35848.45,436515.65,93500.29,10.86,7.91,582,45.02,18.21,2.58,34.19,350.00,0.00,35848.45,436515.65,93500.29,Germany,2000
Footwear,7946.36,85477.66,0.03,0.15,0.03,-5.26,-11.50,8.52,11.42,162,66.05,19.75,1.23,12.96,61.43,0.00,58.77,87071.51,1276.22,8.52,11.42,162,66.05,19.75,1.23,12.96,61.43,0.00,58.77,87071.51,1276.22,Germany,2000
Fuels,81431.21,501615.05,0.28,0.86,0.04,25.83,6.38,1.46,14.18,35,5.71,54.29,28.57,11.43,32.49,0.00,511120.77,514786.66,28417.97,1.46,14.18,35,5.71,54.29,28.57,11.43,32.49,0.00,511120.77,514786.66,28417.97,Germany,2000
Hides and Skins,52469.67,89413.60,0.18,0.15,0.21,-4.08,-15.53,3.84,3.61,139,81.29,17.99,0.00,0.72,20.00,0.00,0.00,86412.55,5862.99,3.84,3.61,139,81.29,17.99,0.00,0.72,20.00,0.00,0.00,86412.55,5862.99,Germany,2000
Mach and Elec,11898618.50,17108177.89,40.41,29.24,1.85,2.14,5.29,1.45,1.21,1404,44.37,55.27,0.28,0.07,21.21,0.00,1104.94,9652990.76,7909678.22,1.45,1.21,1404,44.37,55.27,0.28,0.07,21.21,0.00,1104.94,9652990.76,7909678.22,Germany,2000
Metals,774936.74,2988068.82,2.63,5.11,0.36,1.05,-1.20,2.55,2.74,924,76.84,17.97,2.06,3.14,18.63,0.00,15146.25,2931290.92,242654.80,2.55,2.74,924,76.84,17.97,2.06,3.14,18.63,0.00,15146.25,2931290.92,242654.80,Germany,2000
Minerals,104666.18,28610.04,0.36,0.05,0.46,0.83,14.65,0.22,0.02,70,5.71,90.00,2.86,1.43,3.00,0.00,10091.68,10557.15,19718.99,0.22,0.02,70,5.71,90.00,2.86,1.43,3.00,0.00,10091.68,10557.15,19718.99,Germany,2000
Miscellaneous,4122987.19,5149586.76,14.00,8.80,0.63,17.31,3.54,2.76,1.81,820,40.73,41.46,12.32,5.49,112.12,0.00,56901.41,2424540.59,2828156.52,2.76,1.81,820,40.73,41.46,12.32,5.49,112.12,0.00,56901.41,2424540.59,2828156.52,Germany,2000
Plastic or Rubber,835299.88,1616735.00,2.84,2.76,0.76,-2.35,2.71,3.76,3.94,345,76.52,22.61,0.00,0.87,14.00,0.00,0.00,1557869.64,143319.23,3.76,3.94,345,76.52,22.61,0.00,0.87,14.00,0.00,0.00,1557869.64,143319.23,Germany,2000
Stone and Glass,656769.51,1078962.35,2.23,1.84,0.85,-1.17,11.56,3.33,2.53,389,61.70,36.50,0.00,1.80,38.00,0.00,0.00,482675.70,630105.07,3.33,2.53,389,61.70,36.50,0.00,1.80,38.00,0.00,0.00,482675.70,630105.07,Germany,2000
Textiles and Clothing,280775.05,450442.11,0.95,0.77,0.16,-5.09,-2.15,10.19,7.94,1351,88.01,4.37,0.15,7.48,33.40,0.00,3.98,446412.75,26472.16,10.19,7.94,1351,88.01,4.37,0.15,7.48,33.40,0.00,3.98,446412.75,26472.16,Germany,2000
Transportation,5281883.35,18939312.03,17.94,32.37,1.26,-3.26,1.53,2.35,2.07,205,51.22,48.78,0.00,0.00,25.00,0.00,0.00,16570366.36,2767537.21,2.35,2.07,205,51.22,48.78,0.00,0.00,25.00,0.00,0.00,16570366.36,2767537.21,Germany,2000
Vegetable,437857.84,218683.22,1.49,0.37,0.62,-9.86,-5.30,2.24,0.95,219,26.03,35.62,0.00,38.36,40.68,0.00,0.00,75496.37,114592.82,2.24,0.95,219,26.03,35.62,0.00,38.36,40.68,0.00,0.00,75496.37,114592.82,Germany,2000
Wood,774688.03,893632.40,2.63,1.53,0.60,-1.98,0.95,1.17,0.81,353,51.84,45.89,0.00,2.27,18.00,0.00,0.00,715289.36,253625.07,1.17,0.81,353,51.84,45.89,0.00,2.27,18.00,0.00,0.00,715289.36,253625.07,Germany,2000
All Products,29994488.07,59075091.60,100.00,100.00,1.00,-1.49,-3.52,4.04,2.08,8722,60.23,30.06,1.78,7.93,350.00,0.00,565516.67,38863346.36,18783649.06,4.04,2.08,8722,60.23,30.06,1.78,7.93,350.00,0.00,565516.67,38863346.36,18783649.06,Germany,2001
Capital goods,17867650.99,24745874.72,59.57,41.89,1.91,1.74,-3.54,1.48,1.07,1635,44.10,55.05,0.24,0.61,25.00,0.00,18884.04,12493018.91,12408083.73,1.48,1.07,1635,44.10,55.05,0.24,0.61,25.00,0.00,18884.04,12493018.91,12408083.73,Germany,2001
Consumer goods,5583422.57,22596635.89,18.61,38.25,0.54,3.53,5.94,5.09,2.70,3330,63.15,22.46,3.48,10.90,350.00,0.00,524909.91,19399466.76,3705577.24,5.09,2.70,3330,63.15,22.46,3.48,10.90,350.00,0.00,524909.91,19399466.76,3705577.24,Germany,2001
Intermediate goods,4264391.66,8610559.98,14.22,14.58,0.79,5.12,1.46,4.80,3.27,3413,69.00,22.36,0.91,7.74,350.00,0.00,12354.99,6846604.92,2490890.36,4.80,3.27,3413,69.00,22.36,0.91,7.74,350.00,0.00,12354.99,6846604.92,2490890.36,Germany,2001
Raw materials,1188024.94,283833.39,3.96,0.48,0.38,-1.45,0.19,1.91,1.29,344,21.51,61.34,1.16,15.99,350.00,0.00,9367.74,124255.76,179097.74,1.91,1.29,344,21.51,61.34,1.16,15.99,350.00,0.00,9367.74,124255.76,179097.74,Germany,2001
Animal,157636.50,87788.20,0.53,0.15,0.12,6.85,28.94,6.61,9.58,192,51.04,16.67,0.52,31.77,244.41,0.00,2.43,48510.31,44318.19,6.61,9.58,192,51.04,16.67,0.52,31.77,244.41,0.00,2.43,48510.31,44318.19,Germany,2001
Chemicals,2381147.84,6426940.28,7.94,10.88,1.29,8.92,0.59,3.34,2.39,1527,62.08,29.27,0.00,8.64,11.46,0.00,0.00,3272940.95,3334718.45,3.34,2.39,1527,62.08,29.27,0.00,8.64,11.46,0.00,0.00,3272940.95,3334718.45,Germany,2001
Food Products,539941.28,501055.94,1.80,0.85,0.51,5.97,1.10,10.65,8.19,567,44.09,18.17,2.12,35.63,350.00,0.00,33000.44,449817.93,100141.80,10.65,8.19,567,44.09,18.17,2.12,35.63,350.00,0.00,33000.44,449817.93,100141.80,Germany,2001
Footwear,11098.53,81659.17,0.04,0.14,0.03,1.58,-0.88,7.78,11.62,162,65.43,20.37,1.23,12.96,60.47,0.00,77.38,81251.41,2859.46,7.78,11.62,162,65.43,20.37,1.23,12.96,60.47,0.00,77.38,81251.41,2859.46,Germany,2001
Fuels,65512.21,436928.62,0.22,0.74,0.04,-0.67,-4.36,1.16,11.76,35,5.71,60.00,22.86,11.43,24.04,0.00,445786.57,445892.47,19431.28,1.16,11.76,35,5.71,60.00,22.86,11.43,24.04,0.00,445786.57,445892.47,19431.28,Germany,2001
Hides and Skins,45757.11,76134.41,0.15,0.13,0.16,2.03,-13.41,3.93,3.58,135,82.96,16.30,0.00,0.74,20.00,0.00,0.00,74110.54,4127.90,3.93,3.58,135,82.96,16.30,0.00,0.74,20.00,0.00,0.00,74110.54,4127.90,Germany,2001
Mach and Elec,11905693.06,17119824.65,39.69,28.98,1.69,2.10,-4.23,1.44,1.20,1408,44.18,55.47,0.28,0.07,15.93,0.00,397.88,9580603.80,7918020.18,1.44,1.20,1408,44.18,55.47,0.28,0.07,15.93,0.00,397.88,9580603.80,7918020.18,Germany,2001
Metals,771096.54,2800977.48,2.57,4.74,0.37,0.62,-0.28,2.37,2.52,919,77.04,17.63,1.96,3.37,18.59,0.00,13224.72,2759938.46,238400.06,2.37,2.52,919,77.04,17.63,1.96,3.37,18.59,0.00,13224.72,2759938.46,238400.06,Germany,2001
Minerals,94874.79,28587.58,0.32,0.05,0.38,-0.91,-11.89,0.13,0.01,67,2.99,92.54,2.99,1.49,3.00,0.00,8717.50,9066.72,25005.67,0.13,0.01,67,2.99,92.54,2.99,1.49,3.00,0.00,8717.50,9066.72,25005.67,Germany,2001
Miscellaneous,4413907.38,4974332.92,14.72,8.42,1.15,-24.15,0.30,3.24,1.81,836,40.07,41.39,12.32,6.22,245.50,0.00,64301.00,2151305.97,2919758.15,3.24,1.81,836,40.07,41.39,12.32,6.22,245.50,0.00,64301.00,2151305.97,2919758.15,Germany,2001
Plastic or Rubber,829263.55,1470439.37,2.76,2.49,0.74,1.57,-1.65,3.69,3.91,349,75.93,23.21,0.00,0.86,14.00,0.00,0.00,1428897.84,123926.80,3.69,3.91,349,75.93,23.21,0.00,0.86,14.00,0.00,0.00,1428897.84,123926.80,Germany,2001
Stone and Glass,788157.39,992440.90,2.63,1.68,1.10,0.83,11.94,3.28,2.46,390,61.79,36.41,0.00,1.79,38.00,0.00,0.00,456016.62,571163.35,3.28,2.46,390,61.79,36.41,0.00,1.79,38.00,0.00,0.00,456016.62,571163.35,Germany,2001
Textiles and Clothing,258561.84,437101.38,0.86,0.74,0.15,0.30,-6.58,9.76,7.13,1352,89.50,3.55,0.37,6.58,32.80,0.00,8.74,406144.25,54780.46,9.76,7.13,1352,89.50,3.55,0.37,6.58,32.80,0.00,8.74,406144.25,54780.46,Germany,2001
Transportation,5558078.62,19735376.04,18.53,33.41,1.30,4.81,3.98,2.37,2.07,211,50.71,49.29,0.00,0.00,25.00,0.00,0.00,16903790.46,3068239.18,2.37,2.07,211,50.71,49.29,0.00,0.00,25.00,0.00,0.00,16903790.46,3068239.18,Germany,2001
Vegetable,413801.25,179211.22,1.38,0.30,0.58,2.51,-2.57,2.86,1.11,223,30.04,34.53,0.00,35.43,46.53,0.00,0.00,68334.18,87949.85,2.86,1.11,223,30.04,34.53,0.00,35.43,46.53,0.00,0.00,68334.18,87949.85,Germany,2001
Wood,679311.15,905560.27,2.26,1.53,0.56,1.20,-4.01,1.00,0.75,349,51.58,46.13,0.00,2.29,18.00,0.00,0.00,726724.45,270808.30,1.00,0.75,349,51.58,46.13,0.00,2.29,18.00,0.00,0.00,726724.45,270808.30,Germany,2001
All Products,26628846.44,63905160.74,100.00,100.00,1.00,0.45,-4.57,4.04,2.10,9066,60.48,29.95,1.95,7.62,350.00,0.00,655703.67,42282899.10,18382838.49,4.04,2.10,9066,60.48,29.95,1.95,7.62,350.00,0.00,655703.67,42282899.10,18382838.49,Germany,2002
Capital goods,14326012.41,24173487.70,53.80,37.83,1.81,-0.31,-7.67,1.46,1.11,1647,43.23,55.80,0.67,0.30,25.00,0.00,22313.65,12716219.29,10904560.16,1.46,1.11,1647,43.23,55.80,0.67,0.30,25.00,0.00,22313.65,12716219.29,10904560.16,Germany,2002
Consumer goods,6084383.67,26607014.88,22.85,41.64,0.58,3.91,2.57,5.19,2.54,3357,63.30,22.28,3.84,10.57,350.00,0.00,599727.06,22359358.12,4313752.74,5.19,2.54,3357,63.30,22.28,3.84,10.57,350.00,0.00,599727.06,22359358.12,4313752.74,Germany,2002
Intermediate goods,3973163.87,9645304.57,14.92,15.09,0.88,-2.53,-2.09,4.59,3.26,3585,68.95,22.68,1.00,7.36,350.00,0.00,21324.35,7044370.58,3046033.93,4.59,3.26,3585,68.95,22.68,1.00,7.36,350.00,0.00,21324.35,7044370.58,3046033.93,Germany,2002
Raw materials,1198505.57,244493.02,4.50,0.38,0.43,0.20,0.95,2.06,1.71,366,23.50,57.92,0.27,18.31,350.00,0.00,12338.61,98863.78,71366.59,2.06,1.71,366,23.50,57.92,0.27,18.31,350.00,0.00,12338.61,98863.78,71366.59,Germany,2002
Animal,148875.88,92806.42,0.56,0.15,0.21,1.88,26.63,8.04,12.01,205,48.78,16.10,0.00,35.12,240.36,0.00,0.00,86303.32,6748.53,8.04,12.01,205,48.78,16.10,0.00,35.12,240.36,0.00,0.00,86303.32,6748.53,Germany,2002
Chemicals,2330145.76,7758953.66,8.75,12.14,1.38,3.39,1.53,3.20,2.19,1578,62.74,29.47,0.00,7.79,9.89,0.00,0.00,3643025.11,4138985.13,3.20,2.19,1578,62.74,29.47,0.00,7.79,9.89,0.00,0.00,3643025.11,4138985.13,Germany,2002
Food Products,412107.95,561863.91,1.55,0.88,0.48,4.60,-2.97,11.50,6.36,554,42.78,18.77,3.07,35.38,350.00,0.00,30619.26,261183.36,300470.58,11.50,6.36,554,42.78,18.77,3.07,35.38,350.00,0.00,30619.26,261183.36,300470.58,Germany,2002
Footwear,10499.06,105613.43,0.04,0.17,0.04,0.98,1.91,8.39,11.24,158,67.09,19.62,2.53,10.76,60.08,0.00,918.40,100832.41,4780.64,8.39,11.24,158,67.09,19.62,2.53,10.76,60.08,0.00,918.40,100832.41,4780.64,Germany,2002
Fuels,51686.36,542390.01,0.19,0.85,0.03,-1.63,-12.40,1.26,7.31,49,10.20,44.90,36.73,8.16,18.16,0.00,512141.15,512161.03,30211.55,1.26,7.31,49,10.20,44.90,36.73,8.16,18.16,0.00,512141.15,512161.03,30211.55,Germany,2002
Hides and Skins,43800.89,70900.66,0.16,0.11,0.18,-1.57,0.27,3.98,3.49,193,82.38,17.10,0.00,0.52,20.00,0.00,0.00,66898.88,4001.78,3.98,3.49,193,82.38,17.10,0.00,0.52,20.00,0.00,0.00,66898.88,4001.78,Germany,2002
Mach and Elec,9865536.12,16795025.06,37.05,26.28,1.62,-0.45,-7.66,1.45,1.25,1446,43.91,55.74,0.28,0.07,15.00,0.00,674.40,9715147.34,7071000.80,1.45,1.25,1446,43.91,55.74,0.28,0.07,15.00,0.00,674.40,9715147.34,7071000.80,Germany,2002
Metals,675873.93,2736622.65,2.54,4.28,0.34,0.23,-8.67,2.14,2.49,926,76.89,17.93,3.02,2.16,16.39,0.00,20094.22,2499704.58,237151.28,2.14,2.49,926,76.89,17.93,3.02,2.16,16.39,0.00,20094.22,2499704.58,237151.28,Germany,2002
Minerals,64511.86,26588.29,0.24,0.04,0.44,-1.77,0.66,0.28,0.18,73,8.22,89.04,1.37,1.37,3.00,0.00,12338.61,18056.69,8198.49,0.28,0.18,73,8.22,89.04,1.37,1.37,3.00,0.00,12338.61,18056.69,8198.49,Germany,2002
Miscellaneous,3766323.65,5260055.21,14.14,8.23,1.17,-2.18,-6.24,3.54,2.02,837,40.26,40.98,11.59,7.17,199.26,0.00,78854.09,2057451.66,3203756.67,3.54,2.02,837,40.26,40.98,11.59,7.17,199.26,0.00,78854.09,2057451.66,3203756.67,Germany,2002
Plastic or Rubber,788931.04,1791067.61,2.96,2.80,0.75,1.80,-2.56,3.63,3.83,370,77.03,22.16,0.00,0.81,14.00,0.00,0.00,1639601.49,151400.44,3.63,3.83,370,77.03,22.16,0.00,0.81,14.00,0.00,0.00,1639601.49,151400.44,Germany,2002
Stone and Glass,678081.34,948896.64,2.55,1.48,1.14,-2.27,-5.31,3.28,2.77,374,62.57,35.56,0.00,1.87,38.00,0.00,0.00,471496.13,477362.12,3.28,2.77,374,62.57,35.56,0.00,1.87,38.00,0.00,0.00,471496.13,477362.12,Germany,2002
Textiles and Clothing,268236.12,496607.27,1.01,0.78,0.14,-0.04,-7.05,9.71,6.32,1370,88.61,3.72,0.58,7.08,32.50,0.00,63.53,423313.04,72909.87,9.71,6.32,1370,88.61,3.72,0.58,7.08,32.50,0.00,63.53,423313.04,72909.87,Germany,2002
Transportation,5340338.40,22166439.01,20.05,34.69,1.35,2.25,-0.88,2.06,2.18,212,50.00,50.00,0.00,0.00,25.00,0.00,0.00,19929363.04,2232367.53,2.06,2.18,212,50.00,50.00,0.00,0.00,25.00,0.00,0.00,19929363.04,2232367.53,Germany,2002
Vegetable,576701.44,198299.05,2.17,0.31,0.67,2.88,5.07,3.20,1.17,243,34.98,31.69,0.00,33.33,43.84,0.00,0.00,75055.84,90628.52,3.20,1.17,243,34.98,31.69,0.00,33.33,43.84,0.00,0.00,75055.84,90628.52,Germany,2002
Wood,574530.92,1139940.71,2.16,1.78,0.60,1.85,-0.50,0.85,0.69,479,56.99,41.34,0.00,1.67,18.00,0.00,0.00,787450.54,352864.55,0.85,0.69,479,56.99,41.34,0.00,1.67,18.00,0.00,0.00,787450.54,352864.55,Germany,2002
All Products,28830850.52,69681503.17,100.00,100.00,1.00,10.77,10.21,3.89,2.01,8906,60.42,30.04,2.01,7.53,350.00,0.00,704406.85,46467730.25,20157280.55,3.89,2.01,8906,60.42,30.04,2.01,7.53,350.00,0.00,704406.85,46467730.25,20157280.55,Germany,2003
Capital goods,14238700.85,26500865.74,49.39,38.03,1.75,7.85,5.47,1.45,1.14,1603,43.42,55.65,0.62,0.31,25.00,0.00,12166.20,14604158.82,11268125.51,1.45,1.14,1603,43.42,55.65,0.62,0.31,25.00,0.00,12166.20,14604158.82,11268125.51,Germany,2003
Consumer goods,7679516.23,29939162.97,26.64,42.97,0.61,8.25,10.41,5.03,2.49,3348,63.32,22.28,3.82,10.57,350.00,0.00,661153.45,24783477.56,5219651.47,5.03,2.49,3348,63.32,22.28,3.82,10.57,350.00,0.00,661153.45,24783477.56,5219651.47,Germany,2003
Intermediate goods,4686957.08,9973451.27,16.26,14.31,0.97,6.99,11.85,4.39,2.78,3500,69.00,22.94,1.14,6.91,350.00,0.00,20460.90,6888345.07,3544709.36,4.39,2.78,3500,69.00,22.94,1.14,6.91,350.00,0.00,20460.90,6888345.07,3544709.36,Germany,2003
Raw materials,1182390.01,265123.55,4.10,0.38,0.42,7.88,6.00,1.92,1.79,341,17.89,61.29,0.29,20.53,350.00,0.00,10626.30,106049.19,84171.84,1.92,1.79,341,17.89,61.29,0.29,20.53,350.00,0.00,10626.30,106049.19,84171.84,Germany,2003
Animal,137373.89,84673.44,0.48,0.12,0.15,6.12,-12.81,8.23,9.99,223,55.61,13.90,0.00,30.49,234.08,0.00,0.00,79852.53,4820.91,8.23,9.99,223,55.61,13.90,0.00,30.49,234.08,0.00,0.00,79852.53,4820.91,Germany,2003
Chemicals,3240387.01,8532730.95,11.24,12.25,1.63,7.57,16.33,2.98,1.77,1546,62.10,30.27,0.00,7.63,8.70,0.00,0.00,3365623.14,5140560.40,2.98,1.77,1546,62.10,30.27,0.00,7.63,8.70,0.00,0.00,3365623.14,5140560.40,Germany,2003
Food Products,397335.32,653775.43,1.38,0.94,0.46,6.47,3.26,11.19,5.75,563,45.12,18.65,3.73,32.50,350.00,0.00,35060.14,289889.31,363891.19,11.19,5.75,563,45.12,18.65,3.73,32.50,350.00,0.00,35060.14,289889.31,363891.19,Germany,2003
Footwear,7872.45,103629.01,0.03,0.15,0.03,5.02,-5.80,8.34,12.01,152,65.79,20.39,3.29,10.53,58.57,0.00,872.24,101651.81,2001.69,8.34,12.01,152,65.79,20.39,3.29,10.53,58.57,0.00,872.24,101651.81,2001.69,Germany,2003
Fuels,39997.13,645952.47,0.14,0.93,0.04,12.20,15.38,1.36,6.74,47,10.64,42.55,38.30,8.51,17.42,0.00,566215.16,566307.26,79685.03,1.36,6.74,47,10.64,42.55,38.30,8.51,17.42,0.00,566215.16,566307.26,79685.03,Germany,2003
Hides and Skins,44814.26,69856.25,0.16,0.10,0.19,3.70,6.34,4.26,3.51,189,86.77,12.70,0.00,0.53,20.00,0.00,0.00,65604.59,3871.86,4.26,3.51,189,86.77,12.70,0.00,0.53,20.00,0.00,0.00,65604.59,3871.86,Germany,2003
Mach and Elec,9897000.85,18581715.73,34.33,26.67,1.54,7.22,4.10,1.44,1.25,1408,44.32,55.33,0.28,0.07,15.00,0.00,155.92,10864715.99,7698266.09,1.44,1.25,1408,44.32,55.33,0.28,0.07,15.00,0.00,155.92,10864715.99,7698266.09,Germany,2003
Metals,722208.26,2889650.86,2.50,4.15,0.32,7.90,4.10,1.92,2.38,919,75.30,19.59,2.94,2.18,17.03,0.00,23315.19,2595837.21,290819.50,1.92,2.38,919,75.30,19.59,2.94,2.18,17.03,0.00,23315.19,2595837.21,290819.50,Germany,2003
Minerals,89289.46,24915.04,0.31,0.04,0.48,-0.45,3.99,0.21,0.13,67,5.97,91.04,1.49,1.49,3.00,0.00,10626.30,13258.03,11501.85,0.21,0.13,67,5.97,91.04,1.49,1.49,3.00,0.00,10626.30,13258.03,11501.85,Germany,2003
Miscellaneous,3876226.74,6052568.51,13.44,8.69,0.69,34.56,2.77,3.79,1.56,839,39.69,41.12,11.56,7.63,201.04,0.00,68082.27,2235487.98,3817982.44,3.79,1.56,839,39.69,41.12,11.56,7.63,201.04,0.00,68082.27,2235487.98,3817982.44,Germany,2003
Plastic or Rubber,827730.05,2018535.77,2.87,2.90,0.74,7.89,6.65,3.61,3.90,366,77.05,22.13,0.00,0.82,14.00,0.00,0.00,1855608.84,162200.87,3.61,3.90,366,77.05,22.13,0.00,0.82,14.00,0.00,0.00,1855608.84,162200.87,Germany,2003
Stone and Glass,769404.92,1026577.70,2.67,1.47,1.06,3.19,-0.78,3.34,2.67,373,62.73,35.66,0.00,1.61,38.00,0.00,0.00,508833.45,517526.32,3.34,2.67,373,62.73,35.66,0.00,1.61,38.00,0.00,0.00,508833.45,517526.32,Germany,2003
Textiles and Clothing,267629.13,544879.18,0.93,0.78,0.14,6.19,3.60,9.28,6.21,1347,88.12,4.23,0.45,7.20,32.30,0.00,79.64,476966.49,67225.89,9.28,6.21,1347,88.12,4.23,0.45,7.20,32.30,0.00,79.64,476966.49,67225.89,Germany,2003
Transportation,6292818.25,24066974.90,21.83,34.54,1.52,9.85,16.02,2.19,2.25,208,50.96,49.04,0.00,0.00,25.00,0.00,0.00,22545444.67,1535511.23,2.19,2.25,208,50.96,49.04,0.00,0.00,25.00,0.00,0.00,22545444.67,1535511.23,Germany,2003
Vegetable,616043.67,249519.13,2.14,0.36,0.74,7.45,12.04,2.78,1.50,228,29.82,34.65,0.00,35.53,35.44,0.00,0.00,91962.03,108292.23,2.78,1.50,228,29.82,34.65,0.00,35.53,35.44,0.00,0.00,91962.03,108292.23,Germany,2003
Wood,576937.89,1166210.47,2.00,1.67,0.55,6.99,2.15,0.68,0.43,432,56.71,41.44,0.00,1.85,18.00,0.00,0.00,813241.85,353123.06,0.68,0.43,432,56.71,41.44,0.00,1.85,18.00,0.00,0.00,813241.85,353123.06,Germany,2003
All Products,31411579.74,79143125.10,100.00,100.00,1.00,9.24,6.54,3.73,1.92,8962,55.01,36.96,2.03,6.00,350.00,0.00,1119770.38,50089060.96,25808559.02,3.73,1.92,8962,55.01,36.96,2.03,6.00,350.00,0.00,1119770.38,50089060.96,25808559.02,Germany,2004
Capital goods,12908147.83,30752011.11,41.09,38.86,1.74,8.99,5.92,1.51,1.14,1600,43.50,55.69,0.50,0.31,25.00,0.00,10218.75,17099796.76,12877960.22,1.51,1.14,1600,43.50,55.69,0.50,0.31,25.00,0.00,10218.75,17099796.76,12877960.22,Germany,2004
Consumer goods,8255307.78,32234626.50,26.28,40.73,0.64,6.40,6.35,4.91,2.48,3385,59.59,26.23,3.81,10.37,350.00,0.00,1065385.68,26046341.91,6227351.00,4.91,2.48,3385,59.59,26.23,3.81,10.37,350.00,0.00,1065385.68,26046341.91,6227351.00,Germany,2004
Intermediate goods,5202085.23,12648563.68,16.56,15.98,1.05,10.96,12.41,4.04,2.28,3509,58.56,36.88,1.23,3.33,350.00,0.00,31146.19,6707909.26,6549398.24,4.04,2.28,3509,58.56,36.88,1.23,3.33,350.00,0.00,31146.19,6707909.26,6549398.24,Germany,2004
Raw materials,1491881.00,333848.48,4.75,0.42,0.38,11.80,3.89,1.91,1.39,351,20.23,60.68,0.57,18.52,350.00,0.00,13019.76,132076.33,100445.79,1.91,1.39,351,20.23,60.68,0.57,18.52,350.00,0.00,13019.76,132076.33,100445.79,Germany,2004
Animal,212644.50,84547.24,0.68,0.11,0.20,5.64,20.72,8.14,9.76,222,53.15,13.51,0.45,32.88,220.37,0.00,737.34,75842.92,8396.92,8.14,9.76,222,53.15,13.51,0.45,32.88,220.37,0.00,737.34,75842.92,8396.92,Germany,2004
Chemicals,4393750.67,10272810.36,13.99,12.98,1.87,11.39,16.14,2.83,1.62,1544,68.13,30.89,0.00,0.97,7.96,0.00,0.00,3881016.77,6359402.76,2.83,1.62,1544,68.13,30.89,0.00,0.97,7.96,0.00,0.00,3881016.77,6359402.76,Germany,2004
Food Products,420452.01,708056.41,1.34,0.89,0.43,5.31,-0.67,10.35,4.88,583,44.77,18.70,3.09,33.45,350.00,0.00,38015.79,297034.06,411306.44,10.35,4.88,583,44.77,18.70,3.09,33.45,350.00,0.00,38015.79,297034.06,411306.44,Germany,2004
Footwear,10066.24,91346.71,0.03,0.12,0.04,3.63,9.53,8.33,11.95,166,65.66,19.88,3.61,10.84,57.48,0.00,1122.81,89142.40,1965.54,8.33,11.95,166,65.66,19.88,3.61,10.84,57.48,0.00,1122.81,89142.40,1965.54,Germany,2004
Fuels,46874.70,1136253.79,0.15,1.44,0.04,12.68,23.35,1.39,6.52,46,10.87,41.30,39.13,8.70,16.49,0.00,961281.63,961335.47,159525.14,1.39,6.52,46,10.87,41.30,39.13,8.70,16.49,0.00,961281.63,961335.47,159525.14,Germany,2004
Hides and Skins,43480.83,71045.44,0.14,0.09,0.17,1.94,-7.26,3.98,3.66,195,84.10,15.38,0.00,0.51,20.00,0.00,0.00,67438.71,3684.54,3.98,3.66,195,84.10,15.38,0.00,0.51,20.00,0.00,0.00,67438.71,3684.54,Germany,2004
Mach and Elec,8659761.67,21091310.36,27.57,26.65,1.41,8.97,1.87,1.44,1.28,1406,44.31,55.33,0.28,0.07,15.00,0.00,141.58,12599273.50,8498718.94,1.44,1.28,1406,44.31,55.33,0.28,0.07,15.00,0.00,141.58,12599273.50,8498718.94,Germany,2004
Metals,796178.32,3835374.66,2.53,4.85,0.31,14.10,9.21,1.70,2.02,921,41.37,53.64,3.47,1.52,15.00,0.00,32520.92,2203026.66,1633034.40,1.70,2.02,921,41.37,53.64,3.47,1.52,15.00,0.00,32520.92,2203026.66,1633034.40,Germany,2004
Minerals,73805.94,36023.39,0.23,0.05,0.47,22.89,18.52,0.28,0.13,70,7.14,88.57,1.43,2.86,3.52,0.00,12282.43,16294.76,19895.16,0.28,0.13,70,7.14,88.57,1.43,2.86,3.52,0.00,12282.43,16294.76,19895.16,Germany,2004
Miscellaneous,4404454.34,7297597.60,14.02,9.22,0.66,11.29,6.02,3.26,1.18,838,40.21,41.41,11.22,7.16,196.16,0.00,73556.13,2678771.98,4614810.78,3.26,1.18,838,40.21,41.41,11.22,7.16,196.16,0.00,73556.13,2678771.98,4614810.78,Germany,2004
Plastic or Rubber,923417.75,2329090.27,2.94,2.94,0.75,9.30,7.40,3.55,3.94,368,77.45,22.55,0.00,0.00,14.00,0.00,0.00,2165153.67,164497.45,3.55,3.94,368,77.45,22.55,0.00,0.00,14.00,0.00,0.00,2165153.67,164497.45,Germany,2004
Stone and Glass,886403.00,1109107.86,2.82,1.40,1.12,5.78,5.80,3.34,2.63,369,63.41,34.96,0.00,1.63,38.00,0.00,0.00,573783.48,535248.68,3.34,2.63,369,63.41,34.96,0.00,1.63,38.00,0.00,0.00,573783.48,535248.68,Germany,2004
Textiles and Clothing,255858.56,586371.43,0.81,0.74,0.14,4.37,1.97,8.96,5.64,1350,81.93,12.96,0.59,4.52,32.00,0.00,111.76,479281.95,107865.71,8.96,5.64,1350,81.93,12.96,0.59,4.52,32.00,0.00,111.76,479281.95,107865.71,Germany,2004
Transportation,5332923.49,25400934.56,16.98,32.09,1.74,7.36,12.09,2.69,2.22,208,52.40,47.60,0.00,0.00,25.00,0.00,0.00,23641173.18,1754571.38,2.69,2.22,208,52.40,47.60,0.00,0.00,25.00,0.00,0.00,23641173.18,1754571.38,Germany,2004
Vegetable,782815.34,329586.10,2.49,0.42,0.70,4.66,-0.81,2.72,1.28,236,30.08,33.47,0.00,36.44,31.69,0.00,0.00,118929.65,153287.43,2.72,1.28,236,30.08,33.47,0.00,36.44,31.69,0.00,0.00,118929.65,153287.43,Germany,2004
Wood,623971.70,1628041.64,1.99,2.06,0.50,3.50,-3.24,0.51,0.36,441,15.87,83.67,0.00,0.45,18.00,0.00,0.00,241561.80,1385789.45,0.51,0.36,441,15.87,83.67,0.00,0.45,18.00,0.00,0.00,241561.80,1385789.45,Germany,2004
All Products,34175631.45,86873024.14,100.00,100.00,1.00,4.21,1.90,3.68,1.89,8806,55.21,37.03,2.06,5.70,350.00,0.00,2006443.29,54136883.64,29506482.57,3.68,1.89,8806,55.21,37.03,2.06,5.70,350.00,0.00,2006443.29,54136883.64,29506482.57,Germany,2005
Capital goods,14273784.19,35066834.35,41.77,40.37,1.67,6.10,1.71,1.49,1.10,1605,43.30,55.89,0.50,0.31,25.00,0.00,9488.19,18939010.77,15249147.03,1.49,1.10,1605,43.30,55.89,0.50,0.31,25.00,0.00,9488.19,18939010.77,15249147.03,Germany,2005
Consumer goods,8445461.70,33759089.33,24.71,38.86,0.60,6.15,0.56,4.88,2.57,3283,59.64,26.53,3.93,9.90,350.00,0.00,1922991.08,27234966.40,6576506.03,4.88,2.57,3283,59.64,26.53,3.93,9.90,350.00,0.00,1922991.08,27234966.40,6576506.03,Germany,2005
Intermediate goods,5535910.90,14317841.46,16.20,16.48,0.98,7.91,2.00,4.00,2.13,3528,59.01,36.28,1.13,3.57,350.00,0.00,26111.46,7674972.19,7532195.07,4.00,2.13,3528,59.01,36.28,1.13,3.57,350.00,0.00,26111.46,7674972.19,7532195.07,Germany,2005
Raw materials,1546227.64,388253.43,4.52,0.45,0.34,13.18,5.15,1.54,1.50,279,15.41,67.03,1.43,16.13,350.00,0.00,47852.56,176191.30,87574.22,1.54,1.50,279,15.41,67.03,1.43,16.13,350.00,0.00,47852.56,176191.30,87574.22,Germany,2005
Animal,243019.14,95563.40,0.71,0.11,0.20,6.92,3.90,6.68,7.03,166,46.99,16.27,0.60,36.14,193.29,0.00,628.72,84854.06,11016.75,6.68,7.03,166,46.99,16.27,0.60,36.14,193.29,0.00,628.72,84854.06,11016.75,Germany,2005
Chemicals,4459848.17,11056908.76,13.05,12.73,1.87,7.09,4.75,2.89,1.75,1555,68.55,30.48,0.00,0.96,13.03,0.00,0.00,4559601.46,6661150.99,2.89,1.75,1555,68.55,30.48,0.00,0.96,13.03,0.00,0.00,4559601.46,6661150.99,Germany,2005
Food Products,390040.50,764411.74,1.14,0.88,0.35,5.12,-7.23,9.39,4.62,533,44.28,17.64,3.19,34.90,350.00,0.00,46084.93,333986.55,430606.32,9.39,4.62,533,44.28,17.64,3.19,34.90,350.00,0.00,46084.93,333986.55,430606.32,Germany,2005
Footwear,12014.23,91031.51,0.04,0.10,0.04,5.16,0.33,8.25,11.59,165,65.45,20.00,3.64,10.91,56.02,0.00,1013.53,87544.13,3741.09,8.25,11.59,165,65.45,20.00,3.64,10.91,56.02,0.00,1013.53,87544.13,3741.09,Germany,2005
Fuels,78575.70,1990003.47,0.23,2.29,0.06,16.49,34.23,1.58,6.71,49,10.20,38.78,40.82,10.20,16.10,0.00,1839793.44,1839927.65,150959.46,1.58,6.71,49,10.20,38.78,40.82,10.20,16.10,0.00,1839793.44,1839927.65,150959.46,Germany,2005
Hides and Skins,47426.86,69098.32,0.14,0.08,0.18,5.18,6.02,4.23,3.67,171,86.55,12.87,0.00,0.58,20.00,0.00,0.00,65646.11,3482.87,4.23,3.67,171,86.55,12.87,0.00,0.58,20.00,0.00,0.00,65646.11,3482.87,Germany,2005
Mach and Elec,9514468.91,23684256.76,27.84,27.26,1.31,5.87,-0.31,1.44,1.26,1410,44.61,55.04,0.28,0.07,15.00,0.00,141.48,13892994.38,9778169.99,1.44,1.26,1410,44.61,55.04,0.28,0.07,15.00,0.00,141.48,13892994.38,9778169.99,Germany,2005
Metals,977909.45,4626937.35,2.86,5.33,0.29,10.25,4.73,1.74,1.95,921,42.24,52.88,3.37,1.52,15.00,0.00,30241.93,2537966.73,2092096.00,1.74,1.95,921,42.24,52.88,3.37,1.52,15.00,0.00,30241.93,2537966.73,2092096.00,Germany,2005
Minerals,78910.33,37652.60,0.23,0.04,0.50,10.82,11.06,0.14,0.09,75,4.00,92.00,1.33,2.67,3.14,0.00,17802.56,20774.05,16596.53,0.14,0.09,75,4.00,92.00,1.33,2.67,3.14,0.00,17802.56,20774.05,16596.53,Germany,2005
Miscellaneous,4931746.65,7938629.43,14.43,9.14,1.03,-15.99,2.74,3.05,0.85,818,40.10,41.32,11.49,7.09,190.39,0.00,70658.13,2870021.94,5071124.19,3.05,0.85,818,40.10,41.32,11.49,7.09,190.39,0.00,70658.13,2870021.94,5071124.19,Germany,2005
Plastic or Rubber,1049935.62,2574637.26,3.07,2.96,0.69,8.60,1.64,3.57,3.95,366,77.87,22.13,0.00,0.00,14.00,0.00,0.00,2374109.51,202895.96,3.57,3.95,366,77.87,22.13,0.00,0.00,14.00,0.00,0.00,2374109.51,202895.96,Germany,2005
Stone and Glass,1121533.64,1206997.78,3.28,1.39,1.16,11.30,10.74,3.37,2.40,366,63.66,34.70,0.00,1.64,38.00,0.00,0.00,582955.78,623911.79,3.37,2.40,366,63.66,34.70,0.00,1.64,38.00,0.00,0.00,582955.78,623911.79,Germany,2005
Textiles and Clothing,274689.67,610048.00,0.80,0.70,0.15,2.23,4.27,8.97,5.72,1359,82.41,12.80,0.52,4.27,32.00,0.00,78.57,507966.68,100335.10,8.97,5.72,1359,82.41,12.80,0.52,4.27,32.00,0.00,78.57,507966.68,100335.10,Germany,2005
Transportation,5253091.53,26572071.53,15.37,30.59,1.68,4.69,0.56,2.46,2.13,211,50.24,49.76,0.00,0.00,25.00,0.00,0.00,24034529.43,2522832.43,2.46,2.13,211,50.24,49.76,0.00,0.00,25.00,0.00,0.00,24034529.43,2522832.43,Germany,2005
Vegetable,673794.91,395065.11,1.97,0.45,0.60,6.28,-3.83,2.80,1.01,219,29.22,36.07,0.00,34.70,29.80,0.00,0.00,119366.55,190854.92,2.80,1.01,219,29.22,36.07,0.00,34.70,29.80,0.00,0.00,119366.55,190854.92,Germany,2005
Wood,703253.11,1875065.63,2.06,2.16,0.49,2.91,-1.02,0.52,0.27,423,15.13,84.40,0.00,0.47,18.00,0.00,0.00,224638.64,1651062.75,0.52,0.27,423,15.13,84.40,0.00,0.47,18.00,0.00,0.00,224638.64,1651062.75,Germany,2005
All Products,41313146.99,91215229.47,100.00,100.00,1.00,8.75,9.09,3.64,1.82,8930,55.02,37.07,1.99,5.92,350.00,0.00,1983153.82,54879662.40,32594734.34,3.64,1.82,8930,55.02,37.07,1.99,5.92,350.00,0.00,1983153.82,54879662.40,32594734.34,Germany,2006
Capital goods,19183962.57,36841174.88,46.44,40.39,1.66,8.18,8.06,1.50,1.12,1616,43.19,55.94,0.56,0.31,25.00,0.00,13365.31,19818947.28,16082102.99,1.50,1.12,1616,43.19,55.94,0.56,0.31,25.00,0.00,13365.31,19818947.28,16082102.99,Germany,2006
Consumer goods,10718528.51,34366033.86,25.94,37.68,0.72,7.05,17.64,4.83,2.48,3383,59.33,26.40,3.84,10.43,350.00,0.00,1897517.38,26898031.88,7533632.67,4.83,2.48,3383,59.33,26.40,3.84,10.43,350.00,0.00,1897517.38,26898031.88,7533632.67,Germany,2006
Intermediate goods,8134193.03,15626109.46,19.69,17.13,0.90,10.80,6.45,3.88,1.97,3493,59.06,36.76,1.06,3.12,350.00,0.00,29161.22,7817269.57,8652722.42,3.88,1.97,3493,59.06,36.76,1.06,3.12,350.00,0.00,29161.22,7817269.57,8652722.42,Germany,2006
Raw materials,2032429.94,610358.04,4.92,0.67,0.39,9.74,17.53,2.03,1.15,331,18.43,62.24,0.60,18.73,350.00,0.00,43109.92,198163.71,135985.91,2.03,1.15,331,18.43,62.24,0.60,18.73,350.00,0.00,43109.92,198163.71,135985.91,Germany,2006
Animal,292218.76,105362.36,0.71,0.12,0.19,5.68,3.28,6.74,6.20,187,56.68,12.30,0.53,30.48,163.00,0.00,376.24,97789.44,7572.92,6.74,6.20,187,56.68,12.30,0.53,30.48,163.00,0.00,376.24,97789.44,7572.92,Germany,2006
Chemicals,5588540.34,12298181.01,13.53,13.48,1.85,7.26,7.22,2.85,1.45,1539,68.55,30.47,0.00,0.97,7.26,0.00,0.00,4170636.62,8183990.74,2.85,1.45,1539,68.55,30.47,0.00,0.97,7.26,0.00,0.00,4170636.62,8183990.74,Germany,2006
Food Products,467356.35,831245.08,1.13,0.91,0.33,3.74,1.07,9.45,4.66,590,44.07,18.64,2.54,34.75,350.00,0.00,57201.87,386979.14,444265.95,9.45,4.66,590,44.07,18.64,2.54,34.75,350.00,0.00,57201.87,386979.14,444265.95,Germany,2006
Footwear,12643.73,71994.75,0.03,0.08,0.03,3.65,1.39,7.80,11.62,161,65.22,21.12,3.73,9.94,54.93,0.00,954.15,68347.67,3647.08,7.80,11.62,161,65.22,21.12,3.73,9.94,54.93,0.00,954.15,68347.67,3647.08,Germany,2006
Fuels,313923.09,1892283.68,0.76,2.07,0.09,11.50,35.14,1.40,6.61,49,10.20,42.86,36.73,10.20,15.55,0.00,1762206.79,1762432.84,129850.85,1.40,6.61,49,10.20,42.86,36.73,10.20,15.55,0.00,1762206.79,1762432.84,129850.85,Germany,2006
Hides and Skins,52561.89,73004.10,0.13,0.08,0.18,4.87,5.15,4.42,3.82,165,86.67,12.73,0.00,0.61,20.00,0.00,0.00,68866.15,4137.94,4.42,3.82,165,86.67,12.73,0.00,0.61,20.00,0.00,0.00,68866.15,4137.94,Germany,2006
Mach and Elec,12984346.52,25724399.12,31.43,28.20,1.36,6.90,9.17,1.43,1.26,1422,44.30,55.34,0.28,0.07,15.00,0.00,130.59,14963716.60,10760682.52,1.43,1.26,1422,44.30,55.34,0.28,0.07,15.00,0.00,130.59,14963716.60,10760682.52,Germany,2006
Metals,1211483.70,5315741.62,2.93,5.83,0.29,15.93,15.79,1.70,2.08,929,41.55,53.50,3.44,1.51,15.00,0.00,44209.69,3114281.83,2201459.79,1.70,2.08,929,41.55,53.50,3.44,1.51,15.00,0.00,44209.69,3114281.83,2201459.79,Germany,2006
Minerals,143511.85,66405.83,0.35,0.07,0.46,14.24,10.45,0.24,0.10,76,6.58,89.47,1.32,2.63,3.00,0.00,42733.68,49031.61,17374.22,0.24,0.10,76,6.58,89.47,1.32,2.63,3.00,0.00,42733.68,49031.61,17374.22,Germany,2006
Miscellaneous,5631919.87,8686365.86,13.63,9.52,1.02,9.50,9.13,2.83,0.83,835,40.36,41.56,11.02,7.07,162.63,0.00,74977.11,3137101.88,5549263.98,2.83,0.83,835,40.36,41.56,11.02,7.07,162.63,0.00,74977.11,3137101.88,5549263.98,Germany,2006
Plastic or Rubber,1223379.62,2756237.74,2.96,3.02,0.70,8.01,9.39,3.56,3.94,365,77.81,22.19,0.00,0.00,14.00,0.00,0.00,2512563.02,243674.73,3.56,3.94,365,77.81,22.19,0.00,0.00,14.00,0.00,0.00,2512563.02,243674.73,Germany,2006
Stone and Glass,1581247.83,1604924.87,3.83,1.76,1.50,10.96,26.56,3.22,2.05,370,62.43,35.68,0.00,1.89,38.00,0.00,0.00,663756.03,941168.83,3.22,2.05,370,62.43,35.68,0.00,1.89,38.00,0.00,0.00,663756.03,941168.83,Germany,2006
Textiles and Clothing,307505.50,581968.41,0.74,0.64,0.16,3.66,8.88,8.91,5.54,1368,81.65,13.38,0.66,4.31,32.00,0.00,363.70,487130.27,94838.14,8.91,5.54,1368,81.65,13.38,0.66,4.31,32.00,0.00,363.70,487130.27,94838.14,Germany,2006
Transportation,8959825.65,25143127.05,21.69,27.56,1.72,10.75,12.38,2.65,2.16,214,50.47,49.53,0.00,0.00,25.00,0.00,0.00,23065923.66,2077203.39,2.65,2.16,214,50.47,49.53,0.00,0.00,25.00,0.00,0.00,23065923.66,2077203.39,Germany,2006
Vegetable,580631.73,397526.76,1.41,0.44,0.64,6.40,10.75,2.76,1.01,241,31.54,32.78,0.00,35.68,29.80,0.00,0.00,136532.17,205467.87,2.76,1.01,241,31.54,32.78,0.00,35.68,29.80,0.00,0.00,136532.17,205467.87,Germany,2006
Wood,725790.94,1928597.90,1.76,2.11,0.50,4.88,6.00,0.50,0.24,420,15.48,84.05,0.00,0.48,18.00,0.00,0.00,194573.47,1734024.42,0.50,0.24,420,15.48,84.05,0.00,0.48,18.00,0.00,0.00,194573.47,1734024.42,Germany,2006
All Products,49611212.29,96631595.72,100.00,100.00,1.00,7.18,0.52,3.62,1.20,7627,50.44,41.25,2.31,6.00,350.00,0.00,2389143.02,47386509.05,45281623.64,3.62,1.20,7627,50.44,41.25,2.31,6.00,350.00,0.00,2389143.02,47386509.05,45281623.64,Germany,2007
Capital goods,21475957.00,40268828.61,43.29,41.67,1.59,1.70,-6.47,1.12,0.53,1174,31.01,67.80,0.85,0.34,16.00,0.00,7432.23,13622180.52,25688054.49,1.12,0.53,1174,31.01,67.80,0.85,0.34,16.00,0.00,7432.23,13622180.52,25688054.49,Germany,2007
Consumer goods,13230067.51,35785402.18,26.67,37.03,0.83,4.12,4.92,5.04,2.18,3011,57.42,28.56,4.18,9.83,350.00,0.00,2343279.69,26043803.06,9837034.16,5.04,2.18,3011,57.42,28.56,4.18,9.83,350.00,0.00,2343279.69,26043803.06,9837034.16,Germany,2007
Intermediate goods,10916814.73,15880237.63,22.00,16.43,1.07,9.07,11.76,3.78,1.58,3012,53.29,42.10,1.16,3.45,350.00,0.00,26604.29,7341468.59,9343373.77,3.78,1.58,3012,53.29,42.10,1.16,3.45,350.00,0.00,26604.29,7341468.59,9343373.77,Germany,2007
Raw materials,2587880.87,714981.03,5.22,0.74,0.46,5.23,7.40,2.29,1.65,321,20.25,61.37,1.56,16.82,350.00,0.00,11826.82,200532.67,98959.66,2.29,1.65,321,20.25,61.37,1.56,16.82,350.00,0.00,11826.82,200532.67,98959.66,Germany,2007
Animal,281675.93,121699.20,0.57,0.13,0.27,5.74,18.20,8.61,6.37,135,37.78,21.48,2.96,37.78,122.43,0.00,229.89,113460.46,8238.74,8.61,6.37,135,37.78,21.48,2.96,37.78,122.43,0.00,229.89,113460.46,8238.74,Germany,2007
Chemicals,7810266.67,14261492.43,15.74,14.76,2.14,8.82,9.77,2.51,1.00,1148,59.41,39.37,0.00,1.22,6.65,0.00,0.00,3949846.51,10357919.76,2.51,1.00,1148,59.41,39.37,0.00,1.22,6.65,0.00,0.00,3949846.51,10357919.76,Germany,2007
Food Products,471051.34,926267.21,0.95,0.96,0.36,5.81,2.96,10.97,5.00,462,40.04,21.65,4.98,33.33,350.00,0.00,67442.69,476840.85,449426.36,10.97,5.00,462,40.04,21.65,4.98,33.33,350.00,0.00,67442.69,476840.85,449426.36,Germany,2007
Footwear,15117.03,81145.27,0.03,0.08,0.04,3.60,7.33,7.68,11.47,172,65.12,19.77,3.49,11.63,54.59,0.00,1501.00,77418.15,3727.12,7.68,11.47,172,65.12,19.77,3.49,11.63,54.59,0.00,1501.00,77418.15,3727.12,Germany,2007
Fuels,237425.96,2249580.59,0.48,2.33,0.10,0.17,-1.12,1.59,6.76,44,11.36,38.64,40.91,9.09,18.92,0.00,2186257.96,2186458.80,63121.79,1.59,6.76,44,11.36,38.64,40.91,9.09,18.92,0.00,2186257.96,2186458.80,63121.79,Germany,2007
Hides and Skins,73797.48,86105.55,0.15,0.09,0.24,5.50,13.84,4.22,3.60,187,83.96,15.51,0.00,0.53,20.00,0.00,0.00,81424.94,4680.60,4.22,3.60,187,83.96,15.51,0.00,0.53,20.00,0.00,0.00,81424.94,4680.60,Germany,2007
Mach and Elec,14166061.84,28153497.87,28.55,29.13,1.38,3.59,-1.94,1.08,0.63,1017,32.65,66.96,0.39,0.00,12.50,0.00,10363.94,10945792.59,17209409.25,1.08,0.63,1017,32.65,66.96,0.39,0.00,12.50,0.00,10363.94,10945792.59,17209409.25,Germany,2007
Metals,1460058.50,5713683.97,2.94,5.91,0.34,10.73,13.11,1.41,1.80,842,35.87,58.67,3.80,1.66,15.00,0.00,37888.94,3045054.76,2668629.21,1.41,1.80,842,35.87,58.67,3.80,1.66,15.00,0.00,37888.94,3045054.76,2668629.21,Germany,2007
Minerals,121670.34,27806.55,0.25,0.03,0.45,9.99,2.10,0.28,0.18,71,7.04,87.32,1.41,4.23,4.65,0.00,11738.99,17461.75,10344.80,0.28,0.18,71,7.04,87.32,1.41,4.23,4.65,0.00,11738.99,17461.75,10344.80,Germany,2007
Miscellaneous,7628580.70,13586588.47,15.38,14.06,0.75,28.29,3.21,2.87,0.64,706,37.25,44.05,11.47,7.22,140.43,0.00,72919.37,3089580.54,6533544.89,2.87,0.64,706,37.25,44.05,11.47,7.22,140.43,0.00,72919.37,3089580.54,6533544.89,Germany,2007
Plastic or Rubber,1409474.57,2944339.20,2.84,3.05,0.87,7.30,12.34,3.27,3.51,290,71.72,28.28,0.00,0.00,14.00,0.00,0.00,2581766.62,360868.62,3.27,3.51,290,71.72,28.28,0.00,0.00,14.00,0.00,0.00,2581766.62,360868.62,Germany,2007
Stone and Glass,2151385.20,1860499.14,4.34,1.93,1.72,8.53,8.93,3.29,1.79,357,61.62,37.54,0.00,0.84,38.00,0.00,0.00,696796.10,1163703.04,3.29,1.79,357,61.62,37.54,0.00,0.84,38.00,0.00,0.00,696796.10,1163703.04,Germany,2007
Textiles and Clothing,324023.71,577022.76,0.65,0.60,0.19,4.16,5.48,9.01,5.53,1357,82.31,12.97,0.52,4.20,32.00,0.00,800.25,472932.00,104090.76,9.01,5.53,1357,82.31,12.97,0.52,4.20,32.00,0.00,800.25,472932.00,104090.76,Germany,2007
Transportation,11658833.34,23887356.71,23.50,24.72,1.59,-0.55,-10.48,1.67,0.17,165,32.12,67.88,0.00,0.00,14.00,0.00,0.00,19318008.41,4569348.29,1.67,0.17,165,32.12,67.88,0.00,0.00,14.00,0.00,0.00,19318008.41,4569348.29,Germany,2007
Vegetable,885744.62,395418.59,1.79,0.41,0.60,8.21,-2.09,2.45,1.18,229,29.69,34.93,0.00,35.37,29.80,0.00,0.00,162357.35,186787.40,2.45,1.18,229,29.69,34.93,0.00,35.37,29.80,0.00,0.00,162357.35,186787.40,Germany,2007
Wood,916045.06,1759092.22,1.85,1.82,0.56,6.04,5.79,0.72,0.20,445,19.55,79.33,0.00,1.12,18.00,0.00,0.00,171309.22,1587783.00,0.72,0.20,445,19.55,79.33,0.00,1.12,18.00,0.00,0.00,171309.22,1587783.00,Germany,2007
All Products,54672136.76,99758479.28,100.00,100.00,1.00,6.10,5.61,3.67,1.75,8776,56.20,36.02,2.19,5.59,350.00,0.00,2169147.11,56837266.24,39175260.47,3.67,1.75,8776,56.20,36.02,2.19,5.59,350.00,0.00,2169147.11,56837266.24,39175260.47,Germany,2008
Capital goods,21642776.85,42026376.16,39.59,42.13,1.48,7.41,3.23,1.49,1.16,1520,46.12,53.03,0.53,0.33,25.00,0.00,12385.89,22249462.69,18864029.57,1.49,1.16,1520,46.12,53.03,0.53,0.33,25.00,0.00,12385.89,22249462.69,18864029.57,Germany,2008
Consumer goods,15463994.96,35080755.84,28.29,35.17,0.76,9.69,4.30,4.84,2.38,3301,60.77,26.05,4.09,9.09,350.00,0.00,2118688.03,26227254.33,8969075.06,4.84,2.38,3301,60.77,26.05,4.09,9.09,350.00,0.00,2118688.03,26227254.33,8969075.06,Germany,2008
Intermediate goods,12809486.60,18031773.44,23.43,18.08,1.14,7.29,10.23,4.03,1.86,3509,58.88,36.36,1.25,3.51,350.00,0.00,29189.99,7980142.37,10756262.97,4.03,1.86,3509,58.88,36.36,1.25,3.51,350.00,0.00,29189.99,7980142.37,10756262.97,Germany,2008
Raw materials,3140779.14,855869.09,5.74,0.86,0.46,14.89,14.20,1.77,1.66,329,20.97,58.66,1.52,18.84,350.00,0.00,8883.19,219317.53,123537.83,1.77,1.66,329,20.97,58.66,1.52,18.84,350.00,0.00,8883.19,219317.53,123537.83,Germany,2008
Animal,300079.85,91263.08,0.55,0.09,0.25,13.54,10.39,6.44,5.88,183,50.27,16.94,2.73,30.05,119.56,0.00,543.37,85221.85,6041.23,6.44,5.88,183,50.27,16.94,2.73,30.05,119.56,0.00,543.37,85221.85,6041.23,Germany,2008
Chemicals,9413198.33,15459291.05,17.22,15.50,2.23,8.59,10.10,2.87,1.24,1528,69.37,29.71,0.00,0.92,6.50,0.00,0.00,4571987.33,10947462.70,2.87,1.24,1528,69.37,29.71,0.00,0.92,6.50,0.00,0.00,4571987.33,10947462.70,Germany,2008
Food Products,447709.57,965487.74,0.82,0.97,0.35,12.99,11.39,9.74,3.95,513,45.61,18.13,5.07,31.19,350.00,0.00,79899.78,468082.43,497405.31,9.74,3.95,513,45.61,18.13,5.07,31.19,350.00,0.00,79899.78,468082.43,497405.31,Germany,2008
Footwear,18716.76,68089.47,0.03,0.07,0.04,10.03,11.45,7.49,11.49,173,64.74,20.23,3.47,11.56,52.59,0.00,2213.72,65716.06,2373.42,7.49,11.49,173,64.74,20.23,3.47,11.56,52.59,0.00,2213.72,65716.06,2373.42,Germany,2008
Fuels,637651.00,2103366.89,1.17,2.11,0.16,22.70,55.35,1.32,6.33,48,10.42,41.67,37.50,10.42,17.58,0.00,1944490.78,1946367.97,156998.91,1.32,6.33,48,10.42,41.67,37.50,10.42,17.58,0.00,1944490.78,1946367.97,156998.91,Germany,2008
Hides and Skins,69055.54,82228.03,0.13,0.08,0.20,9.99,0.28,4.41,3.97,183,85.25,14.21,0.00,0.55,20.00,0.00,0.00,80433.42,1794.61,4.41,3.97,183,85.25,14.21,0.00,0.55,20.00,0.00,0.00,80433.42,1794.61,Germany,2008
Mach and Elec,14232587.68,29513919.95,26.03,29.59,1.30,5.93,1.99,1.48,1.26,1326,47.74,51.89,0.30,0.08,15.00,0.00,10227.06,16563401.47,12953966.79,1.48,1.26,1326,47.74,51.89,0.30,0.08,15.00,0.00,10227.06,16563401.47,12953966.79,Germany,2008
Metals,1615899.13,5895144.48,2.96,5.91,0.31,8.29,3.40,1.72,1.95,925,41.62,53.19,3.78,1.41,15.00,0.00,35611.78,3095670.42,2799474.06,1.72,1.95,925,41.62,53.19,3.78,1.41,15.00,0.00,35611.78,3095670.42,2799474.06,Germany,2008
Minerals,156060.53,24893.35,0.29,0.03,0.34,6.80,-8.27,0.34,0.08,70,10.00,85.71,1.43,2.86,5.00,0.00,8832.28,10725.23,14168.11,0.34,0.08,70,10.00,85.71,1.43,2.86,5.00,0.00,8832.28,10725.23,14168.11,Germany,2008
Miscellaneous,8128890.77,13400932.29,14.87,13.43,1.63,-22.59,13.60,3.68,0.98,810,41.60,39.14,11.85,7.41,252.84,0.00,87326.36,3555244.33,6099735.39,3.68,0.98,810,41.60,39.14,11.85,7.41,252.84,0.00,87326.36,3555244.33,6099735.39,Germany,2008
Plastic or Rubber,1550874.55,2975882.74,2.84,2.98,0.74,9.47,0.51,3.55,3.87,373,77.48,22.52,0.00,0.00,14.00,0.00,0.00,2663408.01,309026.41,3.55,3.87,373,77.48,22.52,0.00,0.00,14.00,0.00,0.00,2663408.01,309026.41,Germany,2008
Stone and Glass,2266482.28,1952954.18,4.15,1.96,1.50,12.48,4.78,3.34,1.63,384,63.28,34.90,0.00,1.82,38.00,0.00,0.00,669620.34,1283333.84,3.34,1.63,384,63.28,34.90,0.00,1.82,38.00,0.00,0.00,669620.34,1283333.84,Germany,2008
Textiles and Clothing,339973.87,553947.12,0.62,0.56,0.17,8.17,2.74,8.88,5.35,1348,82.72,12.61,0.07,4.60,32.00,0.00,2.00,455074.09,98873.03,8.88,5.35,1348,82.72,12.61,0.07,4.60,32.00,0.00,2.00,455074.09,98873.03,Germany,2008
Transportation,13130555.84,24586891.84,24.02,24.65,1.50,8.13,4.54,2.13,2.17,225,48.44,51.56,0.00,0.00,25.00,0.00,0.00,22316123.70,2270768.14,2.13,2.17,225,48.44,51.56,0.00,0.00,25.00,0.00,0.00,22316123.70,2270768.14,Germany,2008
Vegetable,1357991.07,471021.86,2.48,0.47,0.69,14.62,22.84,2.48,1.02,228,30.70,31.58,0.00,37.72,29.80,0.00,0.00,184499.49,226363.40,2.48,1.02,228,30.70,31.58,0.00,37.72,29.80,0.00,0.00,184499.49,226363.40,Germany,2008
Wood,1006409.98,1613165.21,1.84,1.62,0.52,7.19,3.17,0.64,0.16,459,18.52,80.39,0.00,1.09,18.00,0.00,0.00,105690.08,1507475.12,0.64,0.16,459,18.52,80.39,0.00,1.09,18.00,0.00,0.00,105690.08,1507475.12,Germany,2008
All Products,43220924.95,72632756.09,100.00,100.00,1.00,-11.75,-10.50,3.69,1.60,8695,55.93,35.99,2.19,5.90,584.79,0.00,912822.40,38197647.00,31290844.02,3.69,1.60,8695,55.93,35.99,2.19,5.90,584.79,0.00,912822.40,38197647.00,31290844.02,Germany,2009
Capital goods,13647453.90,30856987.96,31.58,42.48,1.45,-11.91,-11.68,1.48,1.06,1502,46.27,52.86,0.53,0.33,25.00,0.00,12536.20,15446635.09,14643477.71,1.48,1.06,1502,46.27,52.86,0.53,0.33,25.00,0.00,12536.20,15446635.09,14643477.71,Germany,2009
Consumer goods,10586708.89,25837610.60,24.49,35.57,0.66,-7.32,-12.48,4.81,2.01,3292,60.30,25.61,4.19,9.90,350.00,0.00,875688.95,16429593.08,9489108.37,4.81,2.01,3292,60.30,25.61,4.19,9.90,350.00,0.00,875688.95,16429593.08,9489108.37,Germany,2009
Intermediate goods,10458520.03,12265796.97,24.20,16.89,1.31,-14.79,-7.40,4.04,2.04,3483,58.74,36.72,1.06,3.47,584.79,0.00,19841.56,6058556.03,6820392.02,4.04,2.04,3483,58.74,36.72,1.06,3.47,584.79,0.00,19841.56,6058556.03,6820392.02,Germany,2009
Raw materials,2018281.47,514101.69,4.67,0.71,0.43,-18.70,-20.22,2.12,1.40,302,16.56,61.26,2.32,19.87,350.00,0.00,4755.69,171933.58,106041.10,2.12,1.40,302,16.56,61.26,2.32,19.87,350.00,0.00,4755.69,171933.58,106041.10,Germany,2009
Animal,236311.17,62532.72,0.55,0.09,0.20,-5.75,-15.18,7.18,6.23,173,50.29,17.92,4.05,27.75,122.21,0.00,354.32,57940.72,4592.00,7.18,6.23,173,50.29,17.92,4.05,27.75,122.21,0.00,354.32,57940.72,4592.00,Germany,2009
Chemicals,9861898.08,13882807.84,22.82,19.11,2.39,-6.58,-1.81,2.86,1.12,1521,69.03,29.98,0.00,0.99,6.50,0.00,0.00,3671510.42,10238218.54,2.86,1.12,1521,69.03,29.98,0.00,0.99,6.50,0.00,0.00,3671510.42,10238218.54,Germany,2009
Food Products,352990.35,914398.22,0.82,1.26,0.29,-2.42,-10.25,8.98,4.14,540,42.78,17.59,4.81,34.81,350.00,0.00,93575.65,455336.49,459061.73,8.98,4.14,540,42.78,17.59,4.81,34.81,350.00,0.00,93575.65,455336.49,459061.73,Germany,2009
Footwear,22229.50,50729.44,0.05,0.07,0.05,-4.09,5.42,7.57,12.01,169,65.09,20.12,2.96,11.83,51.97,0.00,1021.84,48522.85,2206.58,7.57,12.01,169,65.09,20.12,2.96,11.83,51.97,0.00,1021.84,48522.85,2206.58,Germany,2009
Fuels,358858.21,804044.42,0.83,1.11,0.17,-19.69,-15.71,1.26,6.07,49,10.20,42.86,36.73,10.20,17.50,0.00,707997.34,708228.68,95815.74,1.26,6.07,49,10.20,42.86,36.73,10.20,17.50,0.00,707997.34,708228.68,95815.74,Germany,2009
Hides and Skins,41244.17,58250.52,0.10,0.08,0.14,-9.36,-22.30,4.56,4.20,168,85.12,14.29,0.00,0.60,20.00,0.00,0.00,55568.20,2682.32,4.56,4.20,168,85.12,14.29,0.00,0.60,20.00,0.00,0.00,55568.20,2682.32,Germany,2009
Mach and Elec,8414805.81,20254674.56,19.47,27.89,1.23,-11.66,-12.82,1.48,1.25,1312,47.79,51.83,0.30,0.08,12.50,0.00,3195.55,11350638.73,8905935.16,1.48,1.25,1312,47.79,51.83,0.30,0.08,12.50,0.00,3195.55,11350638.73,8905935.16,Germany,2009
Metals,1122679.22,3572762.61,2.60,4.92,0.37,-24.37,-16.82,1.74,2.01,917,42.31,52.56,3.60,1.53,15.00,0.00,21978.29,1965147.42,1607615.19,1.74,2.01,917,42.31,52.56,3.60,1.53,15.00,0.00,21978.29,1965147.42,1607615.19,Germany,2009
Minerals,139675.00,15720.74,0.32,0.02,0.34,-17.31,-16.35,0.21,0.11,65,6.15,89.23,1.54,3.08,3.00,0.00,4644.81,6613.72,9107.02,0.21,0.11,65,6.15,89.23,1.54,3.08,3.00,0.00,4644.81,6613.72,9107.02,Germany,2009
Miscellaneous,12166586.64,11097505.86,28.15,15.28,1.74,-5.92,-1.28,4.14,0.92,801,41.57,39.20,11.74,7.49,584.79,0.00,80044.54,2865331.06,5087909.73,4.14,0.92,801,41.57,39.20,11.74,7.49,584.79,0.00,80044.54,2865331.06,5087909.73,Germany,2009
Plastic or Rubber,1152825.97,2255204.75,2.67,3.10,0.68,-12.87,-15.29,3.59,3.73,369,78.05,21.95,0.00,0.00,14.00,0.00,0.00,2003591.19,249714.24,3.59,3.73,369,78.05,21.95,0.00,0.00,14.00,0.00,0.00,2003591.19,249714.24,Germany,2009
Stone and Glass,1293854.95,1173353.17,2.99,1.62,1.02,-10.76,-25.52,3.45,2.13,374,64.71,33.69,0.00,1.60,38.00,0.00,0.00,532731.75,640621.42,3.45,2.13,374,64.71,33.69,0.00,1.60,38.00,0.00,0.00,532731.75,640621.42,Germany,2009
Textiles and Clothing,287312.29,410090.17,0.66,0.56,0.15,-5.71,-9.36,8.85,5.19,1340,82.69,12.91,0.15,4.25,32.00,0.00,10.06,332154.19,77935.98,8.85,5.19,1340,82.69,12.91,0.15,4.25,32.00,0.00,10.06,332154.19,77935.98,Germany,2009
Transportation,6068473.17,16580866.28,14.04,22.83,1.11,-8.09,-19.67,2.14,1.94,220,49.09,50.91,0.00,0.00,25.00,0.00,0.00,13869578.72,2711287.56,2.14,1.94,220,49.09,50.91,0.00,0.00,25.00,0.00,0.00,13869578.72,2711287.56,Germany,2009
Vegetable,927901.85,374964.38,2.15,0.52,0.53,-7.84,-18.15,2.30,1.07,230,26.96,33.48,0.00,39.57,29.80,0.00,0.00,167069.64,180973.62,2.30,1.07,230,26.96,33.48,0.00,39.57,29.80,0.00,0.00,167069.64,180973.62,Germany,2009
Wood,773278.59,1124850.42,1.79,1.55,0.50,-10.42,-11.16,0.61,0.20,447,17.23,81.66,0.00,1.12,18.00,0.00,0.00,107683.22,1017167.19,0.61,0.20,447,17.23,81.66,0.00,1.12,18.00,0.00,0.00,107683.22,1017167.19,Germany,2009
All Products,47994835.94,84129523.27,100.00,100.00,1.00,6.86,4.70,3.61,1.71,8792,55.91,35.93,2.21,5.95,350.00,0.00,444901.61,49379092.96,32168051.02,3.61,1.71,8792,55.91,35.93,2.21,5.95,350.00,0.00,444901.61,49379092.96,32168051.02,Germany,2010
Capital goods,15653597.98,34230306.81,32.62,40.69,1.42,10.18,6.86,1.50,1.14,1506,46.35,52.79,0.53,0.33,25.00,0.00,13870.46,18536774.91,14941455.76,1.50,1.14,1506,46.35,52.79,0.53,0.33,25.00,0.00,13870.46,18536774.91,14941455.76,Germany,2010
Consumer goods,11641331.76,32322636.86,24.26,38.42,0.76,2.01,7.12,4.86,2.08,3379,60.17,25.57,4.17,10.09,350.00,0.00,402127.61,23066155.98,9578797.34,4.86,2.08,3379,60.17,25.57,4.17,10.09,350.00,0.00,402127.61,23066155.98,9578797.34,Germany,2010
Intermediate goods,10863266.06,14020403.51,22.63,16.67,1.14,9.95,0.61,3.87,2.20,3474,58.55,37.02,1.15,3.28,350.00,0.00,19214.71,7497628.17,7155488.75,3.87,2.20,3474,58.55,37.02,1.15,3.28,350.00,0.00,19214.71,7497628.17,7155488.75,Germany,2010
Raw materials,2759726.39,704727.48,5.75,0.84,0.41,10.23,4.82,1.47,1.28,315,19.68,59.05,1.59,19.68,350.00,0.00,9688.84,187340.99,143669.89,1.47,1.28,315,19.68,59.05,1.59,19.68,350.00,0.00,9688.84,187340.99,143669.89,Germany,2010
Animal,290350.10,56880.53,0.60,0.07,0.25,1.55,11.68,6.51,7.17,201,54.23,13.43,1.99,30.35,138.39,0.00,578.16,50880.22,6098.59,6.51,7.17,201,54.23,13.43,1.99,30.35,138.39,0.00,578.16,50880.22,6098.59,Germany,2010
Chemicals,9828499.60,13602460.27,20.48,16.17,2.21,3.79,-2.17,2.86,1.31,1533,68.88,30.07,0.00,1.04,9.35,0.00,0.00,4225140.68,9397039.51,2.86,1.31,1533,68.88,30.07,0.00,1.04,9.35,0.00,0.00,4225140.68,9397039.51,Germany,2010
Food Products,417999.43,1054188.03,0.87,1.25,0.43,-0.72,19.08,8.60,4.03,569,44.46,16.52,5.45,33.57,350.00,0.00,98615.69,588084.07,465754.21,8.60,4.03,569,44.46,16.52,5.45,33.57,350.00,0.00,98615.69,588084.07,465754.21,Germany,2010
Footwear,16588.77,56070.19,0.03,0.07,0.04,6.29,-5.59,8.25,11.17,168,64.88,20.24,2.98,11.90,50.70,0.00,1155.86,52786.54,3292.49,8.25,11.17,168,64.88,20.24,2.98,11.90,50.70,0.00,1155.86,52786.54,3292.49,Germany,2010
Fuels,930325.77,320964.12,1.94,0.38,0.26,7.17,28.47,1.32,5.21,48,10.42,41.67,37.50,10.42,16.83,0.00,242848.69,243093.28,77872.59,1.32,5.21,48,10.42,41.67,37.50,10.42,16.83,0.00,242848.69,243093.28,77872.59,Germany,2010
Hides and Skins,47503.92,64819.28,0.10,0.08,0.17,6.72,16.09,4.44,3.96,176,85.80,13.64,0.00,0.57,20.00,0.00,0.00,61391.51,3433.00,4.44,3.96,176,85.80,13.64,0.00,0.57,20.00,0.00,0.00,61391.51,3433.00,Germany,2010
Mach and Elec,9981245.23,22931690.50,20.80,27.26,1.22,9.12,6.43,1.48,1.27,1312,47.79,51.83,0.30,0.08,12.50,0.00,1306.69,13201750.42,9765290.08,1.48,1.27,1312,47.79,51.83,0.30,0.08,12.50,0.00,1306.69,13201750.42,9765290.08,Germany,2010
Metals,1494224.87,4897334.25,3.11,5.82,0.34,15.57,9.39,1.71,1.86,933,41.26,53.59,3.64,1.50,15.00,0.00,27564.81,2582002.78,2313884.04,1.71,1.86,933,41.26,53.59,3.64,1.50,15.00,0.00,27564.81,2582002.78,2313884.04,Germany,2010
Minerals,262899.41,28967.46,0.55,0.03,0.28,23.38,11.10,0.24,0.09,75,6.67,88.00,2.67,2.67,3.52,0.00,9613.39,12476.54,16475.07,0.24,0.09,75,6.67,88.00,2.67,2.67,3.52,0.00,9613.39,12476.54,16475.07,Germany,2010
Miscellaneous,13339304.97,11813250.32,27.79,14.04,1.81,1.03,0.81,3.24,1.01,785,42.29,39.87,11.59,6.24,100.41,0.00,62386.39,3361234.33,5622305.78,3.24,1.01,785,42.29,39.87,11.59,6.24,100.41,0.00,62386.39,3361234.33,5622305.78,Germany,2010
Plastic or Rubber,1514638.49,2944873.80,3.16,3.50,0.77,11.46,16.24,3.57,3.76,369,77.51,22.49,0.00,0.00,14.00,0.00,0.00,2637834.88,304817.57,3.57,3.76,369,77.51,22.49,0.00,0.00,14.00,0.00,0.00,2637834.88,304817.57,Germany,2010
Stone and Glass,2164151.44,1712339.16,4.51,2.04,1.14,12.87,16.77,3.38,1.95,382,63.87,34.55,0.00,1.57,38.00,0.00,0.00,697149.95,1009742.31,3.38,1.95,382,63.87,34.55,0.00,1.57,38.00,0.00,0.00,697149.95,1009742.31,Germany,2010
Textiles and Clothing,325956.41,525851.90,0.68,0.63,0.18,3.53,9.62,8.98,4.91,1323,83.07,12.62,0.38,3.93,32.00,0.00,831.93,417462.15,108116.06,8.98,4.91,1323,83.07,12.62,0.38,3.93,32.00,0.00,831.93,417462.15,108116.06,Germany,2010
Transportation,5426669.60,22539795.16,11.31,26.79,1.21,5.01,7.21,2.30,2.17,222,49.55,50.45,0.00,0.00,25.00,0.00,0.00,20988207.97,1780578.63,2.30,2.17,222,49.55,50.45,0.00,0.00,25.00,0.00,0.00,20988207.97,1780578.63,Germany,2010
Vegetable,1090631.13,373750.68,2.27,0.44,0.51,3.09,-1.00,2.16,1.09,254,27.95,32.68,0.00,39.37,29.80,0.00,0.00,162889.98,182643.39,2.16,1.09,254,27.95,32.68,0.00,39.37,29.80,0.00,0.00,162889.98,182643.39,Germany,2010
Wood,863846.79,1206287.64,1.80,1.43,0.55,6.08,9.20,0.62,0.17,442,16.74,82.13,0.00,1.13,18.00,0.00,0.00,96707.65,1110707.70,0.62,0.17,442,16.74,82.13,0.00,1.13,18.00,0.00,0.00,96707.65,1110707.70,Germany,2010
All Products,48939214.66,100675925.19,100.00,100.00,1.00,9.06,6.42,3.53,1.67,8819,56.00,35.99,1.83,6.18,350.00,0.00,491068.48,58893338.72,38561144.50,3.53,1.67,8819,56.00,35.99,1.83,6.18,350.00,0.00,491068.48,58893338.72,38561144.50,Germany,2011
Capital goods,16499467.23,42983457.02,33.71,42.69,1.38,5.99,1.94,1.51,1.19,1519,46.02,53.00,0.33,0.66,25.00,0.00,53626.74,23617973.12,18416414.28,1.51,1.19,1519,46.02,53.00,0.33,0.66,25.00,0.00,53626.74,23617973.12,18416414.28,Germany,2011
Consumer goods,13785655.29,37251259.43,28.17,37.00,0.82,9.54,11.28,4.74,2.08,3369,60.49,25.68,3.65,10.18,350.00,0.00,421165.12,26313723.18,11047388.15,4.74,2.08,3369,60.49,25.68,3.65,10.18,350.00,0.00,421165.12,26313723.18,11047388.15,Germany,2011
Intermediate goods,8410228.07,16397036.59,17.18,16.29,1.09,10.14,5.17,3.75,1.99,3475,59.02,36.81,0.92,3.25,350.00,0.00,16111.18,8633769.46,8503839.66,3.75,1.99,3475,59.02,36.81,0.92,3.25,350.00,0.00,16111.18,8633769.46,8503839.66,Germany,2011
Raw materials,3362136.72,802096.13,6.87,0.80,0.48,13.67,20.89,1.76,1.28,338,17.16,59.17,0.30,23.37,350.00,0.00,165.45,185354.06,122028.51,1.76,1.28,338,17.16,59.17,0.30,23.37,350.00,0.00,165.45,185354.06,122028.51,Germany,2011
Animal,353193.00,78272.40,0.72,0.08,0.32,7.73,17.83,7.36,6.98,187,52.41,14.44,1.07,32.09,125.31,0.00,812.39,71218.36,7054.04,7.36,6.98,187,52.41,14.44,1.07,32.09,125.31,0.00,812.39,71218.36,7054.04,Germany,2011
Chemicals,6952831.30,15683725.03,14.21,15.58,2.16,6.70,2.92,2.87,1.23,1539,69.07,29.95,0.00,0.97,6.50,0.00,0.00,4606994.31,11111442.46,2.87,1.23,1539,69.07,29.95,0.00,0.97,6.50,0.00,0.00,4606994.31,11111442.46,Germany,2011
Food Products,414932.39,1158813.80,0.85,1.15,0.48,6.93,10.34,7.85,4.14,548,44.34,17.70,4.01,33.94,350.00,0.00,100859.59,662013.81,496799.99,7.85,4.14,548,44.34,17.70,4.01,33.94,350.00,0.00,100859.59,662013.81,496799.99,Germany,2011
Footwear,19344.62,69656.56,0.04,0.07,0.04,10.60,10.63,8.15,10.70,170,65.29,20.00,2.35,12.35,50.65,0.00,132.35,62860.84,6795.72,8.15,10.70,170,65.29,20.00,2.35,12.35,50.65,0.00,132.35,62860.84,6795.72,Germany,2011
Fuels,1417068.53,349186.75,2.90,0.35,0.35,17.15,31.51,1.04,5.30,53,9.43,47.17,33.96,9.43,17.13,0.00,267924.74,268249.15,80937.60,1.04,5.30,53,9.43,47.17,33.96,9.43,17.13,0.00,267924.74,268249.15,80937.60,Germany,2011
Hides and Skins,67965.19,73811.64,0.14,0.07,0.23,10.74,24.70,4.59,4.28,175,87.43,12.00,0.00,0.57,20.00,0.00,0.00,69777.44,4034.19,4.59,4.28,175,87.43,12.00,0.00,0.57,20.00,0.00,0.00,69777.44,4034.19,Germany,2011
Mach and Elec,10514647.93,28354714.65,21.49,28.16,1.21,6.03,3.23,1.46,1.34,1314,47.72,51.90,0.30,0.08,12.50,0.00,1888.44,16665146.34,11691803.83,1.46,1.34,1314,47.72,51.90,0.30,0.08,12.50,0.00,1888.44,16665146.34,11691803.83,Germany,2011
Metals,1818671.35,5863305.08,3.72,5.82,0.37,12.87,14.01,1.73,1.91,930,41.83,53.23,3.12,1.83,15.00,0.00,26473.72,3242696.71,2620608.37,1.73,1.91,930,41.83,53.23,3.12,1.83,15.00,0.00,26473.72,3242696.71,2620608.37,Germany,2011
Minerals,198072.27,17991.60,0.40,0.02,0.31,13.67,16.07,0.23,0.14,75,5.33,89.33,0.00,5.33,11.21,0.00,0.00,2734.01,15257.59,0.23,0.14,75,5.33,89.33,0.00,5.33,11.21,0.00,0.00,2734.01,15257.59,Germany,2011
Miscellaneous,13560250.43,13851142.20,27.71,13.76,1.95,8.26,9.86,2.69,0.84,788,42.51,39.72,10.28,7.49,52.89,0.00,92879.21,4100506.34,6529193.90,2.69,0.84,788,42.51,39.72,10.28,7.49,52.89,0.00,92879.21,4100506.34,6529193.90,Germany,2011
Plastic or Rubber,1648442.88,3437059.29,3.37,3.41,0.76,11.20,7.24,3.56,3.72,367,77.66,22.34,0.00,0.00,14.00,0.00,0.00,3063387.02,371406.93,3.56,3.72,367,77.66,22.34,0.00,0.00,14.00,0.00,0.00,3063387.02,371406.93,Germany,2011
Stone and Glass,2743619.28,2335474.13,5.61,2.32,1.17,11.72,10.91,3.29,1.58,384,63.54,34.90,0.00,1.56,38.00,0.00,0.00,991635.02,1343839.11,3.29,1.58,384,63.54,34.90,0.00,1.56,38.00,0.00,0.00,991635.02,1343839.11,Germany,2011
Textiles and Clothing,391668.91,613127.34,0.80,0.61,0.18,9.11,7.08,8.79,4.78,1364,82.18,12.90,0.07,4.84,32.00,0.00,98.04,480320.40,132806.94,8.79,4.78,1364,82.18,12.90,0.07,4.84,32.00,0.00,98.04,480320.40,132806.94,Germany,2011
Transportation,7023206.50,27086416.10,14.35,26.90,1.26,5.49,5.25,2.51,2.11,228,49.12,50.88,0.00,0.00,25.00,0.00,0.00,24366323.65,2720092.45,2.51,2.11,228,49.12,50.88,0.00,0.00,25.00,0.00,0.00,24366323.65,2720092.45,Germany,2011
Vegetable,1004797.26,480399.01,2.05,0.48,0.53,11.04,10.36,2.58,0.89,245,27.76,31.84,0.00,40.41,29.80,0.00,0.00,179789.30,265927.79,2.58,0.89,245,27.76,31.84,0.00,40.41,29.80,0.00,0.00,179789.30,265927.79,Germany,2011
Wood,810502.81,1222829.60,1.66,1.21,0.54,5.42,2.06,0.64,0.13,452,17.92,80.97,0.00,1.11,18.00,0.00,0.00,59686.01,1163143.59,0.64,0.13,452,17.92,80.97,0.00,1.11,18.00,0.00,0.00,59686.01,1163143.59,Germany,2011
All Products,48372035.06,111298413.24,100.00,100.00,1.00,-4.06,-1.50,3.59,1.67,8874,56.32,35.46,1.87,6.34,350.00,0.00,535327.13,64445587.76,41300263.30,3.59,1.67,8874,56.32,35.46,1.87,6.34,350.00,0.00,535327.13,64445587.76,41300263.30,Germany,2012
Capital goods,16001062.08,46356277.58,33.08,41.65,1.43,-4.56,-0.45,1.53,1.17,1522,45.99,53.02,0.39,0.59,25.00,0.00,61328.03,25185491.66,19403486.96,1.53,1.17,1522,45.99,53.02,0.39,0.59,25.00,0.00,61328.03,25185491.66,19403486.96,Germany,2012
Consumer goods,13936316.73,43676490.77,28.81,39.24,0.89,-3.62,3.03,4.86,2.03,3344,61.12,25.06,3.47,10.35,350.00,0.00,235993.62,29965814.37,12913767.97,4.86,2.03,3344,61.12,25.06,3.47,10.35,350.00,0.00,235993.62,29965814.37,12913767.97,Germany,2012
Intermediate goods,7825460.51,16889857.54,16.18,15.18,1.01,-6.20,-7.35,3.76,2.03,3414,59.08,36.50,0.88,3.54,350.00,0.00,18422.02,8381245.01,8318543.92,3.76,2.03,3414,59.08,36.50,0.88,3.54,350.00,0.00,18422.02,8381245.01,8318543.92,Germany,2012
Raw materials,3781557.99,873831.43,7.82,0.79,0.47,-0.76,0.76,1.74,1.38,312,21.47,58.33,0.00,20.19,350.00,0.00,0.00,183101.74,108855.86,1.74,1.38,312,21.47,58.33,0.00,20.19,350.00,0.00,0.00,183101.74,108855.86,Germany,2012
Animal,360256.47,141972.39,0.74,0.13,0.36,-2.62,6.67,6.52,5.88,183,50.27,11.48,1.09,37.16,110.14,0.00,3932.47,44983.99,90323.32,6.52,5.88,183,50.27,11.48,1.09,37.16,110.14,0.00,3932.47,44983.99,90323.32,Germany,2012
Chemicals,6731565.71,18269699.98,13.92,16.42,2.17,-4.02,-1.27,2.89,1.16,1516,69.13,29.88,0.00,0.99,6.50,0.00,0.00,4924333.35,13121844.87,2.89,1.16,1516,69.13,29.88,0.00,0.99,6.50,0.00,0.00,4924333.35,13121844.87,Germany,2012
Food Products,405658.31,1171790.61,0.84,1.05,0.45,-1.16,-2.30,8.68,4.91,589,44.31,17.15,3.90,34.63,350.00,0.00,112655.02,686362.19,414360.01,8.68,4.91,589,44.31,17.15,3.90,34.63,350.00,0.00,112655.02,686362.19,414360.01,Germany,2012
Footwear,20246.38,60359.74,0.04,0.05,0.05,-4.15,1.06,7.81,9.79,194,69.07,17.53,2.58,10.82,49.79,0.00,99.37,51361.98,7300.03,7.81,9.79,194,69.07,17.53,2.58,10.82,49.79,0.00,99.37,51361.98,7300.03,Germany,2012
Fuels,1075075.47,335563.99,2.22,0.30,0.27,-1.13,-9.73,1.29,5.77,48,10.42,41.67,37.50,10.42,16.43,0.00,268322.07,268576.00,53935.89,1.29,5.77,48,10.42,41.67,37.50,10.42,16.43,0.00,268322.07,268576.00,53935.89,Germany,2012
Hides and Skins,56144.11,63071.50,0.12,0.06,0.21,-4.56,-6.08,4.37,4.45,186,85.48,13.98,0.00,0.54,20.00,0.00,0.00,58775.39,1970.96,4.37,4.45,186,85.48,13.98,0.00,0.54,20.00,0.00,0.00,58775.39,1970.96,Germany,2012
Mach and Elec,9774853.36,30222623.75,20.21,27.15,1.15,-4.68,-4.44,1.47,1.34,1323,47.62,52.00,0.30,0.08,12.50,0.00,2364.89,17451823.94,12284964.66,1.47,1.34,1323,47.62,52.00,0.30,0.08,12.50,0.00,2364.89,17451823.94,12284964.66,Germany,2012
Metals,1735510.50,6413296.61,3.59,5.76,0.40,-7.11,-0.09,1.71,1.85,931,41.57,53.49,3.11,1.83,15.00,0.00,24774.23,3261723.24,2920897.30,1.71,1.85,931,41.57,53.49,3.11,1.83,15.00,0.00,24774.23,3261723.24,2920897.30,Germany,2012
Minerals,230033.53,25794.56,0.48,0.02,0.29,-8.20,-9.38,0.25,0.21,79,6.33,87.34,0.00,6.33,11.02,0.00,0.00,4213.53,17451.95,0.25,0.21,79,6.33,87.34,0.00,6.33,11.02,0.00,0.00,4213.53,17451.95,Germany,2012
Miscellaneous,13823385.97,14774593.38,28.58,13.27,1.83,-2.88,-3.45,2.69,0.87,794,43.95,38.41,10.45,7.18,48.93,0.00,123152.59,4409957.97,6575074.94,2.69,0.87,794,43.95,38.41,10.45,7.18,48.93,0.00,123152.59,4409957.97,6575074.94,Germany,2012
Plastic or Rubber,1489401.02,3711139.69,3.08,3.33,0.71,-4.37,-4.84,3.57,3.74,372,77.69,22.31,0.00,0.00,14.00,0.00,0.00,3183482.57,366398.71,3.57,3.74,372,77.69,22.31,0.00,0.00,14.00,0.00,0.00,3183482.57,366398.71,Germany,2012
Stone and Glass,2319959.45,1853293.83,4.80,1.67,1.13,-5.45,-4.80,3.31,1.76,381,64.04,34.38,0.00,1.57,38.00,0.00,0.00,686147.24,1111763.12,3.31,1.76,381,64.04,34.38,0.00,1.57,38.00,0.00,0.00,686147.24,1111763.12,Germany,2012
Textiles and Clothing,352479.32,588467.02,0.73,0.53,0.17,-6.51,-6.16,8.95,4.68,1342,83.38,12.22,0.15,4.25,32.00,0.00,26.49,428641.37,133432.74,8.95,4.68,1342,83.38,12.22,0.15,4.25,32.00,0.00,26.49,428641.37,133432.74,Germany,2012
Transportation,7595900.14,31975804.94,15.70,28.73,1.54,-4.11,8.72,2.61,2.11,231,49.35,50.65,0.00,0.00,25.00,0.00,0.00,28725119.84,2920299.92,2.61,2.11,231,49.35,50.65,0.00,0.00,25.00,0.00,0.00,28725119.84,2920299.92,Germany,2012
Vegetable,1606240.39,457592.48,3.32,0.41,0.64,-2.67,10.07,2.33,1.10,263,29.66,31.94,0.00,38.40,29.80,0.00,0.00,187379.31,207523.20,2.33,1.10,263,29.66,31.94,0.00,38.40,29.80,0.00,0.00,187379.31,207523.20,Germany,2012
Wood,795324.94,1233348.75,1.64,1.11,0.50,-4.85,-6.42,0.71,0.15,442,19.00,79.86,0.00,1.13,18.00,0.00,0.00,72705.85,1072721.66,0.71,0.15,442,19.00,79.86,0.00,1.13,18.00,0.00,0.00,72705.85,1072721.66,Germany,2012
All Products,46862995.13,116406339.85,100.00,100.00,1.00,1.12,-0.47,3.56,1.71,8810,55.72,35.94,1.93,6.41,371.99,0.00,707634.69,67612858.93,43049957.98,3.56,1.71,8810,55.72,35.94,1.93,6.41,371.99,0.00,707634.69,67612858.93,43049957.98,Germany,2013
Capital goods,15990743.56,47960271.35,34.12,41.20,1.44,1.25,0.07,1.51,1.13,1513,46.00,52.94,0.46,0.59,25.00,0.00,109858.86,25115565.40,21008782.45,1.51,1.13,1513,46.00,52.94,0.46,0.59,25.00,0.00,109858.86,25115565.40,21008782.45,Germany,2013
Consumer goods,12586222.15,46735427.51,26.86,40.15,0.87,1.75,-1.17,4.81,2.10,3307,61.08,25.34,3.48,10.10,350.00,0.00,363764.55,32762001.20,13159237.45,4.81,2.10,3307,61.08,25.34,3.48,10.10,350.00,0.00,363764.55,32762001.20,13159237.45,Germany,2013
Intermediate goods,7312515.10,17086495.50,15.60,14.68,0.94,0.37,-4.69,3.77,2.09,3381,58.09,37.18,0.92,3.82,371.99,0.00,15389.18,8569574.87,8171993.84,3.77,2.09,3381,58.09,37.18,0.92,3.82,371.99,0.00,15389.18,8569574.87,8171993.84,Germany,2013
Raw materials,3923263.88,916300.19,8.37,0.79,0.61,-0.49,11.75,1.67,1.86,315,18.10,60.00,0.32,21.59,350.00,0.00,2.91,197780.35,97076.14,1.67,1.86,315,18.10,60.00,0.32,21.59,350.00,0.00,2.91,197780.35,97076.14,Germany,2013
Animal,380238.75,214571.02,0.81,0.18,0.35,4.47,1.83,6.59,8.64,188,48.94,13.83,2.13,35.11,99.69,0.00,1377.74,81424.85,123558.75,6.59,8.64,188,48.94,13.83,2.13,35.11,99.69,0.00,1377.74,81424.85,123558.75,Germany,2013
Chemicals,6385181.70,18998653.70,13.63,16.32,1.98,1.19,-4.85,2.86,1.25,1524,68.83,30.18,0.00,0.98,6.50,0.00,0.00,5420508.10,13347415.01,2.86,1.25,1524,68.83,30.18,0.00,0.98,6.50,0.00,0.00,5420508.10,13347415.01,Germany,2013
Food Products,515253.78,1182464.66,1.10,1.02,0.46,2.29,2.83,8.01,5.42,565,45.13,16.99,3.72,34.16,350.00,0.00,119537.92,700679.56,410356.91,8.01,5.42,565,45.13,16.99,3.72,34.16,350.00,0.00,119537.92,700679.56,410356.91,Germany,2013
Footwear,23125.66,66580.21,0.05,0.06,0.05,4.33,6.78,7.75,9.89,190,69.47,17.89,2.11,10.53,49.63,0.00,139.49,58148.31,6694.17,7.75,9.89,190,69.47,17.89,2.11,10.53,49.63,0.00,139.49,58148.31,6694.17,Germany,2013
Fuels,795703.35,445367.09,1.70,0.38,0.29,0.54,2.69,1.11,6.16,51,9.80,45.10,35.29,9.80,16.08,0.00,385514.38,387606.51,41451.79,1.11,6.16,51,9.80,45.10,35.29,9.80,16.08,0.00,385514.38,387606.51,41451.79,Germany,2013
Hides and Skins,74150.92,69464.13,0.16,0.06,0.23,4.03,6.84,4.51,4.38,176,85.80,13.64,0.00,0.57,20.00,0.00,0.00,61602.67,5911.64,4.51,4.38,176,85.80,13.64,0.00,0.57,20.00,0.00,0.00,61602.67,5911.64,Germany,2013
Mach and Elec,9944260.00,30031147.26,21.22,25.80,1.17,0.40,-0.55,1.45,1.32,1317,47.38,52.24,0.30,0.08,12.50,0.00,668.54,17098687.97,12435168.53,1.45,1.32,1317,47.38,52.24,0.30,0.08,12.50,0.00,668.54,17098687.97,12435168.53,Germany,2013
Metals,1701935.22,5916809.38,3.63,5.08,0.42,-0.49,-0.03,1.70,2.02,922,41.11,53.69,3.36,1.84,15.00,0.00,27177.94,3234450.91,2479172.04,1.70,2.02,922,41.11,53.69,3.36,1.84,15.00,0.00,27177.94,3234450.91,2479172.04,Germany,2013
Minerals,162481.54,20364.52,0.35,0.02,0.38,-3.59,9.23,0.23,0.24,77,5.19,90.91,0.00,3.90,12.03,0.00,0.00,3781.11,13298.49,0.23,0.24,77,5.19,90.91,0.00,3.90,12.03,0.00,0.00,3781.11,13298.49,Germany,2013
Miscellaneous,14087179.50,15121948.39,30.06,12.99,1.91,1.27,1.67,3.27,0.89,815,43.07,38.04,10.55,8.34,371.99,0.00,173209.44,4437624.60,6725249.44,3.27,0.89,815,43.07,38.04,10.55,8.34,371.99,0.00,173209.44,4437624.60,6725249.44,Germany,2013
Plastic or Rubber,1468648.72,3834874.52,3.13,3.29,0.73,2.20,2.10,3.59,3.80,369,78.05,21.95,0.00,0.00,14.00,0.00,0.00,3344459.01,331950.16,3.59,3.80,369,78.05,21.95,0.00,0.00,14.00,0.00,0.00,3344459.01,331950.16,Germany,2013
Stone and Glass,2297467.54,2155449.46,4.90,1.85,1.48,0.69,13.43,3.42,1.55,385,63.38,35.06,0.00,1.56,38.00,0.00,0.00,696526.41,1401893.14,3.42,1.55,385,63.38,35.06,0.00,1.56,38.00,0.00,0.00,696526.41,1401893.14,Germany,2013
Textiles and Clothing,362989.88,690933.87,0.77,0.59,0.18,2.13,3.41,8.93,4.28,1297,82.73,12.72,0.15,4.39,32.00,0.00,9.24,482583.86,180302.94,8.93,4.28,1297,82.73,12.72,0.15,4.39,32.00,0.00,9.24,482583.86,180302.94,Germany,2013
Transportation,6283453.80,35964841.73,13.41,30.90,1.41,2.28,-3.61,2.60,2.05,226,50.00,50.00,0.00,0.00,25.00,0.00,0.00,31298279.12,4306020.61,2.60,2.05,226,50.00,50.00,0.00,0.00,25.00,0.00,0.00,31298279.12,4306020.61,Germany,2013
Vegetable,1628272.32,503723.59,3.47,0.43,0.85,2.47,15.65,2.18,1.40,269,26.02,33.83,0.00,40.15,32.29,0.00,0.00,222101.10,222467.18,2.18,1.40,269,26.02,33.83,0.00,40.15,32.29,0.00,0.00,222101.10,222467.18,Germany,2013
Wood,752652.45,1189146.32,1.61,1.02,0.49,1.36,-1.13,0.65,0.18,439,18.00,80.87,0.00,1.14,18.00,0.00,0.00,84394.85,1019047.19,0.65,0.18,439,18.00,80.87,0.00,1.14,18.00,0.00,0.00,84394.85,1019047.19,Germany,2013
All Products,49028160.36,125532374.73,100.00,100.00,1.00,1.16,0.72,3.58,1.66,8841,55.93,35.74,1.93,6.39,350.00,0.00,703696.68,71991162.58,49648690.29,3.58,1.66,8841,55.93,35.74,1.93,6.39,350.00,0.00,703696.68,71991162.58,49648690.29,Germany,2014
Capital goods,16412476.20,52613430.50,33.48,41.91,1.41,2.47,0.93,1.51,1.11,1517,45.95,53.00,0.46,0.59,25.00,0.00,97164.91,27309509.90,24201954.41,1.51,1.11,1517,45.95,53.00,0.46,0.59,25.00,0.00,97164.91,27309509.90,24201954.41,Germany,2014
Consumer goods,13778181.06,50121220.05,28.10,39.93,0.87,1.50,0.95,4.84,2.03,3334,61.22,25.10,3.39,10.29,350.00,0.00,407723.99,34217672.37,15746519.89,4.84,2.03,3334,61.22,25.10,3.39,10.29,350.00,0.00,407723.99,34217672.37,15746519.89,Germany,2014
Intermediate goods,7516775.84,17955768.72,15.33,14.30,0.93,1.05,-0.17,3.74,2.09,3405,58.36,37.09,0.94,3.61,350.00,0.00,19482.37,9443097.96,8962362.55,3.74,2.09,3405,58.36,37.09,0.94,3.61,350.00,0.00,19482.37,9443097.96,8962362.55,Germany,2014
Raw materials,3483878.25,949433.59,7.11,0.76,0.58,-3.52,-6.35,1.86,1.28,296,19.26,58.45,0.00,22.30,350.00,0.00,0.00,199810.49,112831.22,1.86,1.28,296,19.26,58.45,0.00,22.30,350.00,0.00,0.00,199810.49,112831.22,Germany,2014
Animal,412387.57,243880.15,0.84,0.19,0.34,1.47,-0.62,6.05,4.05,192,48.44,15.10,1.04,35.42,98.28,0.00,3505.75,69404.74,174475.41,6.05,4.05,192,48.44,15.10,1.04,35.42,98.28,0.00,3505.75,69404.74,174475.41,Germany,2014
Chemicals,6700450.19,21760746.69,13.67,17.33,1.95,2.29,1.07,2.87,1.09,1524,68.90,30.18,0.00,0.92,6.50,0.00,0.00,5618937.86,16186371.68,2.87,1.09,1524,68.90,30.18,0.00,0.92,6.50,0.00,0.00,5618937.86,16186371.68,Germany,2014
Food Products,489554.95,1178953.03,1.00,0.94,0.48,1.47,2.27,8.44,5.84,594,44.44,17.17,3.54,34.85,350.00,0.00,141994.12,787969.82,390983.20,8.44,5.84,594,44.44,17.17,3.54,34.85,350.00,0.00,141994.12,787969.82,390983.20,Germany,2014
Footwear,17937.21,103589.10,0.04,0.08,0.05,5.91,4.74,7.63,10.92,195,68.72,17.95,2.56,10.77,48.68,0.00,290.08,96404.01,7185.09,7.63,10.92,195,68.72,17.95,2.56,10.77,48.68,0.00,290.08,96404.01,7185.09,Germany,2014
Fuels,668589.26,444822.25,1.36,0.35,0.19,-5.49,-23.46,1.11,5.97,55,9.09,41.82,40.00,9.09,16.17,0.00,388287.14,392035.44,52786.81,1.11,5.97,55,9.09,41.82,40.00,9.09,16.17,0.00,388287.14,392035.44,52786.81,Germany,2014
Hides and Skins,85855.15,78416.29,0.18,0.06,0.23,4.16,2.84,4.53,4.81,177,85.31,14.12,0.00,0.56,20.00,0.00,0.00,76475.74,1940.55,4.53,4.81,177,85.31,14.12,0.00,0.56,20.00,0.00,0.00,76475.74,1940.55,Germany,2014
Mach and Elec,10189654.71,32579996.18,20.78,25.95,1.15,2.72,1.62,1.46,1.29,1321,47.46,52.16,0.30,0.08,12.50,0.00,646.13,18649252.93,14069405.03,1.46,1.29,1321,47.46,52.16,0.30,0.08,12.50,0.00,646.13,18649252.93,14069405.03,Germany,2014
Metals,1907700.05,6566156.45,3.89,5.23,0.44,1.51,3.71,1.74,1.93,934,41.54,53.32,3.32,1.82,15.00,0.00,26876.29,3580756.81,2985399.64,1.74,1.93,934,41.54,53.32,3.32,1.82,15.00,0.00,26876.29,3580756.81,2985399.64,Germany,2014
Minerals,182105.48,32815.41,0.37,0.03,0.43,-0.47,5.24,0.37,0.17,76,7.89,86.84,0.00,5.26,13.32,0.00,0.00,4624.37,28191.03,0.37,0.17,76,7.89,86.84,0.00,5.26,13.32,0.00,0.00,4624.37,28191.03,Germany,2014
Miscellaneous,15266490.49,15998455.70,31.14,12.74,1.98,3.79,5.28,2.81,0.90,802,43.77,38.53,10.47,7.23,98.45,0.00,141980.11,4655408.54,7345570.49,2.81,0.90,802,43.77,38.53,10.47,7.23,98.45,0.00,141980.11,4655408.54,7345570.49,Germany,2014
Plastic or Rubber,1525737.29,4247602.89,3.11,3.38,0.73,1.46,0.65,3.68,3.82,363,78.79,21.21,0.00,0.00,14.00,0.00,0.00,3869430.14,375453.42,3.68,3.82,363,78.79,21.21,0.00,0.00,14.00,0.00,0.00,3869430.14,375453.42,Germany,2014
Stone and Glass,2023264.29,1973142.10,4.13,1.57,1.44,-2.73,-4.56,3.36,1.96,381,63.52,34.65,0.00,1.84,38.00,0.00,0.00,838992.41,1134149.69,3.36,1.96,381,63.52,34.65,0.00,1.84,38.00,0.00,0.00,838992.41,1134149.69,Germany,2014
Textiles and Clothing,350631.19,767047.69,0.72,0.61,0.17,2.80,-1.63,8.93,4.39,1328,82.45,12.50,0.15,4.89,32.00,0.00,117.06,563332.05,203679.16,8.93,4.39,1328,82.45,12.50,0.15,4.89,32.00,0.00,117.06,563332.05,203679.16,Germany,2014
Transportation,6900440.61,37908855.21,14.07,30.20,1.38,2.83,1.43,2.65,2.01,224,50.45,49.55,0.00,0.00,25.00,0.00,0.00,32426881.94,5481973.27,2.65,2.01,224,50.45,49.55,0.00,0.00,25.00,0.00,0.00,32426881.94,5481973.27,Germany,2014
Vegetable,1578391.88,492152.99,3.22,0.39,0.80,-0.51,-3.79,2.27,1.35,238,27.31,34.03,0.00,38.66,30.07,0.00,0.00,248532.89,199685.32,2.27,1.35,238,27.31,34.03,0.00,38.66,30.07,0.00,0.00,248532.89,199685.32,Germany,2014
Wood,728970.03,1155742.58,1.49,0.92,0.47,2.51,-0.49,0.61,0.23,437,17.16,81.69,0.00,1.14,18.00,0.00,0.00,112722.88,1011440.50,0.61,0.23,437,17.16,81.69,0.00,1.14,18.00,0.00,0.00,112722.88,1011440.50,Germany,2014
All Products,49641402.08,127170567.39,100.00,100.00,1.00,-6.70,1.16,3.54,1.63,8899,55.61,35.84,2.19,6.36,350.00,0.00,602313.44,72100979.90,50113605.70,3.54,1.63,8899,55.61,35.84,2.19,6.36,350.00,0.00,602313.44,72100979.90,50113605.70,Germany,2015
Capital goods,16608957.46,53162777.05,33.46,41.80,1.33,-4.81,0.51,1.51,1.11,1521,46.02,52.93,0.46,0.59,25.00,0.00,55059.48,27810887.02,24141611.86,1.51,1.11,1521,46.02,52.93,0.46,0.59,25.00,0.00,55059.48,27810887.02,24141611.86,Germany,2015
Consumer goods,14254393.49,50849433.21,28.71,39.99,0.93,-5.79,6.12,4.81,2.00,3285,61.19,25.36,4.02,9.44,350.00,0.00,408092.59,34671273.33,16100326.32,4.81,2.00,3285,61.19,25.36,4.02,9.44,350.00,0.00,408092.59,34671273.33,16100326.32,Germany,2015
Intermediate goods,7562443.42,17233628.33,15.23,13.55,0.85,-6.48,-2.78,3.75,1.99,3438,58.12,37.09,1.02,3.78,350.00,0.00,37514.60,8748279.86,9120804.10,3.75,1.99,3438,58.12,37.09,1.02,3.78,350.00,0.00,37514.60,8748279.86,9120804.10,Germany,2015
Raw materials,3131657.43,968747.02,6.31,0.76,0.62,-15.57,-5.60,1.75,3.14,347,20.17,53.31,0.58,25.94,350.00,0.00,9.92,230536.63,99060.57,1.75,3.14,347,20.17,53.31,0.58,25.94,350.00,0.00,9.92,230536.63,99060.57,Germany,2015
Animal,369358.54,345632.98,0.74,0.27,0.33,-9.18,-3.33,5.88,3.35,194,46.91,15.46,3.61,34.02,107.15,0.00,13871.14,89994.91,255638.07,5.88,3.35,194,46.91,15.46,3.61,34.02,107.15,0.00,13871.14,89994.91,255638.07,Germany,2015
Chemicals,6947085.17,21602230.78,13.99,16.99,1.92,-4.77,2.38,2.93,0.96,1536,69.34,29.75,0.00,0.91,6.50,0.00,0.00,4953240.50,16684708.92,2.93,0.96,1536,69.34,29.75,0.00,0.91,6.50,0.00,0.00,4953240.50,16684708.92,Germany,2015
Food Products,454624.82,1103728.22,0.92,0.87,0.43,-5.75,-2.82,8.32,6.22,551,45.01,17.24,5.99,31.76,350.00,0.00,134798.29,733924.11,369804.11,8.32,6.22,551,45.01,17.24,5.99,31.76,350.00,0.00,134798.29,733924.11,369804.11,Germany,2015
Footwear,13529.70,88712.22,0.03,0.07,0.04,-2.24,-0.72,7.61,11.43,197,69.04,17.77,3.05,10.15,48.76,0.00,1840.49,82957.59,5754.64,7.61,11.43,197,69.04,17.77,3.05,10.15,48.76,0.00,1840.49,82957.59,5754.64,Germany,2015
Fuels,510755.07,350108.64,1.03,0.28,0.23,-18.73,-3.21,0.96,5.98,55,9.09,49.09,32.73,9.09,17.19,0.00,307610.55,308029.35,42079.28,0.96,5.98,55,9.09,49.09,32.73,9.09,17.19,0.00,307610.55,308029.35,42079.28,Germany,2015
Hides and Skins,55612.71,57540.40,0.11,0.05,0.16,-5.22,-14.44,4.50,4.90,183,86.34,13.11,0.00,0.55,20.00,0.00,0.00,55411.56,2128.84,4.50,4.90,183,86.34,13.11,0.00,0.55,20.00,0.00,0.00,55411.56,2128.84,Germany,2015
Mach and Elec,10273122.77,32699834.71,20.69,25.71,1.10,-4.75,0.68,1.46,1.28,1324,47.36,52.27,0.30,0.08,12.50,0.00,938.51,18909354.98,13928249.78,1.46,1.28,1324,47.36,52.27,0.30,0.08,12.50,0.00,938.51,18909354.98,13928249.78,Germany,2015
Metals,1667241.39,6482024.92,3.36,5.10,0.42,-7.37,-1.93,1.69,1.87,935,41.39,53.69,3.10,1.82,15.00,0.00,47822.06,3416835.77,3065189.15,1.69,1.87,935,41.39,53.69,3.10,1.82,15.00,0.00,47822.06,3416835.77,3065189.15,Germany,2015
Minerals,164539.05,36965.78,0.33,0.03,0.36,-14.29,-14.90,0.28,0.14,70,7.14,88.57,0.00,4.29,13.85,0.00,0.00,5454.16,31511.62,0.28,0.14,70,7.14,88.57,0.00,4.29,13.85,0.00,0.00,5454.16,31511.62,Germany,2015
Miscellaneous,15489165.58,16818787.12,31.20,13.23,1.82,-3.50,0.45,3.06,0.88,814,42.75,38.21,11.18,7.86,165.79,0.00,92662.28,4430491.17,7319484.09,3.06,0.88,814,42.75,38.21,11.18,7.86,165.79,0.00,92662.28,4430491.17,7319484.09,Germany,2015
Plastic or Rubber,1525527.63,4127380.27,3.07,3.25,0.68,-6.80,-2.01,3.62,3.82,369,78.32,21.68,0.00,0.00,14.00,0.00,0.00,3767188.57,357867.78,3.62,3.82,369,78.32,21.68,0.00,0.00,14.00,0.00,0.00,3767188.57,357867.78,Germany,2015
Stone and Glass,2039812.08,1657750.99,4.11,1.30,1.21,-4.64,-5.06,3.37,2.20,383,64.23,34.20,0.00,1.57,38.00,0.00,0.00,795746.54,862004.45,3.37,2.20,383,64.23,34.20,0.00,1.57,38.00,0.00,0.00,795746.54,862004.45,Germany,2015
Textiles and Clothing,334782.03,714841.24,0.67,0.56,0.16,-5.59,-2.16,8.91,4.34,1321,81.53,12.94,0.45,5.07,32.00,0.00,592.90,516666.97,198052.78,8.91,4.34,1321,81.53,12.94,0.45,5.07,32.00,0.00,592.90,516666.97,198052.78,Germany,2015
Transportation,7434929.96,39332410.75,14.98,30.93,1.41,-3.17,5.98,2.45,2.01,230,49.57,50.43,0.00,0.00,25.00,0.00,0.00,33623306.81,5709103.94,2.45,2.01,230,49.57,50.43,0.00,0.00,25.00,0.00,0.00,33623306.81,5709103.94,Germany,2015
Vegetable,1720034.88,495440.29,3.46,0.39,0.79,-5.06,2.27,2.04,1.49,292,26.03,31.85,0.00,42.12,29.80,0.00,0.00,280086.21,179766.90,2.04,1.49,292,26.03,31.85,0.00,42.12,29.80,0.00,0.00,280086.21,179766.90,Germany,2015
Wood,641280.69,1257178.09,1.29,0.99,0.40,-6.41,-5.66,0.62,0.24,445,17.30,81.57,0.22,0.90,18.00,0.00,2177.22,132290.72,1102261.36,0.62,0.24,445,17.30,81.57,0.22,0.90,18.00,0.00,2177.22,132290.72,1102261.36,Germany,2015
All Products,49369909.89,116259433.24,100.00,100.00,1.00,0.16,-2.30,3.53,1.63,8856,55.37,36.08,2.08,6.47,350.00,0.00,444194.64,64882718.34,45945448.46,3.53,1.63,8856,55.37,36.08,2.08,6.47,350.00,0.00,444194.64,64882718.34,45945448.46,Germany,2016
Capital goods,17143063.46,48986741.97,34.72,42.14,1.27,1.58,-3.20,1.51,1.14,1513,45.80,53.14,0.46,0.59,25.00,0.00,44949.84,26114403.57,21601696.83,1.51,1.14,1513,45.80,53.14,0.46,0.59,25.00,0.00,44949.84,26114403.57,21601696.83,Germany,2016
Consumer goods,15033013.62,43860108.95,30.45,37.73,0.95,0.05,-1.64,4.88,2.03,3300,61.33,25.30,3.85,9.52,350.00,0.00,320047.44,29564882.69,14271773.96,4.88,2.03,3300,61.33,25.30,3.85,9.52,350.00,0.00,320047.44,29564882.69,14271773.96,Germany,2016
Intermediate goods,7302698.04,16936650.90,14.79,14.57,0.92,-1.93,-0.63,3.64,1.92,3405,57.27,37.50,0.91,4.32,139.86,0.00,22405.49,8186354.82,9290114.41,3.64,1.92,3405,57.27,37.50,0.91,4.32,139.86,0.00,22405.49,8186354.82,9290114.41,Germany,2016
Raw materials,2493870.17,1044664.98,5.05,0.90,0.68,-4.42,-2.41,1.65,1.93,336,20.24,55.65,0.60,23.51,350.00,0.00,9.18,275117.23,105656.73,1.65,1.93,336,20.24,55.65,0.60,23.51,350.00,0.00,9.18,275117.23,105656.73,Germany,2016
Animal,319263.63,385173.57,0.65,0.33,0.31,2.53,-2.20,6.36,3.56,208,44.71,15.38,2.40,37.50,121.70,0.00,7198.73,91814.95,293358.62,6.36,3.56,208,44.71,15.38,2.40,37.50,121.70,0.00,7198.73,91814.95,293358.62,Germany,2016
Chemicals,7004204.22,20292465.74,14.19,17.45,1.83,0.47,-4.22,2.90,0.99,1518,69.10,29.97,0.00,0.92,6.50,0.00,0.00,4818942.30,15504494.88,2.90,0.99,1518,69.10,29.97,0.00,0.92,6.50,0.00,0.00,4818942.30,15504494.88,Germany,2016
Food Products,418836.17,1152623.31,0.85,0.99,0.40,1.18,-4.69,7.57,5.72,554,44.40,18.05,4.69,32.85,350.00,0.00,146707.47,750247.61,402375.70,7.57,5.72,554,44.40,18.05,4.69,32.85,350.00,0.00,146707.47,750247.61,402375.70,Germany,2016
Footwear,16822.87,128313.37,0.03,0.11,0.05,2.38,12.61,7.69,13.41,193,69.43,17.62,2.59,10.36,48.47,0.00,1972.70,121184.19,7129.18,7.69,13.41,193,69.43,17.62,2.59,10.36,48.47,0.00,1972.70,121184.19,7129.18,Germany,2016
Fuels,366533.13,197589.57,0.74,0.17,0.30,-11.34,-2.34,1.07,5.73,53,9.43,47.17,33.96,9.43,18.29,0.00,163878.56,164325.80,33263.77,1.07,5.73,53,9.43,47.17,33.96,9.43,18.29,0.00,163878.56,164325.80,33263.77,Germany,2016
Hides and Skins,55361.38,57708.42,0.11,0.05,0.17,-0.07,2.35,4.37,5.46,178,84.27,15.17,0.00,0.56,20.00,0.00,0.00,55950.04,1758.38,4.37,5.46,178,84.27,15.17,0.00,0.56,20.00,0.00,0.00,55950.04,1758.38,Germany,2016
Mach and Elec,10705460.25,31051823.93,21.68,26.71,1.17,1.47,2.26,1.45,1.29,1320,47.20,52.42,0.30,0.08,12.50,0.00,701.14,17988562.53,13261342.84,1.45,1.29,1320,47.20,52.42,0.30,0.08,12.50,0.00,701.14,17988562.53,13261342.84,Germany,2016
Metals,1547166.31,5405166.10,3.13,4.65,0.45,-1.38,-1.04,1.70,2.07,938,41.15,53.84,3.09,1.92,15.00,0.00,31565.80,3103617.82,2301548.28,1.70,2.07,938,41.15,53.84,3.09,1.92,15.00,0.00,31565.80,3103617.82,2301548.28,Germany,2016
Minerals,184701.61,26278.45,0.37,0.02,0.47,-3.82,6.87,0.33,0.12,71,8.45,87.32,0.00,4.23,15.44,0.00,0.00,4021.42,22257.03,0.33,0.12,71,8.45,87.32,0.00,4.23,15.44,0.00,0.00,4021.42,22257.03,Germany,2016
Miscellaneous,9101731.77,17278619.67,18.44,14.86,1.76,2.66,-1.59,3.09,0.89,805,42.86,38.14,11.18,7.83,139.86,0.00,87644.14,4392362.20,7277472.80,3.09,0.89,805,42.86,38.14,11.18,7.83,139.86,0.00,87644.14,4392362.20,7277472.80,Germany,2016
Plastic or Rubber,1620184.49,3961656.25,3.28,3.41,0.75,0.98,2.89,3.57,3.84,372,77.69,22.31,0.00,0.00,14.00,0.00,0.00,3626555.61,331536.52,3.57,3.84,372,77.69,22.31,0.00,0.00,14.00,0.00,0.00,3626555.61,331536.52,Germany,2016
Stone and Glass,2068726.03,1809831.77,4.19,1.56,1.27,2.23,2.28,3.43,1.92,380,64.21,34.21,0.00,1.58,38.00,0.00,0.00,790428.39,1019403.37,3.43,1.92,380,64.21,34.21,0.00,1.58,38.00,0.00,0.00,790428.39,1019403.37,Germany,2016
Textiles and Clothing,302672.66,663620.07,0.61,0.57,0.16,1.28,-0.11,8.95,4.42,1305,81.38,13.03,0.46,5.13,32.00,0.00,598.20,471892.22,191652.84,8.95,4.42,1305,81.38,13.03,0.46,5.13,32.00,0.00,598.20,471892.22,191652.84,Germany,2016
Transportation,13777613.37,32058375.01,27.91,27.57,1.15,2.45,-9.84,2.57,2.04,224,49.11,50.89,0.00,0.00,25.00,0.00,0.00,28046361.23,4012013.78,2.57,2.04,224,49.11,50.89,0.00,0.00,25.00,0.00,0.00,28046361.23,4012013.78,Germany,2016
Vegetable,1248182.86,522648.42,2.53,0.45,0.73,1.48,-4.58,2.09,1.34,286,28.32,32.87,0.00,38.81,29.80,0.00,0.00,301579.90,190175.84,2.09,1.34,286,28.32,32.87,0.00,38.81,29.80,0.00,0.00,301579.90,190175.84,Germany,2016
Wood,632449.13,1267539.59,1.28,1.09,0.40,1.08,-2.37,0.64,0.26,451,17.96,80.93,0.22,0.89,18.00,0.00,3927.89,154872.11,1095664.64,0.64,0.26,451,17.96,80.93,0.22,0.89,18.00,0.00,3927.89,154872.11,1095664.64,Germany,2016
All Products,53561607.44,119962970.80,100.00,100.00,1.00,2.73,3.54,4.11,2.00,8912,54.77,36.80,1.58,6.84,3000.00,0.00,187852.54,63409079.43,44615033.46,4.11,2.00,8912,54.77,36.80,1.58,6.84,3000.00,0.00,187852.54,63409079.43,44615033.46,Germany,2017
Capital goods,18662014.35,51762734.51,34.84,43.15,1.30,4.39,6.15,1.24,0.91,1522,41.33,57.75,0.26,0.66,25.00,0.00,2534.82,25730766.80,23782232.63,1.24,0.91,1522,41.33,57.75,0.26,0.66,25.00,0.00,2534.82,25730766.80,23782232.63,Germany,2017
Consumer goods,14779279.16,41348142.90,27.59,34.47,0.83,3.80,-2.02,7.03,3.40,3386,61.43,25.55,2.78,10.25,3000.00,0.00,166667.89,28124559.92,11655351.90,7.03,3.40,3386,61.43,25.55,2.78,10.25,3000.00,0.00,166667.89,28124559.92,11655351.90,Germany,2017
Intermediate goods,8393070.89,19227404.42,15.67,16.03,0.97,6.65,10.57,3.54,1.96,3366,57.55,37.43,0.83,4.19,350.00,0.00,16057.25,8660294.95,7971440.40,3.54,1.96,3366,57.55,37.43,0.83,4.19,350.00,0.00,16057.25,8660294.95,7971440.40,Germany,2017
Raw materials,3197582.77,1361483.67,5.97,1.13,0.65,8.25,7.01,1.74,1.43,338,20.41,53.25,1.48,24.85,350.00,0.00,33.58,292299.76,110940.58,1.74,1.43,338,20.41,53.25,1.48,24.85,350.00,0.00,33.58,292299.76,110940.58,Germany,2017
Animal,286840.77,486288.71,0.54,0.41,0.26,1.48,-7.17,5.77,3.06,204,46.08,16.67,1.96,35.29,134.45,0.00,5363.46,100325.27,385963.43,5.77,3.06,204,46.08,16.67,1.96,35.29,134.45,0.00,5363.46,100325.27,385963.43,Germany,2017
Chemicals,7638623.00,19548436.82,14.26,16.30,1.75,4.42,2.84,2.62,1.22,1487,69.20,29.79,0.00,1.01,8.26,0.00,0.00,4816768.14,10381178.01,2.62,1.22,1487,69.20,29.79,0.00,1.01,8.26,0.00,0.00,4816768.14,10381178.01,Germany,2017
Food Products,401676.03,1295736.76,0.75,1.08,0.36,-0.03,-4.24,33.26,53.49,591,44.84,17.60,3.21,34.35,3000.00,0.00,127732.02,802830.62,475175.47,33.26,53.49,591,44.84,17.60,3.21,34.35,3000.00,0.00,127732.02,802830.62,475175.47,Germany,2017
Footwear,15475.31,159615.40,0.03,0.13,0.04,2.90,-12.68,7.65,15.21,194,69.07,17.53,1.55,11.86,48.33,0.00,230.61,153808.93,5835.80,7.65,15.21,194,69.07,17.53,1.55,11.86,48.33,0.00,230.61,153808.93,5835.80,Germany,2017
Fuels,763251.30,261215.01,1.43,0.22,0.32,7.20,12.23,0.22,0.05,28,0.00,82.14,7.14,10.71,19.31,0.00,3.07,203966.93,54662.51,0.22,0.05,28,0.00,82.14,7.14,10.71,19.31,0.00,3.07,203966.93,54662.51,Germany,2017
Hides and Skins,52129.90,60080.86,0.10,0.05,0.16,-0.38,-3.06,4.45,4.73,190,86.84,12.63,0.00,0.53,20.00,0.00,0.00,59035.86,1431.00,4.45,4.73,190,86.84,12.63,0.00,0.53,20.00,0.00,0.00,59035.86,1431.00,Germany,2017
Mach and Elec,11832967.86,33125600.48,22.09,27.61,1.18,5.23,6.38,1.20,1.07,1330,43.38,56.54,0.00,0.08,12.00,0.00,0.00,19052173.21,13983175.04,1.20,1.07,1330,43.38,56.54,0.00,0.08,12.00,0.00,0.00,19052173.21,13983175.04,Germany,2017
Metals,1667210.24,5983913.62,3.11,4.99,0.42,4.26,2.26,1.55,1.82,938,41.26,53.84,2.56,2.35,15.00,0.00,21651.89,3383453.88,2603663.43,1.55,1.82,938,41.26,53.84,2.56,2.35,15.00,0.00,21651.89,3383453.88,2603663.43,Germany,2017
Minerals,239977.30,290064.86,0.45,0.24,0.41,15.45,9.49,0.27,0.07,68,7.35,89.71,0.00,2.94,18.64,0.00,0.00,3980.51,27399.60,0.27,0.07,68,7.35,89.71,0.00,2.94,18.64,0.00,0.00,3980.51,27399.60,Germany,2017
Miscellaneous,9388091.88,18585656.56,17.53,15.49,1.98,-5.57,0.89,2.83,0.44,815,36.81,44.29,10.18,8.71,175.64,0.00,32752.64,3055681.60,9363000.41,2.83,0.44,815,36.81,44.29,10.18,8.71,175.64,0.00,32752.64,3055681.60,9363000.41,Germany,2017
Plastic or Rubber,1743307.09,4356353.49,3.25,3.63,0.78,1.50,4.48,3.34,3.58,359,78.55,21.45,0.00,0.00,14.00,0.00,0.00,3979749.45,365871.71,3.34,3.58,359,78.55,21.45,0.00,0.00,14.00,0.00,0.00,3979749.45,365871.71,Germany,2017
Stone and Glass,2747409.59,2109940.26,5.13,1.76,1.55,0.12,11.20,3.11,1.44,373,64.08,34.32,0.00,1.61,38.00,0.00,0.00,807789.49,1541818.50,3.11,1.44,373,64.08,34.32,0.00,1.61,38.00,0.00,0.00,807789.49,1541818.50,Germany,2017
Textiles and Clothing,301943.32,700749.37,0.56,0.58,0.15,0.79,-2.88,8.58,4.07,1393,82.05,12.49,0.22,5.24,32.00,0.00,28.08,495273.91,195517.65,8.58,4.07,1393,82.05,12.49,0.22,5.24,32.00,0.00,28.08,495273.91,195517.65,Germany,2017
Transportation,14477024.55,30873049.41,27.03,25.74,1.09,2.23,0.32,2.47,1.66,223,49.78,50.22,0.00,0.00,25.00,0.00,0.00,25938318.54,3926538.16,2.47,1.66,223,49.78,50.22,0.00,0.00,25.00,0.00,0.00,25938318.54,3926538.16,Germany,2017
Vegetable,1373706.05,591259.55,2.56,0.49,0.79,-0.07,4.75,2.04,1.30,294,27.89,32.31,1.02,38.78,29.00,0.00,90.77,350150.92,205103.32,2.04,1.30,294,27.89,32.31,1.02,38.78,29.00,0.00,90.77,350150.92,205103.32,Germany,2017
Wood,631973.24,1535009.65,1.18,1.28,0.38,-1.98,-2.61,0.56,0.28,425,16.00,83.06,0.00,0.94,18.00,0.00,0.00,205772.18,1098699.41,0.56,0.28,425,16.00,83.06,0.00,0.94,18.00,0.00,0.00,205772.18,1098699.41,Germany,2017
All Products,57332501.66,128345618.45,100.00,100.00,1.00,7.45,5.22,4.39,2.15,8851,54.45,36.94,1.60,7.00,3000.00,0.00,215789.85,63731796.57,48079045.68,4.39,2.15,8851,54.45,36.94,1.60,7.00,3000.00,0.00,215789.85,63731796.57,48079045.68,Germany,2018
Capital goods,19450446.12,55295350.80,33.93,43.08,1.42,4.33,6.82,1.35,1.05,1525,41.18,57.90,0.26,0.66,25.00,0.00,1198.46,27299960.43,25704299.29,1.35,1.05,1525,41.18,57.90,0.26,0.66,25.00,0.00,1198.46,27299960.43,25704299.29,Germany,2018
Consumer goods,14749536.19,40678665.28,25.73,31.69,0.76,4.72,-1.83,7.50,3.76,3381,61.22,25.44,2.99,10.35,3000.00,0.00,193843.73,26434365.21,11937953.35,7.50,3.76,3381,61.22,25.44,2.99,10.35,3000.00,0.00,193843.73,26434365.21,11937953.35,Germany,2018
Intermediate goods,9393402.37,24063951.88,16.38,18.75,0.92,6.08,1.13,3.74,1.99,3297,57.29,37.67,0.76,4.28,350.00,0.00,16685.25,9002980.85,9319055.10,3.74,1.99,3297,57.29,37.67,0.76,4.28,350.00,0.00,16685.25,9002980.85,9319055.10,Germany,2018
Raw materials,3400482.90,1358926.79,5.93,1.06,0.95,5.16,24.04,1.95,1.59,345,18.84,55.36,0.58,25.22,350.00,0.00,11.05,343397.56,127018.94,1.95,1.59,345,18.84,55.36,0.58,25.22,350.00,0.00,11.05,343397.56,127018.94,Germany,2018
Animal,265860.63,423559.32,0.46,0.33,0.25,2.60,-0.39,5.03,2.95,210,45.71,16.67,1.43,36.19,131.01,0.00,2189.73,98624.32,324872.11,5.03,2.95,210,45.71,16.67,1.43,36.19,131.01,0.00,2189.73,98624.32,324872.11,Germany,2018
Chemicals,8443421.99,23212745.97,14.73,18.09,1.54,7.86,-1.04,2.89,1.28,1479,69.17,29.82,0.00,1.01,6.50,0.00,0.00,4777812.48,10800977.97,2.89,1.28,1479,69.17,29.82,0.00,1.01,6.50,0.00,0.00,4777812.48,10800977.97,Germany,2018
Food Products,354989.61,1260876.32,0.62,0.98,0.33,7.38,0.67,34.71,54.64,605,42.81,18.18,4.46,34.55,3000.00,0.00,147784.57,857369.72,384050.70,34.71,54.64,605,42.81,18.18,4.46,34.55,3000.00,0.00,147784.57,857369.72,384050.70,Germany,2018
Footwear,16300.45,203962.12,0.03,0.16,0.04,5.71,3.20,8.05,15.73,190,70.53,16.32,1.58,11.58,49.14,0.00,61.37,196799.50,7162.62,8.05,15.73,190,70.53,16.32,1.58,11.58,49.14,0.00,61.37,196799.50,7162.62,Germany,2018
Fuels,511274.59,223325.96,0.89,0.17,0.58,14.35,50.17,0.21,0.05,27,0.00,88.89,0.00,11.11,18.93,0.00,0.00,179599.72,43726.25,0.21,0.05,27,0.00,88.89,0.00,11.11,18.93,0.00,0.00,179599.72,43726.25,Germany,2018
Hides and Skins,50017.68,70994.38,0.09,0.06,0.15,4.39,-3.23,5.10,5.57,166,88.55,10.84,0.00,0.60,20.00,0.00,0.00,68956.93,2037.45,5.10,5.57,166,88.55,10.84,0.00,0.60,20.00,0.00,0.00,68956.93,2037.45,Germany,2018
Mach and Elec,12155233.00,36599945.39,21.20,28.52,1.30,4.76,7.80,1.37,1.20,1326,43.29,56.64,0.00,0.08,12.50,0.00,0.00,20402000.17,16060676.06,1.37,1.20,1326,43.29,56.64,0.00,0.08,12.50,0.00,0.00,20402000.17,16060676.06,Germany,2018
Metals,1804934.66,6759000.85,3.15,5.27,0.38,9.12,1.53,1.71,2.09,935,41.39,53.69,2.46,2.46,15.00,0.00,29063.50,3971172.79,2787828.06,1.71,2.09,935,41.39,53.69,2.46,2.46,15.00,0.00,29063.50,3971172.79,2787828.06,Germany,2018
Minerals,331502.69,229463.29,0.58,0.18,0.60,5.85,24.63,0.33,0.12,68,7.35,89.71,0.00,2.94,31.88,0.00,0.00,4441.74,28776.78,0.33,0.12,68,7.35,89.71,0.00,2.94,31.88,0.00,0.00,4441.74,28776.78,Germany,2018
Miscellaneous,10163680.82,20143447.68,17.73,15.69,1.73,16.33,6.65,2.93,0.46,823,36.94,44.59,9.96,8.51,132.52,0.00,36629.51,3305245.38,10077321.40,2.93,0.46,823,36.94,44.59,9.96,8.51,132.52,0.00,36629.51,3305245.38,10077321.40,Germany,2018
Plastic or Rubber,1769400.69,4724928.71,3.09,3.68,0.76,8.06,4.58,3.62,3.90,356,78.65,21.35,0.00,0.00,14.00,0.00,0.00,4304783.71,389546.00,3.62,3.90,356,78.65,21.35,0.00,0.00,14.00,0.00,0.00,4304783.71,389546.00,Germany,2018
Stone and Glass,3013562.12,2826786.88,5.26,2.20,1.79,4.02,9.47,3.25,1.22,381,63.25,35.17,0.00,1.57,38.00,0.00,0.00,818331.80,2187327.15,3.25,1.22,381,63.25,35.17,0.00,1.57,38.00,0.00,0.00,818331.80,2187327.15,Germany,2018
Textiles and Clothing,324497.13,784085.33,0.57,0.61,0.14,5.36,2.64,8.88,4.38,1367,81.64,12.73,0.22,5.41,32.00,0.00,16.26,542394.56,229222.56,8.88,4.38,1367,81.64,12.73,0.22,5.41,32.00,0.00,16.26,542394.56,229222.56,Germany,2018
Transportation,16159382.51,28463229.29,28.19,22.18,0.97,4.11,-3.89,2.33,2.10,227,49.34,50.66,0.00,0.00,25.00,0.00,0.00,23605302.62,3357700.75,2.33,2.10,227,49.34,50.66,0.00,0.00,25.00,0.00,0.00,23605302.62,3357700.75,Germany,2018
Vegetable,1311842.44,621335.95,2.29,0.48,0.86,3.95,5.84,2.47,1.46,287,27.87,32.06,0.35,39.72,163.80,0.00,44.91,378753.27,199840.49,2.47,1.46,287,27.87,32.06,0.35,39.72,163.80,0.00,44.91,378753.27,199840.49,Germany,2018
Wood,656600.64,1797931.02,1.15,1.40,0.36,9.16,3.49,0.56,0.31,404,15.10,83.91,0.00,0.99,18.00,0.00,0.00,220207.87,1197979.32,0.56,0.31,404,15.10,83.91,0.00,0.99,18.00,0.00,0.00,220207.87,1197979.32,Germany,2018
All Products,59797035.62,129857182.08,100.00,100.00,1.00,-2.06,2.01,3.57,1.58,8884,54.62,36.91,1.19,7.28,398.30,0.00,212198.30,62035080.27,48100397.59,3.57,1.58,8884,54.62,36.91,1.19,7.28,398.30,0.00,212198.30,62035080.27,48100397.59,Germany,2019
Capital goods,18426418.95,55146338.64,30.81,42.47,1.42,-1.64,2.47,1.39,0.96,1527,41.45,57.63,0.59,0.33,25.00,0.00,842.18,26060667.40,26482126.09,1.39,0.96,1527,41.45,57.63,0.59,0.33,25.00,0.00,842.18,26060667.40,26482126.09,Germany,2019
Consumer goods,16842578.64,39512360.91,28.17,30.43,0.75,0.01,3.37,4.92,2.19,3371,61.29,25.90,1.81,11.01,350.00,0.00,198923.44,26016965.11,11578016.88,4.92,2.19,3371,61.29,25.90,1.81,11.01,350.00,0.00,198923.44,26016965.11,11578016.88,Germany,2019
Intermediate goods,9073291.61,26049054.62,15.17,20.06,0.94,-4.68,0.33,3.81,2.09,3334,57.50,37.28,0.84,4.38,398.30,0.00,10412.39,8994973.05,8681263.64,3.81,2.09,3334,57.50,37.28,0.84,4.38,398.30,0.00,10412.39,8994973.05,8681263.64,Germany,2019
Raw materials,3343447.74,1628569.13,5.59,1.25,0.98,-2.93,2.97,1.87,1.47,345,18.26,54.20,1.74,25.80,350.00,0.00,3.20,320144.86,141422.30,1.87,1.47,345,18.26,54.20,1.74,25.80,350.00,0.00,3.20,320144.86,141422.30,Germany,2019
Animal,246638.79,399329.33,0.41,0.31,0.25,-1.21,2.30,6.34,3.35,211,45.97,15.64,0.47,37.91,123.05,0.00,939.52,108054.15,291176.79,6.34,3.35,211,45.97,15.64,0.47,37.91,123.05,0.00,939.52,108054.15,291176.79,Germany,2019
Chemicals,9362193.16,24935887.79,15.66,19.20,1.67,-2.18,6.26,2.87,1.29,1481,68.94,30.11,0.00,0.95,6.50,0.00,0.00,4636195.09,10226051.76,2.87,1.29,1481,68.94,30.11,0.00,0.95,6.50,0.00,0.00,4636195.09,10226051.76,Germany,2019
Food Products,322031.63,1299135.38,0.54,1.00,0.26,-1.58,-8.73,9.62,5.98,601,44.76,18.47,1.33,35.44,350.00,0.00,144363.10,911397.68,367415.73,9.62,5.98,601,44.76,18.47,1.33,35.44,350.00,0.00,144363.10,911397.68,367415.73,Germany,2019
Footwear,20425.48,203412.17,0.03,0.16,0.04,0.38,4.16,7.62,15.26,197,69.04,17.77,3.05,10.15,49.23,0.00,1388.28,197724.52,5687.65,7.62,15.26,197,69.04,17.77,3.05,10.15,49.23,0.00,1388.28,197724.52,5687.65,Germany,2019
Fuels,876404.32,336740.85,1.47,0.26,0.54,-3.81,-3.78,0.28,0.06,31,0.00,83.87,0.00,16.13,18.53,0.00,0.00,299639.50,37101.35,0.28,0.06,31,0.00,83.87,0.00,16.13,18.53,0.00,0.00,299639.50,37101.35,Germany,2019
Hides and Skins,53094.47,69942.13,0.09,0.05,0.16,-1.97,6.02,5.13,5.83,171,88.30,11.11,0.00,0.58,20.00,0.00,0.00,68216.38,1725.75,5.13,5.83,171,88.30,11.11,0.00,0.58,20.00,0.00,0.00,68216.38,1725.75,Germany,2019
Mach and Elec,11602835.40,36416697.75,19.40,28.04,1.25,-2.04,0.04,1.36,1.12,1325,43.47,56.45,0.00,0.08,12.50,0.00,0.00,19551879.68,16798276.93,1.36,1.12,1325,43.47,56.45,0.00,0.08,12.50,0.00,0.00,19551879.68,16798276.93,Germany,2019
Metals,1755748.99,6575073.76,2.94,5.06,0.37,-6.16,-3.60,1.72,2.26,936,41.45,53.31,3.31,1.92,15.00,0.00,30303.76,4114281.14,2460792.61,1.72,2.26,936,41.45,53.31,3.31,1.92,15.00,0.00,30303.76,4114281.14,2460792.61,Germany,2019
Minerals,298413.00,194901.27,0.50,0.15,0.71,1.83,15.83,0.17,0.12,63,6.35,92.06,0.00,1.59,3.00,0.00,0.00,4637.13,25539.77,0.17,0.12,63,6.35,92.06,0.00,1.59,3.00,0.00,0.00,4637.13,25539.77,Germany,2019
Miscellaneous,10200261.07,21473516.92,17.06,16.54,1.63,-1.71,-0.82,3.25,0.47,812,36.82,45.20,6.40,11.58,398.30,0.00,35187.47,3347877.24,10469289.27,3.25,0.47,812,36.82,45.20,6.40,11.58,398.30,0.00,35187.47,3347877.24,10469289.27,Germany,2019
Plastic or Rubber,1692320.31,4640001.31,2.83,3.57,0.75,-4.68,-1.43,3.62,3.90,358,78.49,21.51,0.00,0.00,14.00,0.00,0.00,4247339.08,380276.80,3.62,3.90,358,78.49,21.51,0.00,0.00,14.00,0.00,0.00,4247339.08,380276.80,Germany,2019
Stone and Glass,2693664.96,2777181.71,4.50,2.14,1.43,-0.47,-7.34,3.17,1.21,376,63.30,35.11,0.00,1.60,38.00,0.00,0.00,804796.85,2124279.40,3.17,1.21,376,63.30,35.11,0.00,1.60,38.00,0.00,0.00,804796.85,2124279.40,Germany,2019
Textiles and Clothing,337610.00,791404.58,0.56,0.61,0.13,-1.92,-2.62,8.71,4.05,1386,81.39,13.13,0.14,5.34,32.00,0.00,12.96,494262.91,286027.77,8.71,4.05,1386,81.39,13.13,0.14,5.34,32.00,0.00,12.96,494262.91,286027.77,Germany,2019
Transportation,18625007.41,27451831.40,31.15,21.14,1.09,2.34,13.34,2.82,2.05,228,50.88,49.12,0.00,0.00,25.00,0.00,0.00,22674318.64,3300109.79,2.82,2.05,228,50.88,49.12,0.00,0.00,25.00,0.00,0.00,22674318.64,3300109.79,Germany,2019
Vegetable,1065187.15,618030.53,1.78,0.48,0.85,-2.14,1.45,2.10,1.36,303,28.38,31.35,1.98,38.28,29.80,0.00,3.20,368325.54,216460.76,2.10,1.36,303,28.38,31.35,1.98,38.28,29.80,0.00,3.20,368325.54,216460.76,Germany,2019
Wood,645199.47,1674095.22,1.08,1.29,0.34,-4.84,-4.05,0.54,0.31,405,15.31,83.70,0.00,0.99,18.00,0.00,0.00,206134.74,1110185.46,0.54,0.31,405,15.31,83.70,0.00,0.99,18.00,0.00,0.00,206134.74,1110185.46,Germany,2019
All Products,57163225.96,117393017.84,100.00,100.00,1.00,-2.73,-1.90,3.43,1.54,8747,53.60,38.25,1.85,6.30,350.00,0.00,288197.71,49476595.90,45662359.62,3.43,1.54,8747,53.60,38.25,1.85,6.30,350.00,0.00,288197.71,49476595.90,45662359.62,Germany,2020
Capital goods,16825338.73,48580494.35,29.43,41.38,1.27,-2.70,-7.06,1.34,0.95,1524,36.48,62.66,0.59,0.26,25.00,0.00,391.41,20711528.86,25116398.37,1.34,0.95,1524,36.48,62.66,0.59,0.26,25.00,0.00,391.41,20711528.86,25116398.37,Germany,2020
Consumer goods,16068633.16,31970195.12,28.11,27.23,0.79,-1.61,1.75,4.91,2.15,3348,60.84,26.16,3.49,9.50,350.00,0.00,254613.20,19055099.98,10693614.38,4.91,2.15,3348,60.84,26.16,3.49,9.50,350.00,0.00,254613.20,19055099.98,10693614.38,Germany,2020
Intermediate goods,9735220.09,29355544.66,17.03,25.01,0.98,-1.56,1.09,3.53,2.02,3264,57.29,38.05,0.95,3.71,162.84,0.00,11606.77,8589555.29,8538757.57,3.53,2.02,3264,57.29,38.05,0.95,3.71,162.84,0.00,11606.77,8589555.29,8538757.57,Germany,2020
Raw materials,4804337.06,1617060.25,8.40,1.38,1.21,-5.19,6.33,1.87,1.68,324,20.37,55.25,0.93,23.46,350.00,0.00,19467.58,330023.60,125159.38,1.87,1.68,324,20.37,55.25,0.93,23.46,350.00,0.00,19467.58,330023.60,125159.38,Germany,2020
Animal,183588.09,354334.24,0.32,0.30,0.22,-1.57,-7.61,5.47,2.45,215,44.19,16.74,0.47,38.60,108.00,0.00,567.22,92643.15,261616.18,5.47,2.45,215,44.19,16.74,0.47,38.60,108.00,0.00,567.22,92643.15,261616.18,Germany,2020
Chemicals,10698670.80,27980094.74,18.72,23.83,1.80,1.98,6.70,2.90,1.33,1472,69.02,30.03,0.07,0.88,6.50,0.00,701.02,4639674.82,9837063.14,2.90,1.33,1472,69.02,30.03,0.07,0.88,6.50,0.00,701.02,4639674.82,9837063.14,Germany,2020
Food Products,260207.16,1187920.97,0.46,1.01,0.24,1.16,-2.47,8.09,7.23,567,44.80,19.40,2.65,33.16,350.00,0.00,182816.17,950236.94,216160.72,8.09,7.23,567,44.80,19.40,2.65,33.16,350.00,0.00,182816.17,950236.94,216160.72,Germany,2020
Footwear,13179.96,192402.76,0.02,0.16,0.03,-3.22,-6.98,7.79,15.11,195,69.74,16.92,3.08,10.26,50.26,0.00,1647.31,186529.67,5873.09,7.79,15.11,195,69.74,16.92,3.08,10.26,50.26,0.00,1647.31,186529.67,5873.09,Germany,2020
Fuels,1800895.09,199857.76,3.15,0.17,0.91,-16.13,10.36,0.18,0.07,31,0.00,90.32,0.00,9.68,19.69,0.00,0.00,159287.15,40570.61,0.18,0.07,31,0.00,90.32,0.00,9.68,19.69,0.00,0.00,159287.15,40570.61,Germany,2020
Hides and Skins,43431.86,59455.55,0.08,0.05,0.16,-8.43,-7.89,4.93,6.11,178,87.64,11.80,0.00,0.56,20.00,0.00,0.00,58468.37,987.18,4.93,6.11,178,87.64,11.80,0.00,0.56,20.00,0.00,0.00,58468.37,987.18,Germany,2020
Mach and Elec,10319357.05,32690887.70,18.05,27.85,0.99,-1.73,-11.59,1.33,1.13,1323,39.08,60.85,0.00,0.08,12.50,0.00,0.00,16440378.88,16139061.88,1.33,1.13,1323,39.08,60.85,0.00,0.08,12.50,0.00,0.00,16440378.88,16139061.88,Germany,2020
Metals,1486941.87,5108334.44,2.60,4.35,0.32,-6.70,-12.13,1.72,2.34,918,41.50,53.49,2.83,2.18,15.00,0.00,26939.76,3329132.69,1779201.75,1.72,2.34,918,41.50,53.49,2.83,2.18,15.00,0.00,26939.76,3329132.69,1779201.75,Germany,2020
Minerals,619638.21,225400.21,1.08,0.19,1.02,4.02,25.46,0.21,0.16,65,6.15,87.69,4.62,1.54,3.00,0.00,19467.58,24421.77,18899.76,0.21,0.16,65,6.15,87.69,4.62,1.54,3.00,0.00,19467.58,24421.77,18899.76,Germany,2020
Miscellaneous,9481688.57,17741823.36,16.59,15.11,1.71,-2.79,0.42,2.58,0.43,787,33.93,49.43,12.83,3.81,162.84,0.00,55655.59,1703664.55,10144339.52,2.58,0.43,787,33.93,49.43,12.83,3.81,162.84,0.00,55655.59,1703664.55,10144339.52,Germany,2020
Plastic or Rubber,1546075.20,4170013.31,2.70,3.55,0.71,-3.39,-4.97,3.61,3.91,355,78.03,21.97,0.00,0.00,14.00,0.00,0.00,3831733.15,314643.82,3.61,3.91,355,78.03,21.97,0.00,0.00,14.00,0.00,0.00,3831733.15,314643.82,Germany,2020
Stone and Glass,2910875.08,3898425.93,5.09,3.32,1.21,8.79,0.81,3.27,0.86,376,63.30,35.11,0.00,1.60,38.00,0.00,0.00,1092743.92,2978592.77,3.27,0.86,376,63.30,35.11,0.00,1.60,38.00,0.00,0.00,1092743.92,2978592.77,Germany,2020
Textiles and Clothing,276000.13,682888.78,0.48,0.58,0.11,4.07,-4.43,8.86,3.88,1320,82.12,12.65,0.61,4.62,32.00,0.00,399.87,416784.44,259339.15,8.86,3.88,1320,82.12,12.65,0.61,4.62,32.00,0.00,399.87,416784.44,259339.15,Germany,2020
Transportation,16012018.41,20499443.71,28.01,17.46,1.21,-5.57,0.10,2.68,2.00,229,50.22,49.78,0.00,0.00,25.00,0.00,0.00,15927991.66,2495039.44,2.68,2.00,229,50.22,49.78,0.00,0.00,25.00,0.00,0.00,15927991.66,2495039.44,Germany,2020
Vegetable,963243.36,570865.01,1.69,0.49,0.73,4.25,-2.50,1.92,1.72,295,26.44,32.54,0.34,40.68,29.80,0.00,3.19,369298.49,168130.59,1.92,1.72,295,26.44,32.54,0.34,40.68,29.80,0.00,3.19,369298.49,168130.59,Germany,2020
Wood,547415.13,1830869.37,0.96,1.56,0.31,-3.55,-7.10,0.58,0.39,421,16.63,82.42,0.00,0.95,18.00,0.00,0.00,253606.24,1002840.01,0.58,0.39,421,16.63,82.42,0.00,0.95,18.00,0.00,0.00,253606.24,1002840.01,Germany,2020
All Products,64806424.19,138194629.53,100.00,100.00,1.00,10.20,5.22,3.52,1.51,8821,53.10,38.17,1.29,7.44,350.00,0.00,404337.99,58083236.40,56431339.16,3.52,1.51,8821,53.10,38.17,1.29,7.44,350.00,0.00,404337.99,58083236.40,56431339.16,Germany,2021
Capital goods,18511481.59,55978727.78,28.56,40.51,1.25,8.11,2.33,1.31,0.94,1514,36.46,62.68,0.59,0.26,25.00,0.00,569.80,24299078.39,28290600.48,1.31,0.94,1514,36.46,62.68,0.59,0.26,25.00,0.00,569.80,24299078.39,28290600.48,Germany,2021
Consumer goods,18051415.83,38906816.33,27.85,28.15,0.81,8.42,4.64,5.01,2.19,3377,60.35,26.09,1.84,11.73,350.00,0.00,260712.14,22565371.21,13171015.73,5.01,2.19,3377,60.35,26.09,1.84,11.73,350.00,0.00,260712.14,22565371.21,13171015.73,Germany,2021
Intermediate goods,11600873.39,34289329.72,17.90,24.81,0.87,14.54,3.37,3.67,1.73,3296,56.80,37.96,0.97,4.28,350.00,0.00,138817.10,9975404.79,13516966.60,3.67,1.73,3296,56.80,37.96,0.97,4.28,350.00,0.00,138817.10,9975404.79,13516966.60,Germany,2021
Raw materials,6772376.90,1842139.84,10.45,1.33,1.38,14.14,16.32,1.70,1.37,343,19.53,55.39,2.04,23.03,350.00,0.00,50.29,373294.88,159113.64,1.70,1.37,343,19.53,55.39,2.04,23.03,350.00,0.00,50.29,373294.88,159113.64,Germany,2021
Animal,203251.73,469238.94,0.31,0.34,0.23,2.44,-0.55,6.73,2.28,209,45.93,13.88,0.48,39.71,105.20,0.00,2517.40,125239.36,343999.58,6.73,2.28,209,45.93,13.88,0.48,39.71,105.20,0.00,2517.40,125239.36,343999.58,Germany,2021
Chemicals,11330356.32,31120079.84,17.48,22.52,1.69,7.95,0.08,2.85,1.11,1463,68.42,30.55,0.07,0.96,6.50,0.00,1878.21,5299818.28,14376330.06,2.85,1.11,1463,68.42,30.55,0.07,0.96,6.50,0.00,1878.21,5299818.28,14376330.06,Germany,2021
Food Products,257326.66,1421166.15,0.40,1.03,0.22,5.64,-4.37,8.16,6.72,588,42.69,18.88,1.02,37.41,350.00,0.00,185766.46,1116041.24,280107.09,8.16,6.72,588,42.69,18.88,1.02,37.41,350.00,0.00,185766.46,1116041.24,280107.09,Germany,2021
Footwear,15670.63,422496.22,0.02,0.31,0.04,4.79,5.61,7.68,15.37,195,68.72,17.95,3.08,10.26,49.57,0.00,2069.44,415680.65,6815.57,7.68,15.37,195,68.72,17.95,3.08,10.26,49.57,0.00,2069.44,415680.65,6815.57,Germany,2021
Fuels,2048869.67,344498.66,3.16,0.25,0.88,29.30,21.07,0.19,0.08,29,0.00,89.66,0.00,10.34,19.53,0.00,0.00,314313.60,30185.06,0.19,0.08,29,0.00,89.66,0.00,10.34,19.53,0.00,0.00,314313.60,30185.06,Germany,2021
Hides and Skins,51309.18,76360.38,0.08,0.06,0.18,6.25,8.03,5.28,5.73,170,87.06,12.35,0.00,0.59,20.00,0.00,0.00,75145.08,1215.30,5.28,5.73,170,87.06,12.35,0.00,0.59,20.00,0.00,0.00,75145.08,1215.30,Germany,2021
Mach and Elec,11764738.93,37160840.30,18.15,26.89,0.98,8.98,3.56,1.32,1.11,1316,39.06,60.87,0.00,0.08,12.50,0.00,0.00,18838641.20,18210187.60,1.32,1.11,1316,39.06,60.87,0.00,0.08,12.50,0.00,0.00,18838641.20,18210187.60,Germany,2021
Metals,1648253.69,6436232.01,2.54,4.66,0.27,18.51,3.91,1.66,2.25,925,40.76,53.95,3.35,1.95,15.00,0.00,155831.38,4221876.09,2214355.92,1.66,2.25,925,40.76,53.95,3.35,1.95,15.00,0.00,155831.38,4221876.09,2214355.92,Germany,2021
Minerals,1699437.67,503708.01,2.62,0.36,1.91,21.65,59.05,0.33,0.20,69,8.70,85.51,0.00,5.80,3.00,0.00,0.00,6834.20,20101.07,0.33,0.20,69,8.70,85.51,0.00,5.80,3.00,0.00,0.00,6834.20,20101.07,Germany,2021
Miscellaneous,10034255.92,21363445.02,15.48,15.46,1.68,8.25,2.64,3.49,0.46,813,33.58,47.85,6.89,11.69,182.34,0.00,55277.42,2118521.54,12018459.36,3.49,0.46,813,33.58,47.85,6.89,11.69,182.34,0.00,55277.42,2118521.54,12018459.36,Germany,2021
Plastic or Rubber,1838528.23,5123011.99,2.84,3.71,0.70,14.50,8.40,3.60,3.95,361,77.84,22.16,0.00,0.00,14.00,0.00,0.00,4650792.99,386810.48,3.60,3.95,361,77.84,22.16,0.00,0.00,14.00,0.00,0.00,4650792.99,386810.48,Germany,2021
Stone and Glass,4085235.91,4935993.67,6.30,3.57,1.30,15.31,14.48,3.28,0.82,376,63.56,34.84,0.00,1.60,38.00,0.00,0.00,1120882.03,4280507.45,3.28,0.82,376,63.56,34.84,0.00,1.60,38.00,0.00,0.00,1120882.03,4280507.45,Germany,2021
Textiles and Clothing,302774.19,833954.41,0.47,0.60,0.13,1.30,5.58,8.80,3.80,1360,81.32,12.94,0.44,5.29,32.00,0.00,947.39,505602.14,319986.39,8.80,3.80,1360,81.32,12.94,0.44,5.29,32.00,0.00,947.39,505602.14,319986.39,Germany,2021
Transportation,17055463.44,24904594.40,26.32,18.02,1.34,3.39,3.92,2.44,1.98,226,49.56,50.44,0.00,0.00,25.00,0.00,0.00,18616603.99,2500245.25,2.44,1.98,226,49.56,50.44,0.00,0.00,25.00,0.00,0.00,18616603.99,2500245.25,Germany,2021
Vegetable,1727675.75,659262.53,2.67,0.48,0.70,6.12,-0.67,2.13,1.56,301,26.58,32.89,2.33,38.21,29.80,0.00,50.29,411242.55,207853.28,2.13,1.56,301,26.58,32.89,2.33,38.21,29.80,0.00,50.29,411242.55,207853.28,Germany,2021
Wood,743276.27,2419747.00,1.15,1.75,0.38,11.63,18.98,0.57,0.33,420,15.71,83.33,0.00,0.95,18.00,0.00,0.00,246001.45,1234179.70,0.57,0.33,420,15.71,83.33,0.00,0.95,18.00,0.00,0.00,246001.45,1234179.70,Germany,2021
All Products,72549705.24,150408499.38,100.00,100.00,1.00,5.60,7.21,3.44,1.65,8743,54.12,38.34,0.01,7.53,352.35,0.00,2073.74,64789010.06,54980791.82,3.44,1.65,8743,54.12,38.34,0.01,7.53,352.35,0.00,2073.74,64789010.06,54980791.82,Germany,2022
Capital goods,20805660.99,62244475.99,28.68,41.38,1.23,2.90,3.85,1.31,0.99,1522,37.71,62.02,0.00,0.26,25.00,0.00,0.00,25788058.15,30206444.53,1.31,0.99,1522,37.71,62.02,0.00,0.26,25.00,0.00,0.00,25788058.15,30206444.53,Germany,2022
Consumer goods,18706678.38,45000750.78,25.78,29.92,0.75,4.76,2.46,4.95,2.33,3293,61.65,26.18,0.03,12.15,352.35,0.00,2073.74,26042806.54,12515750.27,4.95,2.33,3293,61.65,26.18,0.03,12.15,352.35,0.00,2073.74,26042806.54,12515750.27,Germany,2022
Intermediate goods,12732534.72,33690661.89,17.55,22.40,0.81,9.06,6.54,3.49,2.01,3273,57.84,38.04,0.00,4.12,213.44,0.00,0.00,11106640.67,11268042.10,3.49,2.01,3273,57.84,38.04,0.00,4.12,213.44,0.00,0.00,11106640.67,11268042.10,Germany,2022
Raw materials,9781259.48,1458603.17,13.48,0.97,1.77,10.92,27.35,2.08,1.65,375,22.40,55.47,0.00,22.13,350.00,0.00,0.00,367620.92,180729.44,2.08,1.65,375,22.40,55.47,0.00,22.13,350.00,0.00,0.00,367620.92,180729.44,Germany,2022
Animal,133614.53,566708.21,0.18,0.38,0.18,5.09,-4.99,6.98,2.61,213,45.07,14.08,0.00,40.85,352.35,0.00,0.00,136659.69,429514.62,6.98,2.61,213,45.07,14.08,0.00,40.85,352.35,0.00,0.00,136659.69,429514.62,Germany,2022
Chemicals,10818212.20,27576773.05,14.91,18.33,1.36,7.83,-1.82,2.85,1.50,1471,68.32,30.66,0.07,0.95,8.20,0.00,2073.74,6130254.90,11092154.90,2.85,1.50,1471,68.32,30.66,0.07,0.95,8.20,0.00,2073.74,6130254.90,11092154.90,Germany,2022
Food Products,262306.57,1640924.55,0.36,1.09,0.21,1.35,1.88,7.68,7.64,615,44.55,18.37,0.00,37.07,350.00,0.00,0.00,1261601.62,354308.43,7.68,7.64,615,44.55,18.37,0.00,37.07,350.00,0.00,0.00,1261601.62,354308.43,Germany,2022
Footwear,23626.58,455400.35,0.03,0.30,0.05,7.31,20.35,7.74,14.01,179,70.95,17.88,0.00,11.17,57.25,0.00,0.00,448562.29,6838.06,7.74,14.01,179,70.95,17.88,0.00,11.17,57.25,0.00,0.00,448562.29,6838.06,Germany,2022
Fuels,4798361.60,635539.04,6.61,0.42,1.13,27.01,46.02,0.22,0.03,24,0.00,87.50,0.00,12.50,16.97,0.00,0.00,546595.45,88943.59,0.22,0.03,24,0.00,87.50,0.00,12.50,16.97,0.00,0.00,546595.45,88943.59,Germany,2022
Hides and Skins,54397.80,83359.61,0.07,0.06,0.18,4.59,8.53,4.87,6.65,181,86.74,12.71,0.00,0.55,20.00,0.00,0.00,81632.32,1727.29,4.87,6.65,181,86.74,12.71,0.00,0.55,20.00,0.00,0.00,81632.32,1727.29,Germany,2022
Mach and Elec,13740650.90,41180262.19,18.94,27.38,1.00,3.53,6.10,1.33,1.10,1323,39.61,60.32,0.00,0.08,12.50,0.00,0.00,20071129.16,20010413.86,1.33,1.10,1323,39.61,60.32,0.00,0.08,12.50,0.00,0.00,20071129.16,20010413.86,Germany,2022
Metals,1850606.69,7826342.04,2.55,5.20,0.30,6.72,13.09,1.79,2.09,915,43.83,54.32,0.00,1.86,23.05,0.00,0.00,4561912.95,3206064.26,1.79,2.09,915,43.83,54.32,0.00,1.86,23.05,0.00,0.00,4561912.95,3206064.26,Germany,2022
Minerals,1825242.90,159102.71,2.52,0.11,2.03,-7.11,-2.71,0.37,0.32,79,8.86,86.08,0.00,5.06,29.64,0.00,0.00,10327.20,22762.40,0.37,0.32,79,8.86,86.08,0.00,5.06,29.64,0.00,0.00,10327.20,22762.40,Germany,2022
Miscellaneous,18970658.08,23129389.96,26.15,15.38,1.68,-2.16,-0.93,2.75,0.44,783,40.61,47.00,0.00,12.39,118.41,0.00,0.00,2236969.76,11194843.19,2.75,0.44,783,40.61,47.00,0.00,12.39,118.41,0.00,0.00,2236969.76,11194843.19,Germany,2022
Plastic or Rubber,3742832.46,6931874.77,5.16,4.61,1.05,5.13,30.71,3.62,3.92,359,78.27,21.73,0.00,0.00,14.00,0.00,0.00,5243767.09,448401.71,3.62,3.92,359,78.27,21.73,0.00,0.00,14.00,0.00,0.00,5243767.09,448401.71,Germany,2022
Stone and Glass,3540763.27,4771697.93,4.88,3.17,1.15,-3.37,-7.81,3.24,1.03,368,62.50,35.60,0.00,1.90,38.00,0.00,0.00,1245023.14,3448789.82,3.24,1.03,368,62.50,35.60,0.00,1.90,38.00,0.00,0.00,1245023.14,3448789.82,Germany,2022
Textiles and Clothing,338438.97,865410.66,0.47,0.58,0.13,3.77,4.19,8.75,3.99,1276,80.64,14.18,0.00,5.17,32.00,0.00,0.00,559941.85,289663.34,8.75,3.99,1276,80.64,14.18,0.00,5.17,32.00,0.00,0.00,559941.85,289663.34,Germany,2022
Transportation,9126976.98,30892365.58,12.58,20.54,1.35,0.87,2.95,2.44,2.18,231,50.65,49.35,0.00,0.00,25.00,0.00,0.00,21556629.07,2479344.50,2.44,2.18,231,50.65,49.35,0.00,0.00,25.00,0.00,0.00,21556629.07,2479344.50,Germany,2022
Vegetable,2475635.90,754485.32,3.41,0.50,0.79,3.39,11.37,2.15,1.44,304,31.58,32.57,0.00,35.86,29.80,0.00,0.00,417942.35,282911.81,2.15,1.44,304,31.58,32.57,0.00,35.86,29.80,0.00,0.00,417942.35,282911.81,Germany,2022
Wood,847379.82,2938863.41,1.17,1.95,0.38,3.18,4.07,0.57,0.23,422,16.59,82.46,0.00,0.95,18.00,0.00,0.00,280061.23,1624110.04,0.57,0.23,422,16.59,82.46,0.00,0.95,18.00,0.00,0.00,280061.23,1624110.04,Germany,2022
All Products,64921645.31,146479386.81,100.00,100.00,1.00,10.67,3.36,4.07,1.90,8227,60.25,30.39,1.84,7.52,330.44,0.00,1174480.05,92269969.94,54309612.62,4.07,1.90,8227,60.25,30.39,1.84,7.52,330.44,0.00,1174480.05,92269969.94,54309612.62,Japan,2000
Capital goods,29418677.47,79840536.81,45.31,54.51,1.72,11.99,4.10,1.46,1.05,1604,44.39,54.80,0.25,0.56,25.00,0.00,9635.95,39427047.19,42468158.45,1.46,1.05,1604,44.39,54.80,0.25,0.56,25.00,0.00,9635.95,39427047.19,42468158.45,Japan,2000
Consumer goods,11852194.76,50269472.85,18.26,34.32,0.61,13.64,4.25,5.11,2.36,3066,63.50,23.09,3.69,9.72,247.47,0.00,1136642.00,43604620.53,8038833.50,5.11,2.36,3066,63.50,23.09,3.69,9.72,247.47,0.00,1136642.00,43604620.53,8038833.50,Japan,2000
Intermediate goods,11468673.56,11915143.43,17.67,8.13,1.01,7.33,5.07,5.08,5.56,3199,69.33,22.29,1.00,7.38,330.44,0.00,8414.81,9068344.18,3482707.59,5.08,5.56,3199,69.33,22.29,1.00,7.38,330.44,0.00,8414.81,9068344.18,3482707.59,Japan,2000
Raw materials,10679568.51,465690.25,16.45,0.32,0.70,12.11,0.43,1.17,0.97,358,22.35,55.87,0.56,21.23,26.40,0.00,19787.29,169958.04,319913.08,1.17,0.97,358,22.35,55.87,0.56,21.23,26.40,0.00,19787.29,169958.04,319913.08,Japan,2000
Animal,4187609.29,128390.19,6.45,0.09,1.18,2.64,4.14,1.83,0.41,111,23.42,65.77,0.00,10.81,234.36,0.00,0.00,20759.86,124498.27,1.83,0.41,111,23.42,65.77,0.00,10.81,234.36,0.00,0.00,20759.86,124498.27,Japan,2000
Chemicals,5764329.25,7070448.77,8.88,4.83,1.47,6.68,5.68,3.50,2.83,1483,62.91,28.52,0.00,8.56,13.19,0.00,0.00,4433725.46,2826086.04,3.50,2.83,1483,62.91,28.52,0.00,8.56,13.19,0.00,0.00,4433725.46,2826086.04,Japan,2000
Food Products,4033692.91,280796.37,6.21,0.19,1.75,2.79,3.23,7.81,7.62,498,47.59,16.67,2.61,33.13,247.47,0.00,26474.44,288259.39,10558.66,7.81,7.62,498,47.59,16.67,2.61,33.13,247.47,0.00,26474.44,288259.39,10558.66,Japan,2000
Footwear,112638.62,39111.22,0.17,0.03,0.16,3.51,-7.11,9.51,1.15,149,67.11,18.12,1.34,13.42,61.43,0.00,17.32,2969.04,37019.75,9.51,1.15,149,67.11,18.12,1.34,13.42,61.43,0.00,17.32,2969.04,37019.75,Japan,2000
Fuels,845649.33,369830.67,1.30,0.25,0.08,24.57,9.63,1.51,7.11,28,7.14,53.57,28.57,10.71,32.49,0.00,193113.33,194939.32,217188.87,1.51,7.11,28,7.14,53.57,28.57,10.71,32.49,0.00,193113.33,194939.32,217188.87,Japan,2000
Hides and Skins,307143.54,14328.98,0.47,0.01,0.36,8.64,2.32,4.69,7.10,115,83.48,15.65,0.00,0.87,20.00,0.00,0.00,15010.01,146.05,4.69,7.10,115,83.48,15.65,0.00,0.87,20.00,0.00,0.00,15010.01,146.05,Japan,2000
Mach and Elec,21410426.75,66736424.96,32.98,45.56,1.43,14.72,9.05,1.45,0.88,1391,44.50,55.14,0.29,0.07,21.21,0.00,9150.14,28454721.50,40059625.95,1.45,0.88,1391,44.50,55.14,0.29,0.07,21.21,0.00,9150.14,28454721.50,40059625.95,Japan,2000
Metals,1091441.85,4125895.86,1.68,2.82,0.48,11.30,4.27,2.53,2.59,891,76.32,18.29,2.02,3.37,18.63,0.00,26157.52,3874301.18,515336.45,2.53,2.59,891,76.32,18.29,2.02,3.37,18.63,0.00,26157.52,3874301.18,515336.45,Japan,2000
Minerals,376621.99,46985.50,0.58,0.03,0.24,5.66,-5.58,0.17,0.07,52,3.85,92.31,1.92,1.92,3.00,0.00,19663.28,20782.62,28538.35,0.17,0.07,52,3.85,92.31,1.92,1.92,3.00,0.00,19663.28,20782.62,28538.35,Japan,2000
Miscellaneous,8052899.77,13210276.71,12.40,9.02,1.40,8.36,-1.42,3.70,3.83,821,40.68,40.68,12.42,6.21,330.44,0.00,899410.81,6773958.76,6741678.74,3.70,3.83,821,40.68,40.68,12.42,6.21,330.44,0.00,899410.81,6773958.76,6741678.74,Japan,2000
Plastic or Rubber,1609629.93,3494113.02,2.48,2.39,1.27,8.14,3.13,3.75,3.86,348,76.15,22.99,0.00,0.86,14.00,0.00,0.00,3510828.19,208354.37,3.75,3.86,348,76.15,22.99,0.00,0.86,14.00,0.00,0.00,3510828.19,208354.37,Japan,2000
Stone and Glass,1527672.47,1397747.04,2.35,0.95,0.71,8.62,10.40,3.32,2.93,375,61.33,36.80,0.00,1.87,38.00,0.00,0.00,922108.92,521525.74,3.32,2.93,375,61.33,36.80,0.00,1.87,38.00,0.00,0.00,922108.92,521525.74,Japan,2000
Textiles and Clothing,830539.64,686301.07,1.28,0.47,0.20,7.52,-0.93,10.49,8.53,1219,89.17,3.53,0.25,7.05,33.40,0.00,493.21,637810.37,82583.89,10.49,8.53,1219,89.17,3.53,0.25,7.05,33.40,0.00,493.21,637810.37,82583.89,Japan,2000
Transportation,5948329.20,44155048.93,9.16,30.14,1.72,-4.67,-19.88,2.16,2.31,200,51.00,49.00,0.00,0.00,25.00,0.00,0.00,42457606.77,2818781.25,2.16,2.31,200,51.00,49.00,0.00,0.00,25.00,0.00,0.00,42457606.77,2818781.25,Japan,2000
Vegetable,4328135.35,82885.89,6.67,0.06,2.02,-0.91,-1.74,2.86,1.07,251,30.68,27.89,0.00,41.43,40.68,0.00,0.00,68316.75,14368.83,2.86,1.07,251,30.68,27.89,0.00,41.43,40.68,0.00,0.00,68316.75,14368.83,Japan,2000
Wood,2997356.04,655981.63,4.62,0.45,1.18,4.65,1.68,1.30,0.76,295,56.61,40.68,0.00,2.71,18.00,0.00,0.00,593871.79,103321.40,1.30,0.76,295,56.61,40.68,0.00,2.71,18.00,0.00,0.00,593871.79,103321.40,Japan,2000
All Products,57449648.01,126473307.15,100.00,100.00,1.00,-4.09,-6.00,3.95,1.98,8106,60.58,30.56,1.88,6.98,306.94,0.00,1028483.24,83430829.69,42255529.99,3.95,1.98,8106,60.58,30.56,1.88,6.98,306.94,0.00,1028483.24,83430829.69,42255529.99,Japan,2001
Capital goods,24773662.61,62392350.44,43.12,49.33,1.69,-5.85,-8.58,1.53,1.14,1593,44.44,54.61,0.38,0.56,25.00,0.00,7639.76,33869709.18,29910147.62,1.53,1.14,1593,44.44,54.61,0.38,0.56,25.00,0.00,7639.76,33869709.18,29910147.62,Japan,2001
Consumer goods,10857263.94,48641682.02,18.90,38.46,0.60,-1.34,-3.98,5.05,2.32,3000,64.07,23.10,3.83,9.00,248.87,0.00,1001296.24,41500981.91,8335524.59,5.05,2.32,3000,64.07,23.10,3.83,9.00,248.87,0.00,1001296.24,41500981.91,8335524.59,Japan,2001
Intermediate goods,10794861.63,11067930.92,18.79,8.75,1.10,-5.98,-4.01,4.78,5.15,3186,69.46,22.41,0.82,7.31,306.94,0.00,6762.57,7892283.39,3770087.47,4.78,5.15,3186,69.46,22.41,0.82,7.31,306.94,0.00,6762.57,7892283.39,3770087.47,Japan,2001
Raw materials,9460415.07,387967.62,16.47,0.31,0.73,-4.85,-4.62,1.04,1.37,327,20.80,61.16,1.53,16.51,23.16,0.00,12784.67,167855.21,239770.31,1.04,1.37,327,20.80,61.16,1.53,16.51,23.16,0.00,12784.67,167855.21,239770.31,Japan,2001
Animal,3922214.22,104587.18,6.83,0.08,1.29,-4.62,-2.28,1.23,0.28,106,22.64,70.75,0.94,5.66,69.94,0.00,4.28,13993.40,103094.07,1.23,0.28,106,22.64,70.75,0.94,5.66,69.94,0.00,4.28,13993.40,103094.07,Japan,2001
Chemicals,5517086.77,6604937.63,9.60,5.22,1.55,-1.85,-1.25,3.35,2.58,1469,63.10,28.80,0.00,8.10,11.46,0.00,0.00,3888820.75,2869062.93,3.35,2.58,1469,63.10,28.80,0.00,8.10,11.46,0.00,0.00,3888820.75,2869062.93,Japan,2001
Food Products,3237742.01,266069.32,5.64,0.21,1.71,-1.21,-4.30,7.86,7.73,463,50.11,16.20,3.24,30.45,248.87,0.00,24540.89,274263.94,7513.34,7.86,7.73,463,50.11,16.20,3.24,30.45,248.87,0.00,24540.89,274263.94,7513.34,Japan,2001
Footwear,94387.01,35874.99,0.16,0.03,0.12,0.53,-14.08,9.54,0.85,146,68.49,17.12,0.68,13.70,60.47,0.00,3.27,2148.05,34372.86,9.54,0.85,146,68.49,17.12,0.68,13.70,60.47,0.00,3.27,2148.05,34372.86,Japan,2001
Fuels,521056.38,323767.84,0.91,0.26,0.06,-4.67,-16.81,1.47,5.98,31,6.45,54.84,25.81,12.90,24.04,0.00,167274.79,177320.14,179319.22,1.47,5.98,31,6.45,54.84,25.81,12.90,24.04,0.00,167274.79,177320.14,179319.22,Japan,2001
Hides and Skins,304973.38,11596.47,0.53,0.01,0.35,1.65,-1.28,5.18,7.28,110,86.36,12.73,0.00,0.91,20.00,0.00,0.00,12167.62,14.20,5.18,7.28,110,86.36,12.73,0.00,0.91,20.00,0.00,0.00,12167.62,14.20,Japan,2001
Mach and Elec,18043667.47,50727345.91,31.41,40.11,1.38,-5.21,-8.59,1.45,1.02,1381,44.46,55.18,0.29,0.07,15.93,0.00,7536.07,24508403.67,27375478.07,1.45,1.02,1381,44.46,55.18,0.29,0.07,15.93,0.00,7536.07,24508403.67,27375478.07,Japan,2001
Metals,917588.46,3630859.95,1.60,2.87,0.53,-8.10,-5.57,2.34,2.45,892,76.23,18.39,1.91,3.48,18.59,0.00,16689.98,3474370.20,407021.05,2.34,2.45,892,76.23,18.39,1.91,3.48,18.59,0.00,16689.98,3474370.20,407021.05,Japan,2001
Minerals,323947.23,35899.32,0.56,0.03,0.24,-3.80,-5.53,0.25,0.00,61,6.56,86.89,4.92,1.64,3.00,0.00,12624.00,12706.59,26286.26,0.25,0.00,61,6.56,86.89,4.92,1.64,3.00,0.00,12624.00,12706.59,26286.26,Japan,2001
Miscellaneous,7875624.43,12647863.53,13.71,10.00,1.40,-0.74,-2.75,3.80,3.49,810,40.74,40.37,12.35,6.54,306.94,0.00,799345.27,5527156.30,7347748.73,3.80,3.49,810,40.74,40.37,12.35,6.54,306.94,0.00,799345.27,5527156.30,7347748.73,Japan,2001
Plastic or Rubber,1524214.98,2918592.97,2.65,2.31,1.29,-2.51,-3.82,3.72,3.78,348,76.15,22.99,0.00,0.86,14.00,0.00,0.00,2901025.48,202822.39,3.72,3.78,348,76.15,22.99,0.00,0.86,14.00,0.00,0.00,2901025.48,202822.39,Japan,2001
Stone and Glass,1335877.80,1183158.05,2.33,0.94,0.73,-8.18,-8.30,3.40,2.69,372,62.10,36.02,0.00,1.88,38.00,0.00,0.00,735473.42,465075.21,3.40,2.69,372,62.10,36.02,0.00,1.88,38.00,0.00,0.00,735473.42,465075.21,Japan,2001
Textiles and Clothing,682114.01,642722.75,1.19,0.51,0.18,-1.83,-9.37,10.13,8.64,1198,89.82,3.26,0.25,6.68,32.80,0.00,464.70,612788.78,57784.49,10.13,8.64,1198,89.82,3.26,0.25,6.68,32.80,0.00,464.70,612788.78,57784.49,Japan,2001
Transportation,4978590.81,42745624.27,8.67,33.80,1.55,-5.90,-12.43,2.72,2.26,193,51.30,48.70,0.00,0.00,25.00,0.00,0.00,40737500.79,3083429.74,2.72,2.26,193,51.30,48.70,0.00,0.00,25.00,0.00,0.00,40737500.79,3083429.74,Japan,2001
Vegetable,4100619.69,75038.37,7.14,0.06,2.10,-2.64,-2.64,2.86,1.14,231,30.74,29.87,0.00,39.39,29.80,0.00,0.00,61370.28,13263.02,2.86,1.14,231,30.74,29.87,0.00,39.39,29.80,0.00,0.00,61370.28,13263.02,Japan,2001
Wood,2509449.31,538915.08,4.37,0.43,1.14,-6.70,-10.14,1.01,0.57,295,54.58,42.71,0.00,2.71,18.00,0.00,0.00,491320.27,83244.41,1.01,0.57,295,54.58,42.71,0.00,2.71,18.00,0.00,0.00,491320.27,83244.41,Japan,2001
All Products,51447934.38,124566140.81,100.00,100.00,1.00,-1.69,-3.96,3.92,2.12,8453,60.65,30.15,1.94,7.25,350.00,0.00,916022.55,85307035.49,35672610.10,3.92,2.12,8453,60.65,30.15,1.94,7.25,350.00,0.00,916022.55,85307035.49,35672610.10,Japan,2002
Capital goods,21567743.18,56900936.36,41.92,45.68,1.65,-0.78,-4.12,1.52,1.18,1603,43.79,55.40,0.50,0.31,25.00,0.00,8859.86,32012341.31,24768421.22,1.52,1.18,1603,43.79,55.40,0.50,0.31,25.00,0.00,8859.86,32012341.31,24768421.22,Japan,2002
Consumer goods,9699876.09,53056061.62,18.85,42.59,0.60,-2.14,-3.96,5.05,2.36,3101,63.43,22.83,4.10,9.64,350.00,0.00,890479.28,45686232.85,7378289.59,5.05,2.36,3101,63.43,22.83,4.10,9.64,350.00,0.00,890479.28,45686232.85,7378289.59,Japan,2002
Intermediate goods,9837385.72,10621871.57,19.12,8.53,1.13,-1.50,-2.43,4.53,5.87,3280,70.00,22.23,0.85,6.92,199.26,0.00,8037.63,7453385.20,3294580.32,4.53,5.87,3280,70.00,22.23,0.85,6.92,199.26,0.00,8037.63,7453385.20,3294580.32,Japan,2002
Raw materials,8798517.54,332950.10,17.10,0.27,0.72,-2.31,-5.37,1.42,0.27,372,23.66,54.30,0.27,21.77,26.56,0.00,8645.79,52244.19,206742.35,1.42,0.27,372,23.66,54.30,0.27,21.77,26.56,0.00,8645.79,52244.19,206742.35,Japan,2002
Animal,3121783.76,112565.83,6.07,0.09,1.15,-2.53,-10.10,1.77,0.33,104,23.08,72.12,0.00,4.81,173.28,0.00,0.00,14960.33,98173.33,1.77,0.33,104,23.08,72.12,0.00,4.81,173.28,0.00,0.00,14960.33,98173.33,Japan,2002
Chemicals,5587805.04,7092498.87,10.86,5.69,1.61,0.42,-0.02,3.22,2.38,1501,63.69,28.58,0.00,7.73,9.40,0.00,0.00,3860118.48,3218889.71,3.22,2.38,1501,63.69,28.58,0.00,7.73,9.40,0.00,0.00,3860118.48,3218889.71,Japan,2002
Food Products,2722089.00,300975.67,5.29,0.24,1.71,0.11,-2.19,7.17,7.66,513,46.00,16.57,3.51,33.92,350.00,0.00,31211.54,270732.90,31111.32,7.17,7.66,513,46.00,16.57,3.51,33.92,350.00,0.00,31211.54,270732.90,31111.32,Japan,2002
Footwear,61073.12,33092.57,0.12,0.03,0.08,-1.90,-22.27,9.07,1.00,135,66.67,18.52,2.22,12.59,60.08,0.00,34.96,2133.46,30959.11,9.07,1.00,135,66.67,18.52,2.22,12.59,60.08,0.00,34.96,2133.46,30959.11,Japan,2002
Fuels,566957.73,237070.61,1.10,0.19,0.07,-3.42,-0.44,1.79,2.56,46,10.87,39.13,39.13,10.87,18.16,0.00,80691.63,85002.95,178322.42,1.79,2.56,46,10.87,39.13,39.13,10.87,18.16,0.00,80691.63,85002.95,178322.42,Japan,2002
Hides and Skins,259168.11,13494.36,0.50,0.01,0.30,-5.61,-15.38,4.99,6.77,158,85.44,13.92,0.00,0.63,20.00,0.00,0.00,13469.34,3.37,4.99,6.77,158,85.44,13.92,0.00,0.63,20.00,0.00,0.00,13469.34,3.37,Japan,2002
Mach and Elec,14032481.42,45906436.72,27.28,36.85,1.28,-2.06,-7.99,1.46,1.08,1418,44.36,55.29,0.28,0.07,15.00,0.00,5723.35,23266361.94,22713134.67,1.46,1.08,1418,44.36,55.29,0.28,0.07,15.00,0.00,5723.35,23266361.94,22713134.67,Japan,2002
Metals,814410.25,3590729.03,1.58,2.88,0.50,-3.26,-7.53,2.10,2.42,886,75.85,19.19,2.82,2.14,16.39,0.00,15326.51,3156443.18,422780.82,2.10,2.42,886,75.85,19.19,2.82,2.14,16.39,0.00,15326.51,3156443.18,422780.82,Japan,2002
Minerals,323920.98,34384.76,0.63,0.03,0.22,-0.94,-8.40,0.11,0.01,57,3.51,92.98,1.75,1.75,2.90,0.00,8645.79,9158.21,25206.93,0.11,0.01,57,3.51,92.98,1.75,1.75,2.90,0.00,8645.79,9158.21,25206.93,Japan,2002
Miscellaneous,6815815.09,10161960.43,13.25,8.16,1.30,-0.92,-6.90,3.92,4.83,820,40.73,40.73,10.98,7.56,199.26,0.00,773792.39,4715359.24,5455446.12,3.92,4.83,820,40.73,40.73,10.98,7.56,199.26,0.00,773792.39,4715359.24,5455446.12,Japan,2002
Plastic or Rubber,1482380.95,3277306.99,2.88,2.63,1.27,0.95,-1.83,3.53,3.77,376,75.53,23.67,0.00,0.80,14.00,0.00,0.00,3070361.90,202467.62,3.53,3.77,376,75.53,23.67,0.00,0.80,14.00,0.00,0.00,3070361.90,202467.62,Japan,2002
Stone and Glass,970827.49,903920.60,1.89,0.73,0.68,-1.31,-7.01,3.50,2.97,354,62.99,35.03,0.00,1.98,38.00,0.00,0.00,579357.98,327240.26,3.50,2.97,354,62.99,35.03,0.00,1.98,38.00,0.00,0.00,579357.98,327240.26,Japan,2002
Textiles and Clothing,606610.88,680291.30,1.18,0.55,0.18,-3.82,-7.51,9.84,8.42,1229,89.10,3.42,0.41,7.08,32.50,0.00,596.38,629183.80,51954.74,9.84,8.42,1229,89.10,3.42,0.41,7.08,32.50,0.00,596.38,629183.80,51954.74,Japan,2002
Transportation,5949235.75,47853618.12,11.56,38.42,1.94,8.95,19.01,2.77,2.29,194,52.58,47.42,0.00,0.00,25.00,0.00,0.00,45008709.80,2830016.75,2.77,2.29,194,52.58,47.42,0.00,0.00,25.00,0.00,0.00,45008709.80,2830016.75,Japan,2002
Vegetable,4548160.87,80116.79,8.84,0.06,2.34,-0.17,2.82,3.47,1.29,285,34.39,27.72,0.00,37.89,29.80,0.00,0.00,64568.54,12416.78,3.47,1.29,285,34.39,27.72,0.00,37.89,29.80,0.00,0.00,64568.54,12416.78,Japan,2002
Wood,2044298.81,636063.46,3.97,0.51,1.03,-3.44,-10.46,0.91,0.50,378,64.29,33.86,0.00,1.85,18.00,0.00,0.00,561763.51,74486.14,0.91,0.50,378,64.29,33.86,0.00,1.85,18.00,0.00,0.00,561763.51,74486.14,Japan,2002
All Products,52003765.36,121238585.36,100.00,100.00,1.00,6.57,1.00,3.76,2.00,8237,60.93,30.10,2.02,6.96,225.73,0.00,982744.57,84433264.12,33232823.30,3.76,2.00,8237,60.93,30.10,2.02,6.96,225.73,0.00,982744.57,84433264.12,33232823.30,Japan,2003
Capital goods,21467084.01,56573603.69,41.28,46.66,1.61,6.25,-0.56,1.48,1.20,1558,43.71,55.39,0.58,0.32,25.00,0.00,9907.52,33429015.40,22948682.91,1.48,1.20,1558,43.71,55.39,0.58,0.32,25.00,0.00,9907.52,33429015.40,22948682.91,Japan,2003
Consumer goods,9666106.31,50116262.55,18.59,41.34,0.60,6.50,0.46,4.82,2.40,3038,63.73,23.14,4.08,9.05,225.73,0.00,961276.45,43434448.66,6689099.63,4.82,2.40,3038,63.73,23.14,4.08,9.05,225.73,0.00,961276.45,43434448.66,6689099.63,Japan,2003
Intermediate goods,10185548.66,10656354.73,19.59,8.79,1.17,6.90,3.34,4.35,4.36,3212,69.77,22.07,0.97,7.19,201.04,0.00,7653.50,7409724.32,3381939.37,4.35,4.36,3212,69.77,22.07,0.97,7.19,201.04,0.00,7653.50,7409724.32,3381939.37,Japan,2003
Raw materials,9144856.57,325414.73,17.59,0.27,0.76,7.35,4.69,1.26,0.34,323,23.84,56.66,0.62,18.89,21.99,0.00,3907.11,52194.52,192907.89,1.26,0.34,323,23.84,56.66,0.62,18.89,21.99,0.00,3907.11,52194.52,192907.89,Japan,2003
Animal,3343130.28,139043.47,6.43,0.11,1.41,1.08,6.22,1.23,0.31,108,17.59,68.52,0.93,12.96,70.78,0.00,3.06,18473.36,120562.34,1.23,0.31,108,17.59,68.52,0.93,12.96,70.78,0.00,3.06,18473.36,120562.34,Japan,2003
Chemicals,5884134.77,7922347.29,11.31,6.53,1.71,7.32,4.68,3.14,2.12,1447,64.06,28.33,0.00,7.60,7.97,0.00,0.00,3973139.78,3957460.29,3.14,2.12,1447,64.06,28.33,0.00,7.60,7.97,0.00,0.00,3973139.78,3957460.29,Japan,2003
Food Products,2689563.53,300203.28,5.17,0.25,1.85,2.46,1.19,6.04,7.30,484,47.52,17.98,3.51,30.99,225.73,0.00,30411.58,284303.86,15827.86,6.04,7.30,484,47.52,17.98,3.51,30.99,225.73,0.00,30411.58,284303.86,15827.86,Japan,2003
Footwear,45181.88,31374.74,0.09,0.03,0.07,2.82,-7.36,9.26,1.27,152,67.76,17.76,3.29,11.18,58.57,0.00,26.59,2397.55,29109.52,9.26,1.27,152,67.76,17.76,3.29,11.18,58.57,0.00,26.59,2397.55,29109.52,Japan,2003
Fuels,591687.43,266792.10,1.14,0.22,0.07,11.19,3.43,1.58,2.84,48,10.42,41.67,37.50,10.42,17.42,0.00,92273.88,100485.57,166430.95,1.58,2.84,48,10.42,41.67,37.50,10.42,17.42,0.00,92273.88,100485.57,166430.95,Japan,2003
Hides and Skins,306701.98,13303.77,0.59,0.01,0.31,4.50,1.20,5.13,7.09,141,88.65,10.64,0.00,0.71,20.00,0.00,0.00,13215.19,1.82,5.13,7.09,141,88.65,10.64,0.00,0.71,20.00,0.00,0.00,13215.19,1.82,Japan,2003
Mach and Elec,13058238.60,45573570.09,25.11,37.59,1.20,5.93,-2.67,1.46,1.09,1378,44.70,54.93,0.29,0.07,15.00,0.00,2289.81,24271511.35,21326152.17,1.46,1.09,1378,44.70,54.93,0.29,0.07,15.00,0.00,2289.81,24271511.35,21326152.17,Japan,2003
Metals,937719.79,3515032.73,1.80,2.90,0.46,11.75,1.14,1.97,2.40,874,75.40,19.68,2.86,2.06,17.03,0.00,13178.32,3058316.36,462183.42,1.97,2.40,874,75.40,19.68,2.86,2.06,17.03,0.00,13178.32,3058316.36,462183.42,Japan,2003
Minerals,278514.72,30565.55,0.54,0.03,0.22,6.48,1.82,0.18,0.01,54,1.85,92.59,1.85,3.70,5.13,0.00,3904.05,4105.71,36042.47,0.18,0.01,54,1.85,92.59,1.85,3.70,5.13,0.00,3904.05,4105.71,36042.47,Japan,2003
Miscellaneous,6805800.28,8805814.18,13.09,7.26,1.31,4.11,-0.65,3.74,3.86,808,40.22,41.46,10.89,7.43,201.04,0.00,840120.64,5040655.29,3768225.17,3.74,3.86,808,40.22,41.46,10.89,7.43,201.04,0.00,840120.64,5040655.29,3768225.17,Japan,2003
Plastic or Rubber,1488422.48,3577229.79,2.86,2.95,1.25,8.76,2.18,3.58,3.80,364,76.65,22.53,0.00,0.82,14.00,0.00,0.00,3390160.44,187557.21,3.58,3.80,364,76.65,22.53,0.00,0.82,14.00,0.00,0.00,3390160.44,187557.21,Japan,2003
Stone and Glass,1043458.36,861292.87,2.01,0.71,0.74,2.06,0.75,3.26,2.88,357,61.62,36.41,0.00,1.96,38.00,0.00,0.00,549321.05,312349.07,3.26,2.88,357,61.62,36.41,0.00,1.96,38.00,0.00,0.00,549321.05,312349.07,Japan,2003
Textiles and Clothing,601305.98,773579.54,1.16,0.64,0.17,5.24,-2.91,9.53,8.15,1223,89.86,3.35,0.57,6.21,32.30,0.00,536.65,728618.02,44997.24,9.53,8.15,1223,89.86,3.35,0.57,6.21,32.30,0.00,536.65,728618.02,44997.24,Japan,2003
Transportation,6713387.18,45131718.47,12.91,37.23,2.14,6.70,6.25,2.42,2.28,192,51.56,48.44,0.00,0.00,25.00,0.00,0.00,42351480.66,2725298.44,2.42,2.28,192,51.56,48.44,0.00,0.00,25.00,0.00,0.00,42351480.66,2725298.44,Japan,2003
Vegetable,4775714.42,81561.06,9.18,0.07,2.63,5.25,5.81,3.39,1.49,263,34.98,26.62,0.00,38.40,29.80,0.00,0.00,66224.69,12332.33,3.39,1.49,263,34.98,26.62,0.00,38.40,29.80,0.00,0.00,66224.69,12332.33,Japan,2003
Wood,1912972.39,651308.33,3.68,0.54,1.02,4.76,-1.23,0.74,0.26,345,64.06,33.62,0.00,2.32,18.00,0.00,0.00,582025.44,68293.01,0.74,0.26,345,64.06,33.62,0.00,2.32,18.00,0.00,0.00,582025.44,68293.01,Japan,2003
All Products,53568570.37,133551796.81,100.00,100.00,1.00,8.96,3.04,3.67,1.91,8326,55.55,36.98,2.11,5.36,205.62,0.00,1000885.32,90712117.71,38905582.62,3.67,1.91,8326,55.55,36.98,2.11,5.36,205.62,0.00,1000885.32,90712117.71,38905582.62,Japan,2004
Capital goods,18994915.43,65952226.10,35.46,49.38,1.63,9.05,3.73,1.50,1.25,1553,43.85,55.25,0.58,0.32,25.00,0.00,12046.18,39214899.90,26483148.61,1.50,1.25,1553,43.85,55.25,0.58,0.32,25.00,0.00,12046.18,39214899.90,26483148.61,Japan,2004
Consumer goods,9998801.82,51581345.14,18.67,38.62,0.62,6.56,2.52,4.84,2.43,3112,59.93,26.86,4.18,9.03,205.62,0.00,967995.26,44452022.60,6965437.08,4.84,2.43,3112,59.93,26.86,4.18,9.03,205.62,0.00,967995.26,44452022.60,6965437.08,Japan,2004
Intermediate goods,9891900.48,11902627.84,18.47,8.91,1.16,11.30,4.77,4.07,3.32,3227,59.34,36.50,1.12,3.04,196.16,0.00,12361.37,6835979.25,5198663.43,4.07,3.32,3227,59.34,36.50,1.12,3.04,196.16,0.00,12361.37,6835979.25,5198663.43,Japan,2004
Raw materials,8860121.27,391075.29,16.54,0.29,0.72,10.35,1.17,1.23,0.34,328,24.09,57.01,0.30,18.60,21.94,0.00,8482.51,62058.66,208703.27,1.23,0.34,328,24.09,57.01,0.30,18.60,21.94,0.00,8482.51,62058.66,208703.27,Japan,2004
Animal,2227751.33,115915.81,4.16,0.09,1.01,3.72,-16.88,1.52,0.48,104,23.08,72.12,0.00,4.81,109.56,0.00,0.00,21556.60,94199.66,1.52,0.48,104,23.08,72.12,0.00,4.81,109.56,0.00,0.00,21556.60,94199.66,Japan,2004
Chemicals,6549273.37,8114250.75,12.23,6.08,1.82,7.62,4.99,2.96,2.15,1466,69.85,29.40,0.00,0.75,7.51,0.00,0.00,4257829.97,3857004.34,2.96,2.15,1466,69.85,29.40,0.00,0.75,7.51,0.00,0.00,4257829.97,3857004.34,Japan,2004
Food Products,2656843.79,342480.21,4.96,0.26,1.95,6.92,3.64,6.16,7.72,510,46.47,17.45,3.14,32.94,205.62,0.00,60555.65,332376.10,9687.28,6.16,7.72,510,46.47,17.45,3.14,32.94,205.62,0.00,60555.65,332376.10,9687.28,Japan,2004
Footwear,48449.81,35022.79,0.09,0.03,0.08,2.96,1.34,10.51,1.20,146,69.18,16.44,2.74,11.64,57.48,0.00,41.42,2804.80,32215.39,10.51,1.20,146,69.18,16.44,2.74,11.64,57.48,0.00,41.42,2804.80,32215.39,Japan,2004
Fuels,912054.99,356425.68,1.70,0.27,0.11,10.70,36.20,1.62,3.87,47,10.64,40.43,38.30,10.64,16.49,0.00,169130.11,178943.96,177505.09,1.62,3.87,47,10.64,40.43,38.30,10.64,16.49,0.00,169130.11,178943.96,177505.09,Japan,2004
Hides and Skins,307521.85,17438.54,0.57,0.01,0.31,5.77,-0.57,5.02,7.08,137,86.86,12.41,0.00,0.73,20.00,0.00,0.00,17442.13,3.65,5.02,7.08,137,86.86,12.41,0.00,0.73,20.00,0.00,0.00,17442.13,3.65,Japan,2004
Mach and Elec,12804584.27,52051129.84,23.90,38.97,1.21,9.16,3.72,1.47,1.10,1368,45.03,54.61,0.29,0.07,15.00,0.00,1912.55,27760326.34,24273932.96,1.47,1.10,1368,45.03,54.61,0.29,0.07,15.00,0.00,1912.55,27760326.34,24273932.96,Japan,2004
Metals,1036436.51,4137840.90,1.93,3.10,0.42,18.88,8.06,1.75,2.12,871,42.37,52.70,3.44,1.49,15.00,0.00,22344.35,2383945.42,1753513.37,1.75,2.12,871,42.37,52.70,3.44,1.49,15.00,0.00,22344.35,2383945.42,1753513.37,Japan,2004
Minerals,330016.50,35963.54,0.62,0.03,0.23,15.46,12.15,0.23,0.01,59,5.08,89.83,1.69,3.39,3.00,0.00,8482.51,8807.91,27250.01,0.23,0.01,59,5.08,89.83,1.69,3.39,3.00,0.00,8482.51,8807.91,27250.01,Japan,2004
Miscellaneous,7240956.80,9780930.03,13.52,7.32,1.38,8.04,4.64,3.78,2.66,825,40.36,40.48,11.64,7.52,196.16,0.00,737835.17,5703495.83,4082489.48,3.78,2.66,825,40.36,40.48,11.64,7.52,196.16,0.00,737835.17,5703495.83,4082489.48,Japan,2004
Plastic or Rubber,1725108.10,3976314.66,3.22,2.98,1.23,9.84,2.76,3.55,3.80,368,77.45,22.55,0.00,0.00,14.00,0.00,0.00,3769931.68,210220.90,3.55,3.80,368,77.45,22.55,0.00,0.00,14.00,0.00,0.00,3769931.68,210220.90,Japan,2004
Stone and Glass,1260201.22,1009043.94,2.35,0.76,0.86,13.05,14.94,3.32,2.55,352,61.93,36.08,0.00,1.99,38.00,0.00,0.00,630199.04,378461.78,3.32,2.55,352,61.93,36.08,0.00,1.99,38.00,0.00,0.00,630199.04,378461.78,Japan,2004
Textiles and Clothing,609653.01,923091.87,1.14,0.69,0.18,5.29,2.95,9.19,7.83,1247,83.24,12.11,0.56,4.09,32.00,0.00,583.55,831347.25,97815.00,9.19,7.83,1247,83.24,12.11,0.56,4.09,32.00,0.00,583.55,831347.25,97815.00,Japan,2004
Transportation,2861375.87,48115557.15,5.34,36.03,2.11,4.96,-1.44,2.57,2.29,192,53.13,46.88,0.00,0.00,25.00,0.00,0.00,44737053.53,3172613.56,2.57,2.29,192,53.13,46.88,0.00,0.00,25.00,0.00,0.00,44737053.53,3172613.56,Japan,2004
Vegetable,5198267.60,86963.47,9.70,0.07,2.91,7.30,6.79,2.91,1.15,265,35.85,25.66,0.00,38.49,31.69,0.00,0.00,65133.33,17564.39,2.91,1.15,265,35.85,25.66,0.00,38.49,31.69,0.00,0.00,65133.33,17564.39,Japan,2004
Wood,1993844.94,732687.13,3.72,0.55,1.02,7.20,1.51,0.52,0.04,370,15.14,84.59,0.00,0.27,18.00,0.00,0.00,10923.83,722576.53,0.52,0.04,370,15.14,84.59,0.00,0.27,18.00,0.00,0.00,10923.83,722576.53,Japan,2004
All Products,54679310.63,141861457.38,100.00,100.00,1.00,6.45,1.33,3.67,1.80,8306,56.02,36.83,2.17,4.98,190.39,0.00,1182744.01,95833000.85,42121231.65,3.67,1.80,8306,56.02,36.83,2.17,4.98,190.39,0.00,1182744.01,95833000.85,42121231.65,Japan,2005
Capital goods,18633077.31,69876916.13,34.08,49.26,1.72,3.53,1.30,1.47,1.25,1571,43.86,55.12,0.70,0.32,25.00,0.00,11858.18,41556056.33,28019536.46,1.47,1.25,1571,43.86,55.12,0.70,0.32,25.00,0.00,11858.18,41556056.33,28019536.46,Japan,2005
Consumer goods,10628063.36,54597995.72,19.44,38.49,0.68,5.18,4.72,4.83,2.37,3071,60.60,26.73,4.23,8.43,181.30,0.00,1128512.86,47049630.91,7642335.71,4.83,2.37,3071,60.60,26.73,4.23,8.43,181.30,0.00,1128512.86,47049630.91,7642335.71,Japan,2005
Intermediate goods,10577839.70,12934705.92,19.35,9.12,1.25,3.93,2.75,4.13,2.28,3261,59.95,35.94,1.17,2.94,190.39,0.00,16504.04,6935332.58,6201382.85,4.13,2.28,3261,59.95,35.94,1.17,2.94,190.39,0.00,16504.04,6935332.58,6201382.85,Japan,2005
Raw materials,8385958.41,459115.53,15.34,0.32,0.58,12.10,-4.08,0.92,0.38,297,21.21,60.61,0.34,17.85,26.40,0.00,25868.93,87788.54,195931.60,0.92,0.38,297,21.21,60.61,0.34,17.85,26.40,0.00,25868.93,87788.54,195931.60,Japan,2005
Animal,2417759.68,155828.96,4.42,0.11,1.16,0.73,2.56,1.06,0.29,109,22.02,71.56,0.00,6.42,26.40,0.00,0.00,23917.15,132148.13,1.06,0.29,109,22.02,71.56,0.00,6.42,26.40,0.00,0.00,23917.15,132148.13,Japan,2005
Chemicals,6841812.18,8238682.43,12.51,5.81,1.88,4.68,1.40,2.99,2.15,1468,70.16,28.95,0.00,0.89,7.25,0.00,0.00,4378748.76,3876591.71,2.99,2.15,1468,70.16,28.95,0.00,0.89,7.25,0.00,0.00,4378748.76,3876591.71,Japan,2005
Food Products,2711748.68,342550.88,4.96,0.24,2.22,3.87,5.62,6.05,7.21,481,47.40,17.46,3.74,31.39,181.30,0.00,57668.47,335202.66,7742.96,6.05,7.21,481,47.40,17.46,3.74,31.39,181.30,0.00,57668.47,335202.66,7742.96,Japan,2005
Footwear,49122.69,33125.04,0.09,0.02,0.08,4.89,1.38,8.83,1.36,146,67.81,18.49,3.42,10.27,56.02,0.00,25.68,3439.42,29688.21,8.83,1.36,146,67.81,18.49,3.42,10.27,56.02,0.00,25.68,3439.42,29688.21,Japan,2005
Fuels,683675.53,590080.50,1.25,0.42,0.08,15.67,-8.98,1.77,4.50,45,11.11,37.78,40.00,11.11,16.10,0.00,350901.36,367950.79,222111.34,1.77,4.50,45,11.11,37.78,40.00,11.11,16.10,0.00,350901.36,367950.79,222111.34,Japan,2005
Hides and Skins,291357.77,18005.21,0.53,0.01,0.27,3.56,-7.85,4.86,6.78,135,85.93,13.33,0.00,0.74,20.00,0.00,0.00,18063.87,51.28,4.86,6.78,135,85.93,13.33,0.00,0.74,20.00,0.00,0.00,18063.87,51.28,Japan,2005
Mach and Elec,12505949.48,54869671.41,22.87,38.68,1.26,3.33,0.11,1.47,1.12,1385,45.05,54.58,0.29,0.07,15.00,0.00,1223.78,29406263.23,25484728.53,1.47,1.12,1385,45.05,54.58,0.29,0.07,15.00,0.00,1223.78,29406263.23,25484728.53,Japan,2005
Metals,1225780.88,4476254.16,2.24,3.16,0.50,6.65,9.80,1.76,1.92,873,41.70,53.38,3.44,1.49,15.00,0.00,24244.89,2284440.46,2195721.58,1.76,1.92,873,41.70,53.38,3.44,1.49,15.00,0.00,24244.89,2284440.46,2195721.58,Japan,2005
Minerals,414761.36,54792.10,0.76,0.04,0.25,17.06,14.22,0.05,0.01,54,1.85,94.44,1.85,1.85,2.90,0.00,25868.93,26155.85,28636.22,0.05,0.01,54,1.85,94.44,1.85,1.85,2.90,0.00,25868.93,26155.85,28636.22,Japan,2005
Miscellaneous,7789679.63,10246130.19,14.25,7.22,1.70,5.82,12.03,3.61,1.35,818,40.71,39.98,11.86,7.46,190.39,0.00,722035.84,5375353.22,4880260.37,3.61,1.35,818,40.71,39.98,11.86,7.46,190.39,0.00,722035.84,5375353.22,4880260.37,Japan,2005
Plastic or Rubber,1924999.99,4319870.68,3.52,3.05,1.26,6.58,2.82,3.55,3.79,368,77.45,22.55,0.00,0.00,14.00,0.00,0.00,4076890.18,242983.00,3.55,3.79,368,77.45,22.55,0.00,0.00,14.00,0.00,0.00,4076890.18,242983.00,Japan,2005
Stone and Glass,1481458.91,955889.17,2.71,0.67,0.97,4.34,5.72,3.35,2.43,345,62.32,35.65,0.00,2.03,38.00,0.00,0.00,548555.61,408134.95,3.35,2.43,345,62.32,35.65,0.00,2.03,38.00,0.00,0.00,548555.61,408134.95,Japan,2005
Textiles and Clothing,649457.97,700152.01,1.19,0.49,0.19,1.55,0.27,9.28,6.42,1301,84.09,11.30,0.54,4.07,32.00,0.00,775.04,582754.99,118148.58,9.28,6.42,1301,84.09,11.30,0.54,4.07,32.00,0.00,775.04,582754.99,118148.58,Japan,2005
Transportation,2592224.74,52035824.34,4.74,36.68,2.38,2.62,3.62,2.20,2.24,197,51.78,48.22,0.00,0.00,25.00,0.00,0.00,48320374.21,3750289.35,2.20,2.24,197,51.78,48.22,0.00,0.00,25.00,0.00,0.00,48320374.21,3750289.35,Japan,2005
Vegetable,4738090.19,88057.12,8.67,0.06,3.07,-2.38,-4.54,2.59,1.23,224,34.82,27.23,0.00,37.95,29.80,0.00,0.00,67753.08,15876.94,2.59,1.23,224,34.82,27.23,0.00,37.95,29.80,0.00,0.00,67753.08,15876.94,Japan,2005
Wood,1940622.03,747703.21,3.55,0.53,1.12,-2.66,-2.99,0.53,0.05,358,15.36,84.36,0.00,0.28,18.00,0.00,0.00,17137.38,729735.34,0.53,0.05,358,15.36,84.36,0.00,0.28,18.00,0.00,0.00,17137.38,729735.34,Japan,2005
All Products,59647551.30,152244039.82,100.00,100.00,1.00,5.95,3.00,3.67,1.85,8379,55.89,36.77,2.14,5.20,166.32,0.00,1705357.31,104425444.73,43261787.81,3.67,1.85,8379,55.89,36.77,2.14,5.20,166.32,0.00,1705357.31,104425444.73,43261787.81,Japan,2006
Capital goods,24773885.96,71044412.02,41.53,46.66,1.83,4.59,4.91,1.47,1.26,1568,43.94,55.23,0.51,0.32,25.00,0.00,14999.35,41560407.16,29136204.25,1.47,1.26,1568,43.94,55.23,0.51,0.32,25.00,0.00,14999.35,41560407.16,29136204.25,Japan,2006
Consumer goods,11407909.63,62205590.51,19.13,40.86,0.67,4.85,1.67,4.71,2.46,3073,59.97,26.85,4.20,8.98,166.32,0.00,1630835.45,55611883.79,6666674.95,4.71,2.46,3073,59.97,26.85,4.20,8.98,166.32,0.00,1630835.45,55611883.79,6666674.95,Japan,2006
Intermediate goods,12827629.15,13845580.48,21.51,9.09,1.29,5.86,4.23,4.19,2.09,3316,60.04,35.74,1.24,2.99,162.63,0.00,19620.65,6910736.87,7129248.25,4.19,2.09,3316,60.04,35.74,1.24,2.99,162.63,0.00,19620.65,6910736.87,7129248.25,Japan,2006
Raw materials,8969133.77,589630.36,15.04,0.39,0.51,8.23,-0.99,0.96,0.52,309,22.98,58.90,0.32,17.80,26.40,0.00,39901.86,115779.65,222396.20,0.96,0.52,309,22.98,58.90,0.32,17.80,26.40,0.00,39901.86,115779.65,222396.20,Japan,2006
Animal,2267566.01,182000.47,3.80,0.12,1.17,-5.20,-7.31,1.10,0.51,107,22.43,71.03,0.00,6.54,26.40,0.00,0.00,34359.30,147641.17,1.10,0.51,107,22.43,71.03,0.00,6.54,26.40,0.00,0.00,34359.30,147641.17,Japan,2006
Chemicals,7290864.89,7712900.98,12.22,5.07,2.00,3.61,3.78,3.00,2.22,1468,70.50,28.81,0.00,0.68,7.12,0.00,0.00,4292186.16,3424247.20,3.00,2.22,1468,70.50,28.81,0.00,0.68,7.12,0.00,0.00,4292186.16,3424247.20,Japan,2006
Food Products,2729311.56,342883.78,4.58,0.23,2.24,2.48,-0.04,7.06,6.86,516,48.06,16.86,3.88,31.20,166.32,0.00,50915.05,334328.54,8555.23,7.06,6.86,516,48.06,16.86,3.88,31.20,166.32,0.00,50915.05,334328.54,8555.23,Japan,2006
Footwear,46990.01,40484.75,0.08,0.03,0.08,2.95,1.48,8.46,1.08,147,66.67,19.05,3.40,10.88,54.93,0.00,27.59,3402.10,37082.65,8.46,1.08,147,66.67,19.05,3.40,10.88,54.93,0.00,27.59,3402.10,37082.65,Japan,2006
Fuels,602491.03,1113452.83,1.01,0.73,0.06,10.22,-8.25,1.33,5.80,50,10.00,44.00,36.00,10.00,15.55,0.00,889577.22,906629.20,206823.64,1.33,5.80,50,10.00,44.00,36.00,10.00,15.55,0.00,889577.22,906629.20,206823.64,Japan,2006
Hides and Skins,319415.71,19390.82,0.54,0.01,0.29,2.81,3.70,4.55,6.28,158,84.81,14.56,0.00,0.63,20.00,0.00,0.00,19266.76,124.05,4.55,6.28,158,84.81,14.56,0.00,0.63,20.00,0.00,0.00,19266.76,124.05,Japan,2006
Mach and Elec,14481869.84,55400007.49,24.28,36.39,1.38,3.79,5.63,1.47,1.10,1388,45.03,54.61,0.29,0.07,15.00,0.00,1134.42,28825677.36,26574330.13,1.47,1.10,1388,45.03,54.61,0.29,0.07,15.00,0.00,1134.42,28825677.36,26574330.13,Japan,2006
Metals,1584133.49,5290778.18,2.66,3.48,0.56,9.10,12.99,1.70,1.89,879,40.84,54.27,3.30,1.59,15.00,0.00,22331.56,2539865.90,2750912.28,1.70,1.89,879,40.84,54.27,3.30,1.59,15.00,0.00,22331.56,2539865.90,2750912.28,Japan,2006
Minerals,632523.13,71539.94,1.06,0.05,0.27,18.62,20.22,0.16,0.01,50,4.00,90.00,2.00,4.00,3.00,0.00,39901.86,40327.37,31212.57,0.16,0.01,50,4.00,90.00,2.00,4.00,3.00,0.00,39901.86,40327.37,31212.57,Japan,2006
Miscellaneous,8253993.95,9823895.66,13.84,6.45,1.72,6.09,3.62,3.53,1.35,824,40.53,40.41,11.53,7.52,162.63,0.00,700786.11,5296982.62,4526913.04,3.53,1.35,824,40.53,40.41,11.53,7.52,162.63,0.00,700786.11,5296982.62,4526913.04,Japan,2006
Plastic or Rubber,2029116.90,4435121.05,3.40,2.91,1.25,7.26,4.06,3.59,3.74,367,77.93,22.07,0.00,0.00,14.00,0.00,0.00,4162637.23,272483.83,3.59,3.74,367,77.93,22.07,0.00,0.00,14.00,0.00,0.00,4162637.23,272483.83,Japan,2006
Stone and Glass,2187908.85,993240.40,3.67,0.65,1.01,9.57,8.57,3.15,2.23,342,61.40,36.55,0.00,2.05,38.00,0.00,0.00,533163.18,460077.21,3.15,2.23,342,61.40,36.55,0.00,2.05,38.00,0.00,0.00,533163.18,460077.21,Japan,2006
Textiles and Clothing,637287.43,701542.79,1.07,0.46,0.19,2.89,-1.49,9.09,6.32,1298,83.51,11.48,0.54,4.47,32.00,0.00,683.49,586268.76,115274.04,9.09,6.32,1298,83.51,11.48,0.54,4.47,32.00,0.00,683.49,586268.76,115274.04,Japan,2006
Transportation,7701222.41,60766631.39,12.91,39.91,2.48,1.77,1.10,2.26,2.30,193,51.81,48.19,0.00,0.00,25.00,0.00,0.00,56761758.72,4004872.68,2.26,2.30,193,51.81,48.19,0.00,0.00,25.00,0.00,0.00,56761758.72,4004872.68,Japan,2006
Vegetable,5255291.06,97029.40,8.81,0.06,3.29,-0.56,0.02,2.48,1.59,232,33.19,28.02,0.00,38.79,29.80,0.00,0.00,79703.19,13800.63,2.48,1.59,232,33.19,28.02,0.00,38.79,29.80,0.00,0.00,79703.19,13800.63,Japan,2006
Wood,1994370.09,697575.76,3.34,0.46,1.12,3.07,0.51,0.62,0.03,361,17.17,82.27,0.00,0.55,18.00,0.00,0.00,8888.34,688687.42,0.62,0.03,361,17.17,82.27,0.00,0.55,18.00,0.00,0.00,8888.34,688687.42,Japan,2006
All Products,62663665.28,149423010.12,100.00,100.00,1.00,3.66,2.16,3.57,1.02,7249,51.22,40.83,2.47,5.48,140.43,0.00,3023645.73,88268247.89,56881985.76,3.57,1.02,7249,51.22,40.83,2.47,5.48,140.43,0.00,3023645.73,88268247.89,56881985.76,Japan,2007
Capital goods,24679966.90,67526600.28,39.38,45.19,1.80,2.04,-0.38,1.07,0.57,1135,31.28,67.67,0.70,0.35,16.00,0.00,9936.11,25365027.98,41836678.54,1.07,0.57,1135,31.28,67.67,0.70,0.35,16.00,0.00,9936.11,25365027.98,41836678.54,Japan,2007
Consumer goods,11373982.98,62177384.24,18.15,41.61,0.64,3.35,-0.66,4.90,2.12,2865,58.05,28.48,4.82,8.66,137.21,0.00,2928319.31,55710961.36,6547820.87,4.90,2.12,2865,58.05,28.48,4.82,8.66,137.21,0.00,2928319.31,55710961.36,6547820.87,Japan,2007
Intermediate goods,14350650.08,14683132.30,22.90,9.83,1.24,5.74,2.47,3.94,1.63,2826,54.35,41.54,1.06,3.04,140.43,0.00,9720.15,6783310.20,8051589.27,3.94,1.63,2826,54.35,41.54,1.06,3.04,140.43,0.00,9720.15,6783310.20,8051589.27,Japan,2007
Raw materials,10720358.47,759954.95,17.11,0.51,0.60,4.00,11.12,1.16,0.72,313,23.32,57.19,0.96,18.53,29.80,0.00,75670.16,156987.80,228660.65,1.16,0.72,313,23.32,57.19,0.96,18.53,29.80,0.00,75670.16,156987.80,228660.65,Japan,2007
Animal,2426625.62,202089.41,3.87,0.14,1.31,-0.35,4.09,1.77,0.99,121,24.79,61.16,2.48,11.57,115.91,0.00,5.88,46972.67,155116.75,1.77,0.99,121,24.79,61.16,2.48,11.57,115.91,0.00,5.88,46972.67,155116.75,Japan,2007
Chemicals,7988763.15,8328488.62,12.75,5.57,2.02,5.41,4.43,2.59,1.62,1085,60.83,38.16,0.00,1.01,6.65,0.00,0.00,4176674.48,4155216.13,2.59,1.62,1085,60.83,38.16,0.00,1.01,6.65,0.00,0.00,4176674.48,4155216.13,Japan,2007
Food Products,2666228.43,355685.30,4.25,0.24,1.99,1.15,-5.96,5.99,7.12,404,41.58,21.04,7.18,30.20,137.21,0.00,50145.01,345531.71,10153.59,5.99,7.12,404,41.58,21.04,7.18,30.20,137.21,0.00,50145.01,345531.71,10153.59,Japan,2007
Footwear,50913.99,38133.72,0.08,0.03,0.08,3.05,1.01,8.71,0.94,166,65.66,18.67,3.61,12.05,54.59,0.00,590.68,2984.20,35149.52,8.71,0.94,166,65.66,18.67,3.61,12.05,54.59,0.00,590.68,2984.20,35149.52,Japan,2007
Fuels,535912.38,1419827.13,0.86,0.95,0.05,3.36,-1.41,1.50,5.87,47,10.64,38.30,42.55,8.51,18.92,0.00,1191891.92,1215808.73,204018.40,1.50,5.87,47,10.64,38.30,42.55,8.51,18.92,0.00,1191891.92,1215808.73,204018.40,Japan,2007
Hides and Skins,327012.41,21163.94,0.52,0.01,0.26,1.94,-5.55,5.01,6.46,144,86.11,13.19,0.00,0.69,20.00,0.00,0.00,21126.63,37.30,5.01,6.46,144,86.11,13.19,0.00,0.69,20.00,0.00,0.00,21126.63,37.30,Japan,2007
Mach and Elec,13826073.91,53163710.93,22.06,35.58,1.33,2.78,-0.38,1.08,0.58,993,32.93,66.67,0.40,0.00,12.50,0.00,788722.22,19728145.37,33442933.43,1.08,0.58,993,32.93,66.67,0.40,0.00,12.50,0.00,788722.22,19728145.37,33442933.43,Japan,2007
Metals,2023245.72,5109885.38,3.23,3.42,0.57,11.26,10.23,1.48,1.56,808,36.39,58.29,3.59,1.73,15.00,0.00,22478.68,2117832.78,2992052.59,1.48,1.56,808,36.39,58.29,3.59,1.73,15.00,0.00,22478.68,2117832.78,2992052.59,Japan,2007
Minerals,677330.86,89897.45,1.08,0.06,0.28,9.97,10.69,0.13,0.00,51,3.92,92.16,1.96,1.96,3.00,0.00,58347.02,58797.60,31099.85,0.13,0.00,51,3.92,92.16,1.96,1.96,3.00,0.00,58347.02,58797.60,31099.85,Japan,2007
Miscellaneous,9547994.05,13767242.40,15.24,9.21,1.66,0.89,-2.43,3.21,1.26,688,37.06,44.04,11.48,7.41,140.43,0.00,910959.25,5052891.85,4441574.09,3.21,1.26,688,37.06,44.04,11.48,7.41,140.43,0.00,910959.25,5052891.85,4441574.09,Japan,2007
Plastic or Rubber,2047902.65,4199891.73,3.27,2.81,1.25,3.60,1.75,3.26,3.59,289,71.63,28.37,0.00,0.00,14.00,0.00,0.00,3839270.60,353253.26,3.26,3.59,289,71.63,28.37,0.00,0.00,14.00,0.00,0.00,3839270.60,353253.26,Japan,2007
Stone and Glass,2854392.74,1081798.43,4.56,0.72,1.04,3.97,4.26,3.29,1.72,328,61.59,37.50,0.00,0.91,38.00,0.00,0.00,484894.02,596904.41,3.29,1.72,328,61.59,37.50,0.00,0.91,38.00,0.00,0.00,484894.02,596904.41,Japan,2007
Textiles and Clothing,576517.29,757261.32,0.92,0.51,0.15,0.42,-9.76,9.29,6.13,1338,83.48,11.58,0.60,4.33,32.00,0.00,505.08,615569.62,141691.69,9.29,6.13,1338,83.48,11.58,0.60,4.33,32.00,0.00,505.08,615569.62,141691.69,Japan,2007
Transportation,8737207.13,60093066.17,13.94,40.22,2.59,5.20,5.97,1.23,0.38,152,32.24,67.76,0.00,0.00,11.00,0.00,0.00,50471574.65,9621491.52,1.23,0.38,152,32.24,67.76,0.00,0.00,11.00,0.00,0.00,50471574.65,9621491.52,Japan,2007
Vegetable,6481266.47,98086.56,10.34,0.07,3.70,9.24,14.18,3.08,1.65,249,34.94,26.10,0.00,38.96,29.80,0.00,0.00,81145.81,13538.76,3.08,1.65,249,34.94,26.10,0.00,38.96,29.80,0.00,0.00,81145.81,13538.76,Japan,2007
Wood,1896278.46,696781.64,3.03,0.47,1.14,0.00,-0.74,0.72,0.03,386,19.95,79.79,0.00,0.26,18.00,0.00,0.00,9027.17,687754.47,0.72,0.03,386,19.95,79.79,0.00,0.26,18.00,0.00,0.00,9027.17,687754.47,Japan,2007
All Products,66573421.90,143351759.16,100.00,100.00,1.00,10.70,4.41,3.75,1.89,8396,57.00,35.73,2.29,4.98,350.00,0.00,2142603.06,96234990.46,43437611.32,3.75,1.89,8396,57.00,35.73,2.29,4.98,350.00,0.00,2142603.06,96234990.46,43437611.32,Japan,2008
Capital goods,23500437.18,65050323.94,35.30,45.38,1.82,2.68,-2.53,1.58,1.18,1482,47.17,51.82,0.67,0.34,25.00,0.00,9561.37,35217656.45,29547192.79,1.58,1.18,1482,47.17,51.82,0.67,0.34,25.00,0.00,9561.37,35217656.45,29547192.79,Japan,2008
Consumer goods,11773067.72,58457842.16,17.68,40.78,0.62,9.63,2.03,4.95,2.42,3157,61.20,25.97,4.56,8.27,350.00,0.00,1970622.59,53045978.86,5503144.35,4.95,2.42,3157,61.20,25.97,4.56,8.27,350.00,0.00,1970622.59,53045978.86,5503144.35,Japan,2008
Intermediate goods,15692590.59,15435147.93,23.57,10.77,1.37,6.88,5.91,4.21,2.83,3313,60.04,35.95,1.12,2.90,252.84,0.00,57938.12,7545282.54,7991438.98,4.21,2.83,3313,60.04,35.95,1.12,2.90,252.84,0.00,57938.12,7545282.54,7991438.98,Japan,2008
Raw materials,14225229.14,726284.04,21.37,0.51,0.67,19.31,18.65,0.99,0.54,332,24.10,59.04,0.30,16.57,29.80,0.00,104480.98,182842.93,249916.16,0.99,0.54,332,24.10,59.04,0.30,16.57,29.80,0.00,104480.98,182842.93,249916.16,Japan,2008
Animal,2989141.83,231089.70,4.49,0.16,1.72,7.94,16.36,0.92,0.69,113,23.89,70.80,0.00,5.31,26.40,0.00,0.00,41552.81,189536.88,0.92,0.69,113,23.89,70.80,0.00,5.31,26.40,0.00,0.00,41552.81,189536.88,Japan,2008
Chemicals,9138365.04,8404093.32,13.73,5.86,2.09,9.28,4.77,2.91,2.19,1460,70.27,28.90,0.00,0.82,6.50,0.00,0.00,4610283.49,3797108.28,2.91,2.19,1460,70.27,28.90,0.00,0.82,6.50,0.00,0.00,4610283.49,3797108.28,Japan,2008
Food Products,2593991.88,401904.93,3.90,0.28,2.03,3.02,-1.91,7.63,5.96,498,46.99,17.67,6.63,28.71,350.00,0.00,57472.08,381274.12,20630.81,7.63,5.96,498,46.99,17.67,6.63,28.71,350.00,0.00,57472.08,381274.12,20630.81,Japan,2008
Footwear,75611.47,47298.68,0.11,0.03,0.11,5.26,14.89,8.52,0.91,166,64.46,19.88,3.61,12.05,52.59,0.00,728.48,3995.39,43303.29,8.52,0.91,166,64.46,19.88,3.61,12.05,52.59,0.00,728.48,3995.39,43303.29,Japan,2008
Fuels,1321069.43,781282.85,1.98,0.55,0.07,24.49,38.67,1.32,3.74,48,10.42,41.67,37.50,10.42,17.58,0.00,410877.33,442753.97,338528.88,1.32,3.74,48,10.42,41.67,37.50,10.42,17.58,0.00,410877.33,442753.97,338528.88,Japan,2008
Hides and Skins,264185.01,18322.90,0.40,0.01,0.22,2.30,-11.46,5.09,6.15,143,86.71,12.59,0.00,0.70,20.00,0.00,0.00,18247.08,75.82,5.09,6.15,143,86.71,12.59,0.00,0.70,20.00,0.00,0.00,18247.08,75.82,Japan,2008
Mach and Elec,13077445.17,51889389.48,19.64,36.20,1.31,2.79,-3.85,1.51,1.15,1299,48.50,51.12,0.31,0.08,15.00,0.00,724379.37,25202935.24,26696511.12,1.51,1.15,1299,48.50,51.12,0.31,0.08,15.00,0.00,724379.37,25202935.24,26696511.12,Japan,2008
Metals,2105604.30,5379832.81,3.16,3.75,0.62,3.98,2.61,1.76,1.78,905,42.21,52.82,3.54,1.44,15.00,0.00,70653.30,2366928.98,3012903.83,1.76,1.78,905,42.21,52.82,3.54,1.44,15.00,0.00,70653.30,2366928.98,3012903.83,Japan,2008
Minerals,741072.20,141024.73,1.11,0.10,0.32,6.42,7.87,0.23,0.02,60,6.67,90.00,1.67,1.67,3.00,0.00,104480.98,107782.06,33242.66,0.23,0.02,60,6.67,90.00,1.67,1.67,3.00,0.00,104480.98,107782.06,33242.66,Japan,2008
Miscellaneous,9563289.15,13004715.35,14.37,9.07,1.86,2.93,2.91,3.81,2.85,786,41.60,39.06,12.09,7.25,252.84,0.00,773657.12,5402804.67,3922753.30,3.81,2.85,786,41.60,39.06,12.09,7.25,252.84,0.00,773657.12,5402804.67,3922753.30,Japan,2008
Plastic or Rubber,2279407.55,4315492.34,3.42,3.01,1.28,10.03,5.19,3.55,3.72,372,77.42,22.58,0.00,0.00,14.00,0.00,0.00,4014330.42,291105.04,3.55,3.72,372,77.42,22.58,0.00,0.00,14.00,0.00,0.00,4014330.42,291105.04,Japan,2008
Stone and Glass,2385961.99,1026689.62,3.58,0.72,1.15,8.58,7.59,3.35,1.89,363,63.91,34.16,0.00,1.93,38.00,0.00,0.00,486014.49,540675.13,3.35,1.89,363,63.91,34.16,0.00,1.93,38.00,0.00,0.00,486014.49,540675.13,Japan,2008
Textiles and Clothing,616126.90,734276.27,0.93,0.51,0.16,3.85,0.39,9.19,5.94,1357,84.01,11.72,0.22,4.05,32.00,0.00,354.39,612679.76,121596.51,9.19,5.94,1357,84.01,11.72,0.22,4.05,32.00,0.00,354.39,612679.76,121596.51,Japan,2008
Transportation,8387257.37,56134842.05,12.60,39.16,2.92,1.96,2.00,2.72,2.18,209,50.72,49.28,0.00,0.00,25.00,0.00,0.00,52437618.86,3697223.18,2.72,2.18,209,50.72,49.28,0.00,0.00,25.00,0.00,0.00,52437618.86,3697223.18,Japan,2008
Vegetable,8986877.22,114088.48,13.50,0.08,4.43,16.22,20.03,2.69,1.92,255,35.69,27.45,0.00,36.86,29.80,0.00,0.00,95650.24,15139.78,2.69,1.92,255,35.69,27.45,0.00,36.86,29.80,0.00,0.00,95650.24,15139.78,Japan,2008
Wood,2048015.39,727415.65,3.08,0.51,1.36,-0.61,2.41,0.63,0.04,362,17.40,81.77,0.00,0.83,18.00,0.00,0.00,10138.87,717276.78,0.63,0.04,362,17.40,81.77,0.00,0.83,18.00,0.00,0.00,10138.87,717276.78,Japan,2008
All Products,51178320.34,98401031.29,100.00,100.00,1.00,-14.92,-12.39,3.71,1.84,8212,57.01,35.76,2.25,4.97,584.79,0.00,1439486.35,62801715.73,32494983.83,3.71,1.84,8212,57.01,35.76,2.25,4.97,584.79,0.00,1439486.35,62801715.73,32494983.83,Japan,2009
Capital goods,13885488.64,45228283.65,27.13,45.96,1.70,-10.94,-11.37,1.55,1.10,1464,47.27,51.71,0.68,0.34,25.00,0.00,6250.93,23813988.23,21175448.56,1.55,1.10,1464,47.27,51.71,0.68,0.34,25.00,0.00,6250.93,23813988.23,21175448.56,Japan,2009
Consumer goods,10961348.26,37231495.29,21.42,37.84,0.59,-9.21,-8.95,4.75,2.37,3073,61.02,26.13,4.65,8.20,97.85,0.00,1414497.13,32614041.81,4689929.50,4.75,2.37,3073,61.02,26.13,4.65,8.20,97.85,0.00,1414497.13,32614041.81,4689929.50,Japan,2009
Intermediate goods,10393024.81,12351954.64,20.31,12.55,1.46,-16.46,-11.38,4.27,2.91,3255,60.12,36.10,0.95,2.83,584.79,0.00,11396.42,6122960.87,6326488.88,4.27,2.91,3255,60.12,36.10,0.95,2.83,584.79,0.00,11396.42,6122960.87,6326488.88,Japan,2009
Raw materials,10454494.93,482964.53,20.43,0.49,0.69,-21.97,-18.36,0.95,0.64,306,22.88,57.84,0.33,18.95,26.40,0.00,7341.87,69434.59,180079.65,0.95,0.64,306,22.88,57.84,0.33,18.95,26.40,0.00,7341.87,69434.59,180079.65,Japan,2009
Animal,2949362.50,216443.32,5.76,0.22,1.64,-5.67,-5.14,0.92,0.44,108,24.07,70.37,0.00,5.56,26.40,0.00,0.00,24823.69,191619.63,0.92,0.44,108,24.07,70.37,0.00,5.56,26.40,0.00,0.00,24823.69,191619.63,Japan,2009
Chemicals,7939868.20,7565307.66,15.51,7.69,1.95,-4.29,-4.62,2.93,2.21,1431,70.51,28.79,0.00,0.70,6.50,0.00,0.00,4132181.74,3435239.97,2.93,2.21,1431,70.51,28.79,0.00,0.70,6.50,0.00,0.00,4132181.74,3435239.97,Japan,2009
Food Products,2322277.00,408456.27,4.54,0.42,1.53,-0.41,-10.90,5.50,5.82,476,48.32,17.65,5.88,28.15,97.85,0.00,60935.42,388405.90,20050.37,5.50,5.82,476,48.32,17.65,5.88,28.15,97.85,0.00,60935.42,388405.90,20050.37,Japan,2009
Footwear,80916.23,28152.28,0.16,0.03,0.11,-0.75,0.78,8.71,1.16,152,65.79,18.42,3.29,12.50,51.97,0.00,538.29,2520.41,25631.86,8.71,1.16,152,65.79,18.42,3.29,12.50,51.97,0.00,538.29,2520.41,25631.86,Japan,2009
Fuels,885957.83,320168.24,1.73,0.33,0.06,-24.54,-26.73,1.26,4.99,49,10.20,42.86,36.73,10.20,17.50,0.00,222861.09,242273.48,77894.76,1.26,4.99,49,10.20,42.86,36.73,10.20,17.50,0.00,222861.09,242273.48,77894.76,Japan,2009
Hides and Skins,239928.56,12857.49,0.47,0.01,0.18,-5.12,-11.22,4.91,6.26,141,84.40,14.89,0.00,0.71,20.00,0.00,0.00,12809.83,47.67,4.91,6.26,141,84.40,14.89,0.00,0.71,20.00,0.00,0.00,12809.83,47.67,Japan,2009
Mach and Elec,8531868.50,35664130.80,16.67,36.24,1.20,-9.91,-11.07,1.51,1.09,1273,48.63,50.98,0.31,0.08,15.00,0.00,525163.26,17105570.41,18569143.73,1.51,1.09,1273,48.63,50.98,0.31,0.08,15.00,0.00,525163.26,17105570.41,18569143.73,Japan,2009
Metals,1115479.46,3973542.48,2.18,4.04,0.60,-27.30,-26.74,1.74,1.67,873,41.35,53.61,3.32,1.72,15.00,0.00,22416.10,1575702.14,2397840.34,1.74,1.67,873,41.35,53.61,3.32,1.72,15.00,0.00,22416.10,1575702.14,2397840.34,Japan,2009
Minerals,428826.76,38587.81,0.84,0.04,0.21,-15.71,-30.26,0.21,0.03,48,6.25,89.58,2.08,2.08,3.00,0.00,7341.87,8522.57,30065.24,0.21,0.03,48,6.25,89.58,2.08,2.08,3.00,0.00,7341.87,8522.57,30065.24,Japan,2009
Miscellaneous,12475029.28,10285014.66,24.38,10.45,1.73,-7.60,-8.35,4.41,2.90,773,41.79,38.55,12.29,7.37,584.79,0.00,599944.59,3922449.00,3258233.94,4.41,2.90,773,41.79,38.55,12.29,7.37,584.79,0.00,599944.59,3922449.00,3258233.94,Japan,2009
Plastic or Rubber,1596866.96,3394213.07,3.12,3.45,1.11,-12.91,-16.52,3.55,3.71,372,77.42,22.58,0.00,0.00,14.00,0.00,0.00,3163103.86,220525.86,3.55,3.71,372,77.42,22.58,0.00,0.00,14.00,0.00,0.00,3163103.86,220525.86,Japan,2009
Stone and Glass,1241027.85,787029.18,2.42,0.80,0.97,-20.11,-24.32,3.22,1.88,356,62.08,35.96,0.00,1.97,38.00,0.00,0.00,359640.89,427388.29,3.22,1.88,356,62.08,35.96,0.00,1.97,38.00,0.00,0.00,359640.89,427388.29,Japan,2009
Textiles and Clothing,466012.23,521234.91,0.91,0.53,0.12,-0.91,-13.09,9.11,5.70,1333,84.25,11.33,0.38,4.05,32.00,0.00,285.74,424262.05,96972.86,9.11,5.70,1333,84.25,11.33,0.38,4.05,32.00,0.00,285.74,424262.05,96972.86,Japan,2009
Transportation,2249262.88,34572642.95,4.39,35.13,2.73,-15.13,-15.46,2.49,2.08,209,50.72,49.28,0.00,0.00,25.00,0.00,0.00,31339354.40,3233288.56,2.49,2.08,209,50.72,49.28,0.00,0.00,25.00,0.00,0.00,31339354.40,3233288.56,Japan,2009
Vegetable,6926935.60,103998.08,13.53,0.11,3.70,-12.41,-17.62,2.31,1.47,238,32.77,27.31,0.00,39.92,29.80,0.00,0.00,88996.17,12887.87,2.31,1.47,238,32.77,27.31,0.00,39.92,29.80,0.00,0.00,88996.17,12887.87,Japan,2009
Wood,1728700.50,509252.08,3.38,0.52,1.23,-7.71,-9.61,0.71,0.05,380,18.68,80.53,0.00,0.79,18.00,0.00,0.00,11099.20,498152.88,0.71,0.05,380,18.68,80.53,0.00,0.79,18.00,0.00,0.00,11099.20,498152.88,Japan,2009
All Products,60469045.59,123762732.65,100.00,100.00,1.00,12.13,6.80,3.82,1.90,8288,57.31,35.49,2.23,4.97,687.12,0.00,1862100.61,80945419.62,39257066.24,3.82,1.90,8288,57.31,35.49,2.23,4.97,687.12,0.00,1862100.61,80945419.62,39257066.24,Japan,2010
Capital goods,15728607.12,56147790.65,26.01,45.37,1.66,11.57,5.03,1.56,1.17,1457,47.49,51.61,0.55,0.34,25.00,0.00,11403.89,29934465.34,25869619.49,1.56,1.17,1457,47.49,51.61,0.55,0.34,25.00,0.00,11403.89,29934465.34,25869619.49,Japan,2010
Consumer goods,12464215.16,48509648.78,20.61,39.20,0.60,9.82,5.65,4.86,2.42,3114,61.30,25.98,4.50,8.22,131.80,0.00,1835557.37,43117263.28,5320459.11,4.86,2.42,3114,61.30,25.98,4.50,8.22,131.80,0.00,1835557.37,43117263.28,5320459.11,Japan,2010
Intermediate goods,14050510.19,15145826.20,23.24,12.24,1.52,15.44,12.13,4.43,2.87,3289,60.44,35.51,1.09,2.95,687.12,0.00,9913.94,7594306.93,7668992.05,4.43,2.87,3289,60.44,35.51,1.09,2.95,687.12,0.00,9913.94,7594306.93,7668992.05,Japan,2010
Raw materials,12069631.41,591299.07,19.96,0.48,0.68,13.68,6.93,0.93,0.37,309,22.33,60.19,0.32,17.15,26.40,0.00,5225.41,67950.29,273521.86,0.93,0.37,309,22.33,60.19,0.32,17.15,26.40,0.00,5225.41,67950.29,273521.86,Japan,2010
Animal,3309663.63,204524.64,5.47,0.17,1.80,6.34,6.24,0.96,0.36,105,24.76,69.52,0.00,5.71,26.40,0.00,0.00,28073.28,176308.88,0.96,0.36,105,24.76,69.52,0.00,5.71,26.40,0.00,0.00,28073.28,176308.88,Japan,2010
Chemicals,10252562.52,8625213.21,16.96,6.97,2.21,10.81,12.31,2.91,2.17,1465,70.38,29.01,0.00,0.61,6.50,0.00,0.00,4669243.31,3957329.82,2.91,2.17,1465,70.38,29.01,0.00,0.61,6.50,0.00,0.00,4669243.31,3957329.82,Japan,2010
Food Products,2345008.50,448805.43,3.88,0.36,1.57,4.84,0.98,6.63,5.84,492,47.76,17.68,6.71,27.85,131.80,0.00,68587.04,427297.88,21653.57,6.63,5.84,492,47.76,17.68,6.71,27.85,131.80,0.00,68587.04,427297.88,21653.57,Japan,2010
Footwear,91549.55,34991.30,0.15,0.03,0.11,3.71,1.33,8.53,1.14,168,66.07,19.64,2.98,11.31,50.70,0.00,531.86,2823.95,32168.15,8.53,1.14,168,66.07,19.64,2.98,11.31,50.70,0.00,531.86,2823.95,32168.15,Japan,2010
Fuels,1819614.83,664726.48,3.01,0.54,0.11,14.28,39.42,1.19,4.65,50,10.00,44.00,36.00,10.00,16.83,0.00,445418.27,458507.82,206231.52,1.19,4.65,50,10.00,44.00,36.00,10.00,16.83,0.00,445418.27,458507.82,206231.52,Japan,2010
Hides and Skins,254109.68,12708.22,0.42,0.01,0.20,4.17,5.63,4.87,6.64,137,85.40,13.87,0.00,0.73,20.00,0.00,0.00,12651.79,56.44,4.87,6.64,137,85.40,13.87,0.00,0.73,20.00,0.00,0.00,12651.79,56.44,Japan,2010
Mach and Elec,9504072.86,44170516.51,15.72,35.69,1.14,13.27,4.78,1.52,1.12,1271,48.70,50.90,0.31,0.08,15.00,0.00,493706.68,21062551.59,23029046.16,1.52,1.12,1271,48.70,50.90,0.31,0.08,15.00,0.00,493706.68,21062551.59,23029046.16,Japan,2010
Metals,1480703.05,4855748.89,2.45,3.92,0.50,23.35,7.32,1.69,1.86,874,41.76,53.20,3.32,1.72,15.00,0.00,26878.72,2180108.21,2676548.69,1.69,1.86,874,41.76,53.20,3.32,1.72,15.00,0.00,26878.72,2180108.21,2676548.69,Japan,2010
Minerals,677017.04,41762.36,1.12,0.03,0.18,25.08,9.83,0.07,0.06,52,1.92,92.31,1.92,3.85,2.90,0.00,5225.41,8081.83,33584.03,0.07,0.06,52,1.92,92.31,1.92,3.85,2.90,0.00,5225.41,8081.83,33584.03,Japan,2010
Miscellaneous,14745951.57,12266793.43,24.39,9.91,1.89,7.27,6.97,4.70,2.89,772,42.49,38.47,11.53,7.51,687.12,0.00,821384.36,5033960.32,3870016.56,4.70,2.89,772,42.49,38.47,11.53,7.51,687.12,0.00,821384.36,5033960.32,3870016.56,Japan,2010
Plastic or Rubber,2330600.79,4724070.24,3.85,3.82,1.26,16.82,18.66,3.54,3.69,371,77.36,22.64,0.00,0.00,14.00,0.00,0.00,4377411.43,318925.39,3.54,3.69,371,77.36,22.64,0.00,0.00,14.00,0.00,0.00,4377411.43,318925.39,Japan,2010
Stone and Glass,1761947.82,1312426.83,2.91,1.06,1.23,15.73,24.02,3.30,1.77,360,63.61,34.44,0.00,1.94,38.00,0.00,0.00,614218.12,698064.25,3.30,1.77,360,63.61,34.44,0.00,1.94,38.00,0.00,0.00,614218.12,698064.25,Japan,2010
Textiles and Clothing,545681.58,613896.60,0.90,0.50,0.14,2.71,7.03,9.21,5.66,1372,83.75,11.52,0.44,4.30,32.00,0.00,368.28,511720.38,101255.90,9.21,5.66,1372,83.75,11.52,0.44,4.30,32.00,0.00,368.28,511720.38,101255.90,Japan,2010
Transportation,2157685.22,45084825.00,3.57,36.43,2.26,9.31,-5.39,2.46,2.16,210,50.48,49.52,0.00,0.00,25.00,0.00,0.00,41455509.59,3541658.55,2.46,2.16,210,50.48,49.52,0.00,0.00,25.00,0.00,0.00,41455509.59,3541658.55,Japan,2010
Vegetable,7176915.68,111687.81,11.87,0.09,3.84,5.10,1.94,2.27,1.51,239,34.31,27.62,0.00,38.08,29.80,0.00,0.00,93596.92,13505.67,2.27,1.51,239,34.31,27.62,0.00,38.08,29.80,0.00,0.00,93596.92,13505.67,Japan,2010
Wood,2015961.26,590035.69,3.33,0.48,1.37,8.29,8.71,0.62,0.04,350,16.86,82.57,0.00,0.57,18.00,0.00,0.00,9663.20,580712.65,0.62,0.04,350,16.86,82.57,0.00,0.57,18.00,0.00,0.00,9663.20,580712.65,Japan,2010
All Products,65791776.72,132558803.22,100.00,100.00,1.00,11.01,5.05,3.83,1.76,8264,57.09,35.56,1.98,5.36,793.34,0.00,2030373.70,84714303.95,44797242.28,3.83,1.76,8264,57.09,35.56,1.98,5.36,793.34,0.00,2030373.70,84714303.95,44797242.28,Japan,2011
Capital goods,17434028.61,64921314.01,26.50,48.98,1.70,4.75,0.23,1.56,1.18,1459,47.50,51.47,0.34,0.69,25.00,0.00,18405.39,34294483.50,30352262.42,1.56,1.18,1459,47.50,51.47,0.34,0.69,25.00,0.00,18405.39,34294483.50,30352262.42,Japan,2011
Consumer goods,12881820.31,46922249.52,19.58,35.40,0.58,13.01,4.45,4.88,2.47,3098,61.01,26.18,4.10,8.72,131.80,0.00,2001769.82,42198916.53,4794551.88,4.88,2.47,3098,61.01,26.18,4.10,8.72,131.80,0.00,2001769.82,42198916.53,4794551.88,Japan,2011
Intermediate goods,15007234.74,16976538.18,22.81,12.81,1.52,11.59,5.71,4.44,1.88,3284,60.54,35.51,0.97,2.98,793.34,0.00,10198.49,7868549.16,9211640.92,4.44,1.88,3284,60.54,35.51,0.97,2.98,793.34,0.00,10198.49,7868549.16,9211640.92,Japan,2011
Raw materials,15139285.04,687639.05,23.01,0.52,0.75,13.44,13.12,0.87,0.32,310,18.39,60.97,0.00,20.65,21.89,0.00,0.00,67703.19,287375.51,0.87,0.32,310,18.39,60.97,0.00,20.65,21.89,0.00,0.00,67703.19,287375.51,Japan,2011
Animal,4017190.82,215877.52,6.11,0.16,2.07,8.84,10.32,1.42,0.18,99,24.24,70.71,0.00,5.05,82.44,0.00,0.00,19808.43,196069.10,1.42,0.18,99,24.24,70.71,0.00,5.05,82.44,0.00,0.00,19808.43,196069.10,Japan,2011
Chemicals,10361299.29,8683024.39,15.75,6.55,2.28,11.42,7.00,2.95,2.26,1461,70.36,28.88,0.00,0.75,6.50,0.00,0.00,4972215.87,3714894.26,2.95,2.26,1461,70.36,28.88,0.00,0.75,6.50,0.00,0.00,4972215.87,3714894.26,Japan,2011
Food Products,2537648.73,466258.76,3.86,0.35,1.61,12.35,7.87,7.49,6.19,491,47.45,17.52,6.11,28.92,131.80,0.00,76067.29,441547.01,24711.76,7.49,6.19,491,47.45,17.52,6.11,28.92,131.80,0.00,76067.29,441547.01,24711.76,Japan,2011
Footwear,109341.54,39694.92,0.17,0.03,0.12,6.78,4.17,8.35,1.02,168,65.48,19.05,2.98,12.50,50.65,0.00,49.92,3140.94,36553.98,8.35,1.02,168,65.48,19.05,2.98,12.50,50.65,0.00,49.92,3140.94,36553.98,Japan,2011
Fuels,2499251.70,606090.26,3.80,0.46,0.12,17.44,20.41,1.47,4.98,46,10.87,39.13,39.13,10.87,17.13,0.00,437566.19,450489.02,155601.25,1.47,4.98,46,10.87,39.13,39.13,10.87,17.13,0.00,437566.19,450489.02,155601.25,Japan,2011
Hides and Skins,256156.15,14083.08,0.39,0.01,0.19,5.49,-3.84,5.28,6.71,127,86.61,12.60,0.00,0.79,20.00,0.00,0.00,14056.83,26.24,5.28,6.71,127,86.61,12.60,0.00,0.79,20.00,0.00,0.00,14056.83,26.24,Japan,2011
Mach and Elec,10737577.05,50699955.30,16.32,38.25,1.18,4.78,0.97,1.53,1.12,1278,48.90,50.70,0.31,0.08,15.00,0.00,479591.55,23781540.46,26940871.02,1.53,1.12,1278,48.90,50.70,0.31,0.08,15.00,0.00,479591.55,23781540.46,26940871.02,Japan,2011
Metals,1750063.81,5984312.82,2.66,4.51,0.54,11.09,9.55,1.75,1.87,881,42.00,53.01,3.06,1.93,15.00,0.00,27216.26,2498664.53,3485648.29,1.75,1.87,881,42.00,53.01,3.06,1.93,15.00,0.00,27216.26,2498664.53,3485648.29,Japan,2011
Minerals,806249.35,51394.28,1.23,0.04,0.20,9.64,10.56,0.10,0.21,58,1.72,93.10,0.00,5.17,11.21,0.00,0.00,7703.99,43690.29,0.10,0.21,58,1.72,93.10,0.00,5.17,11.21,0.00,0.00,7703.99,43690.29,Japan,2011
Miscellaneous,14328607.16,12873548.95,21.78,9.71,1.98,5.21,1.84,4.40,1.29,779,42.62,38.64,9.88,8.86,793.34,0.00,1009575.82,5709592.37,4116699.59,4.40,1.29,779,42.62,38.64,9.88,8.86,793.34,0.00,1009575.82,5709592.37,4116699.59,Japan,2011
Plastic or Rubber,2444716.45,5049104.91,3.72,3.81,1.16,12.51,2.00,3.53,3.67,373,77.21,22.79,0.00,0.00,14.00,0.00,0.00,4667136.19,359509.83,3.53,3.67,373,77.21,22.79,0.00,0.00,14.00,0.00,0.00,4667136.19,359509.83,Japan,2011
Stone and Glass,2092226.35,1501866.23,3.18,1.13,1.15,9.24,-0.40,3.38,1.66,356,62.92,35.11,0.00,1.97,38.00,0.00,0.00,678158.87,823707.37,3.38,1.66,356,62.92,35.11,0.00,1.97,38.00,0.00,0.00,678158.87,823707.37,Japan,2011
Textiles and Clothing,654065.12,666712.32,0.99,0.50,0.15,11.72,10.23,9.17,5.76,1352,83.43,11.46,0.22,4.88,32.00,0.00,306.65,550187.09,116525.23,9.17,5.76,1352,83.43,11.46,0.22,4.88,32.00,0.00,306.65,550187.09,116525.23,Japan,2011
Transportation,2341007.27,45033359.57,3.56,33.97,2.03,6.47,-4.47,2.64,2.12,204,51.47,48.53,0.00,0.00,25.00,0.00,0.00,40803446.52,4229913.05,2.64,2.12,204,51.47,48.53,0.00,0.00,25.00,0.00,0.00,40803446.52,4229913.05,Japan,2011
Vegetable,8618830.31,125912.14,13.10,0.10,4.20,11.98,10.89,2.21,1.58,237,31.22,29.54,0.00,39.24,29.80,0.00,0.00,108714.89,13114.23,2.21,1.58,237,31.22,29.54,0.00,39.24,29.80,0.00,0.00,108714.89,13114.23,Japan,2011
Wood,2237545.61,547607.76,3.40,0.41,1.41,9.17,5.08,0.66,0.03,354,17.23,82.20,0.00,0.56,18.00,0.00,0.00,7900.95,539706.81,0.66,0.03,354,17.23,82.20,0.00,0.56,18.00,0.00,0.00,7900.95,539706.81,Japan,2011
All Products,69971994.97,150447022.90,100.00,100.00,1.00,1.78,1.27,3.65,1.80,8325,57.25,35.71,2.04,5.00,452.85,0.00,2045292.70,97403926.15,45303222.24,3.65,1.80,8325,57.25,35.71,2.04,5.00,452.85,0.00,2045292.70,97403926.15,45303222.24,Japan,2012
Capital goods,18427440.23,72399151.58,26.34,48.12,1.74,3.91,4.50,1.57,1.21,1454,47.59,51.31,0.48,0.62,25.00,0.00,25063.80,39052532.19,30616518.16,1.57,1.21,1454,47.59,51.31,0.48,0.62,25.00,0.00,25063.80,39052532.19,30616518.16,Japan,2012
Consumer goods,15003250.59,54960445.25,21.44,36.53,0.59,4.98,5.93,4.82,2.51,3030,62.34,25.25,3.93,8.48,131.80,0.00,1998135.62,49188122.65,4182463.58,4.82,2.51,3030,62.34,25.25,3.93,8.48,131.80,0.00,1998135.62,49188122.65,4182463.58,Japan,2012
Intermediate goods,14682738.99,18595925.42,20.98,12.36,1.64,-5.14,-2.09,4.12,1.84,3222,60.43,35.79,0.81,2.98,452.85,0.00,10393.96,7836572.81,9874366.80,4.12,1.84,3222,60.43,35.79,0.81,2.98,452.85,0.00,10393.96,7836572.81,9874366.80,Japan,2012
Raw materials,13668503.54,723435.52,19.53,0.48,0.69,0.48,-4.09,0.68,0.47,239,20.08,65.27,0.84,13.81,26.40,0.00,6.24,54456.55,122388.51,0.68,0.47,239,20.08,65.27,0.84,13.81,26.40,0.00,6.24,54456.55,122388.51,Japan,2012
Animal,4131319.21,243174.05,5.90,0.16,2.15,0.07,1.56,0.69,0.25,144,20.14,75.69,0.00,4.17,26.40,0.00,0.00,18402.38,209676.20,0.69,0.25,144,20.14,75.69,0.00,4.17,26.40,0.00,0.00,18402.38,209676.20,Japan,2012
Chemicals,11173170.06,8569133.03,15.97,5.70,2.35,-1.78,-0.80,2.97,2.43,1444,71.05,28.19,0.00,0.76,6.50,0.00,0.00,5086545.46,3263956.02,2.97,2.43,1444,71.05,28.19,0.00,0.76,6.50,0.00,0.00,5086545.46,3263956.02,Japan,2012
Food Products,2732571.28,464317.17,3.91,0.31,1.64,1.22,1.51,6.11,6.32,499,46.49,19.64,5.21,28.66,131.80,0.00,70354.29,408863.62,34821.16,6.11,6.32,499,46.49,19.64,5.21,28.66,131.80,0.00,70354.29,408863.62,34821.16,Japan,2012
Footwear,111148.01,33740.60,0.16,0.02,0.13,4.03,5.63,7.65,1.04,176,70.45,15.91,2.27,11.36,49.79,0.00,21.99,3058.41,30145.23,7.65,1.04,176,70.45,15.91,2.27,11.36,49.79,0.00,21.99,3058.41,30145.23,Japan,2012
Fuels,2659096.37,635073.52,3.80,0.42,0.13,4.95,7.48,1.45,5.60,48,10.42,37.50,41.67,10.42,16.43,0.00,511725.74,521660.49,95420.58,1.45,5.60,48,10.42,37.50,41.67,10.42,16.43,0.00,511725.74,521660.49,95420.58,Japan,2012
Hides and Skins,269056.64,12696.79,0.38,0.01,0.18,4.99,1.43,4.83,6.74,145,84.83,14.48,0.00,0.69,20.00,0.00,0.00,11887.60,154.03,4.83,6.74,145,84.83,14.48,0.00,0.69,20.00,0.00,0.00,11887.60,154.03,Japan,2012
Mach and Elec,10740929.61,52987681.31,15.35,35.22,1.09,1.30,-2.92,1.54,1.20,1276,49.06,50.55,0.31,0.08,15.00,0.00,456155.96,27227609.01,26899451.59,1.54,1.20,1276,49.06,50.55,0.31,0.08,15.00,0.00,456155.96,27227609.01,26899451.59,Japan,2012
Metals,1619148.33,7086622.86,2.31,4.71,0.60,-7.02,-2.90,1.71,1.94,885,41.13,53.90,3.28,1.69,15.00,0.00,30802.25,2855172.86,3894849.19,1.71,1.94,885,41.13,53.90,3.28,1.69,15.00,0.00,30802.25,2855172.86,3894849.19,Japan,2012
Minerals,493309.62,57761.34,0.70,0.04,0.17,-4.39,-11.61,0.10,0.31,57,1.75,91.23,0.00,7.02,11.02,0.00,0.00,11123.51,37768.68,0.10,0.31,57,1.75,91.23,0.00,7.02,11.02,0.00,0.00,11123.51,37768.68,Japan,2012
Miscellaneous,17893486.59,15802713.07,25.57,10.50,1.99,4.00,3.73,3.57,1.34,779,43.77,36.84,10.78,8.60,452.85,0.00,975866.33,5693929.56,3776357.74,3.57,1.34,779,43.77,36.84,10.78,8.60,452.85,0.00,975866.33,5693929.56,3776357.74,Japan,2012
Plastic or Rubber,2458581.06,5307481.51,3.51,3.53,1.23,-1.78,0.64,3.56,3.68,367,77.66,22.34,0.00,0.00,14.00,0.00,0.00,4655853.42,392225.17,3.56,3.68,367,77.66,22.34,0.00,0.00,14.00,0.00,0.00,4655853.42,392225.17,Japan,2012
Stone and Glass,1970054.31,1494848.24,2.82,0.99,1.30,-6.00,-0.17,3.24,1.67,362,62.43,35.64,0.00,1.93,38.00,0.00,0.00,656076.08,805895.74,3.24,1.67,362,62.43,35.64,0.00,1.93,38.00,0.00,0.00,656076.08,805895.74,Japan,2012
Textiles and Clothing,639616.44,719884.28,0.91,0.48,0.14,0.71,-5.55,9.18,5.68,1362,84.51,11.23,0.22,4.04,32.00,0.00,366.14,565058.44,124479.49,9.18,5.68,1362,84.51,11.23,0.22,4.04,32.00,0.00,366.14,565058.44,124479.49,Japan,2012
Transportation,3167796.06,56352135.92,4.53,37.46,2.83,15.19,35.40,2.55,2.08,208,50.96,49.04,0.00,0.00,25.00,0.00,0.00,49577108.26,5211120.55,2.55,2.08,208,50.96,49.04,0.00,0.00,25.00,0.00,0.00,49577108.26,5211120.55,Japan,2012
Vegetable,7732105.70,123045.02,11.05,0.08,3.79,-1.17,-6.56,1.97,1.39,205,31.22,30.73,0.00,38.05,29.80,0.00,0.00,102913.31,12086.53,1.97,1.39,205,31.22,30.73,0.00,38.05,29.80,0.00,0.00,102913.31,12086.53,Japan,2012
Wood,2180605.69,556714.19,3.12,0.37,1.39,-1.29,-2.77,0.68,0.04,368,17.12,82.07,0.00,0.82,18.00,0.00,0.00,8663.76,514814.34,0.68,0.04,368,17.12,82.07,0.00,0.82,18.00,0.00,0.00,8663.76,514814.34,Japan,2012
All Products,65213790.41,142136718.17,100.00,100.00,1.00,-3.03,-4.08,3.69,1.82,8379,57.31,35.41,1.99,5.29,371.99,0.00,2206529.08,92477929.37,42601126.89,3.69,1.82,8379,57.31,35.41,1.99,5.29,371.99,0.00,2206529.08,92477929.37,42601126.89,Japan,2013
Capital goods,17676033.29,65322421.45,27.10,45.96,1.69,-0.52,-3.04,1.54,1.22,1461,47.09,51.81,0.48,0.62,25.00,0.00,17615.39,34840537.47,27816782.14,1.54,1.22,1461,47.09,51.81,0.48,0.62,25.00,0.00,17615.39,34840537.47,27816782.14,Japan,2013
Consumer goods,14305188.78,53945896.94,21.94,37.95,0.63,-2.92,-1.10,4.89,2.51,3082,62.07,25.37,3.86,8.70,131.80,0.00,2076840.27,48476696.27,3849609.23,4.89,2.51,3082,62.07,25.37,3.86,8.70,131.80,0.00,2076840.27,48476696.27,3849609.23,Japan,2013
Intermediate goods,13461529.53,18705999.11,20.64,13.16,1.66,-4.53,-4.76,4.14,1.76,3214,60.64,35.69,0.81,2.86,371.99,0.00,11118.29,7548143.92,10296502.31,4.14,1.76,3214,60.64,35.69,0.81,2.86,371.99,0.00,11118.29,7548143.92,10296502.31,Japan,2013
Raw materials,12595611.24,630887.54,19.31,0.44,0.66,-3.97,-7.40,1.04,0.72,260,24.23,55.38,0.77,19.62,26.40,0.00,2.56,52687.98,116043.48,1.04,0.72,260,24.23,55.38,0.77,19.62,26.40,0.00,2.56,52687.98,116043.48,Japan,2013
Animal,4348494.40,257452.22,6.67,0.18,2.24,-6.68,-5.76,0.87,0.40,136,24.26,69.85,0.00,5.88,26.40,0.00,0.00,22217.82,219448.27,0.87,0.40,136,24.26,69.85,0.00,5.88,26.40,0.00,0.00,22217.82,219448.27,Japan,2013
Chemicals,9793225.07,8653732.14,15.02,6.09,2.42,-5.90,-5.60,3.00,2.34,1444,70.71,28.60,0.00,0.69,6.50,0.00,0.00,4955135.91,3491451.65,3.00,2.34,1444,70.71,28.60,0.00,0.69,6.50,0.00,0.00,4955135.91,3491451.65,Japan,2013
Food Products,2575200.45,418080.10,3.95,0.29,1.67,-5.11,-5.13,5.59,5.95,524,46.95,19.66,4.58,28.82,131.80,0.00,70483.25,361695.54,36682.51,5.59,5.95,524,46.95,19.66,4.58,28.82,131.80,0.00,70483.25,361695.54,36682.51,Japan,2013
Footwear,104711.09,38546.53,0.16,0.03,0.12,0.01,-5.26,8.12,1.46,186,70.43,16.67,2.15,10.75,49.63,0.00,31.53,3927.70,34105.15,8.12,1.46,186,70.43,16.67,2.15,10.75,49.63,0.00,31.53,3927.70,34105.15,Japan,2013
Fuels,2709683.12,699823.86,4.16,0.49,0.15,-3.52,0.52,1.52,5.77,47,10.64,36.17,42.55,10.64,16.08,0.00,578282.79,581917.43,93181.55,1.52,5.77,47,10.64,36.17,42.55,10.64,16.08,0.00,578282.79,581917.43,93181.55,Japan,2013
Hides and Skins,229552.15,11532.63,0.35,0.01,0.17,-3.65,-6.77,4.89,6.65,155,85.81,13.55,0.00,0.65,20.00,0.00,0.00,10789.28,274.13,4.89,6.65,155,85.81,13.55,0.00,0.65,20.00,0.00,0.00,10789.28,274.13,Japan,2013
Mach and Elec,9995168.75,48133825.87,15.33,33.86,1.05,-0.73,-3.76,1.52,1.21,1278,48.75,50.86,0.31,0.08,15.00,0.00,380233.15,24501507.04,24491157.35,1.52,1.21,1278,48.75,50.86,0.31,0.08,15.00,0.00,380233.15,24501507.04,24491157.35,Japan,2013
Metals,1608757.51,6151126.59,2.47,4.33,0.66,-5.16,-1.56,1.75,1.96,885,41.58,53.67,3.05,1.69,15.00,0.00,30113.62,2653941.93,3194038.52,1.75,1.96,885,41.58,53.67,3.05,1.69,15.00,0.00,30113.62,2653941.93,3194038.52,Japan,2013
Minerals,670854.96,50311.30,1.03,0.04,0.24,-4.81,10.55,0.11,0.21,56,1.79,92.86,0.00,5.36,12.03,0.00,0.00,7237.52,35678.06,0.11,0.21,56,1.79,92.86,0.00,5.36,12.03,0.00,0.00,7237.52,35678.06,Japan,2013
Miscellaneous,17175985.16,14630200.69,26.34,10.29,2.16,-3.75,-0.77,3.56,1.34,797,44.04,36.51,10.66,8.78,371.99,0.00,1147014.12,5608928.53,3437549.47,3.56,1.34,797,44.04,36.51,10.66,8.78,371.99,0.00,1147014.12,5608928.53,3437549.47,Japan,2013
Plastic or Rubber,2126818.40,4885340.63,3.26,3.44,1.24,-3.74,-4.46,3.59,3.67,367,77.93,22.07,0.00,0.00,14.00,0.00,0.00,4264631.01,380676.74,3.59,3.67,367,77.93,22.07,0.00,0.00,14.00,0.00,0.00,4264631.01,380676.74,Japan,2013
Stone and Glass,2050963.27,1662722.05,3.15,1.17,1.31,-0.07,-0.92,3.45,1.53,358,64.25,33.80,0.00,1.96,38.00,0.00,0.00,648948.52,975574.73,3.45,1.53,358,64.25,33.80,0.00,1.96,38.00,0.00,0.00,648948.52,975574.73,Japan,2013
Textiles and Clothing,659006.89,669779.82,1.01,0.47,0.14,-0.61,-0.00,9.17,5.63,1365,83.22,11.58,0.22,4.98,32.00,0.00,370.63,527282.21,115670.51,9.17,5.63,1365,83.22,11.58,0.22,4.98,32.00,0.00,370.63,527282.21,115670.51,Japan,2013
Transportation,2584176.62,55248481.50,3.96,38.87,2.62,-0.59,-5.36,2.46,2.10,209,49.76,50.24,0.00,0.00,25.00,0.00,0.00,48213369.44,5626448.20,2.46,2.10,209,49.76,50.24,0.00,0.00,25.00,0.00,0.00,48213369.44,5626448.20,Japan,2013
Vegetable,6341821.52,127772.85,9.72,0.09,3.28,-2.08,-9.90,2.68,1.52,221,34.39,28.51,0.00,37.10,29.80,0.00,0.00,108730.33,10420.26,2.68,1.52,221,34.39,28.51,0.00,37.10,29.80,0.00,0.00,108730.33,10420.26,Japan,2013
Wood,2239371.05,497989.37,3.43,0.35,1.48,-0.83,1.52,0.65,0.03,351,16.52,82.91,0.00,0.57,18.00,0.00,0.00,7669.18,458769.79,0.65,0.03,351,16.52,82.91,0.00,0.57,18.00,0.00,0.00,7669.18,458769.79,Japan,2013
All Products,66825973.37,137503838.01,100.00,100.00,1.00,-1.27,0.75,3.67,1.80,8431,57.54,34.99,1.93,5.54,217.13,0.00,2059056.77,89751069.41,44301829.66,3.67,1.80,8431,57.54,34.99,1.93,5.54,217.13,0.00,2059056.77,89751069.41,44301829.66,Japan,2014
Capital goods,17863519.40,64120704.97,26.73,46.63,1.57,1.66,0.20,1.55,1.25,1475,47.12,51.80,0.47,0.61,25.00,0.00,15383.46,34901072.43,28113836.29,1.55,1.25,1475,47.12,51.80,0.47,0.61,25.00,0.00,15383.46,34901072.43,28113836.29,Japan,2014
Consumer goods,14709745.78,49366814.21,22.01,35.90,0.64,-0.99,1.61,4.96,2.49,3156,62.77,24.21,3.71,9.32,131.80,0.00,1886546.76,45330128.93,3847842.25,4.96,2.49,3156,62.77,24.21,3.71,9.32,131.80,0.00,1886546.76,45330128.93,3847842.25,Japan,2014
Intermediate goods,12925395.57,19876836.39,19.34,14.46,1.54,0.70,-1.08,4.09,1.69,3160,60.44,35.63,0.82,3.10,217.13,0.00,11123.62,7938786.80,11668722.70,4.09,1.69,3160,60.44,35.63,0.82,3.10,217.13,0.00,11123.62,7938786.80,11668722.70,Japan,2014
Raw materials,13600992.95,688543.50,20.35,0.50,0.73,-4.56,2.78,0.98,0.92,272,27.57,56.25,0.00,16.18,26.40,0.00,0.00,61839.70,131018.82,0.98,0.92,272,27.57,56.25,0.00,16.18,26.40,0.00,0.00,61839.70,131018.82,Japan,2014
Animal,4734187.17,291309.71,7.08,0.21,2.25,1.51,3.85,1.26,0.50,214,40.65,42.99,0.00,16.36,43.35,0.00,0.00,32387.03,258922.69,1.26,0.50,214,40.65,42.99,0.00,16.36,43.35,0.00,0.00,32387.03,258922.69,Japan,2014
Chemicals,9965227.51,8594098.30,14.91,6.25,2.36,-1.44,-0.57,2.97,2.42,1450,70.90,28.41,0.00,0.69,6.50,0.00,0.00,5216504.82,3384586.84,2.97,2.42,1450,70.90,28.41,0.00,0.69,6.50,0.00,0.00,5216504.82,3384586.84,Japan,2014
Food Products,2451267.45,399385.22,3.67,0.29,1.58,-2.58,-3.37,5.55,5.77,532,46.62,20.11,4.32,28.95,131.80,0.00,69935.09,365022.21,34363.01,5.55,5.77,532,46.62,20.11,4.32,28.95,131.80,0.00,69935.09,365022.21,34363.01,Japan,2014
Footwear,97054.11,32801.73,0.15,0.02,0.11,-1.25,-3.59,8.35,0.97,184,71.20,15.76,2.17,10.87,48.68,0.00,53.59,2837.26,29964.47,8.35,0.97,184,71.20,15.76,2.17,10.87,48.68,0.00,53.59,2837.26,29964.47,Japan,2014
Fuels,2703980.45,529467.60,4.05,0.39,0.15,-3.52,-0.93,1.53,5.84,45,11.11,37.78,40.00,11.11,16.17,0.00,453897.26,460146.03,69321.57,1.53,5.84,45,11.11,37.78,40.00,11.11,16.17,0.00,453897.26,460146.03,69321.57,Japan,2014
Hides and Skins,221358.71,11932.11,0.33,0.01,0.17,-1.08,1.02,5.03,6.25,148,85.14,14.19,0.00,0.68,20.00,0.00,0.00,11740.27,191.83,5.03,6.25,148,85.14,14.19,0.00,0.68,20.00,0.00,0.00,11740.27,191.83,Japan,2014
Mach and Elec,10517028.97,47607541.72,15.74,34.62,1.02,1.46,2.25,1.51,1.23,1287,48.48,51.13,0.31,0.08,15.00,0.00,363458.04,24613456.81,24801087.93,1.51,1.23,1287,48.48,51.13,0.31,0.08,15.00,0.00,363458.04,24613456.81,24801087.93,Japan,2014
Metals,1723394.98,6160112.63,2.58,4.48,0.60,6.04,3.70,1.77,1.80,880,41.14,53.86,3.07,1.93,15.00,0.00,23215.96,2568311.86,3591800.77,1.77,1.80,880,41.14,53.86,3.07,1.93,15.00,0.00,23215.96,2568311.86,3591800.77,Japan,2014
Minerals,750393.24,54788.94,1.12,0.04,0.26,-3.00,2.80,0.19,0.30,54,3.70,90.74,0.00,5.56,13.32,0.00,0.00,10701.45,44087.49,0.19,0.30,54,3.70,90.74,0.00,5.56,13.32,0.00,0.00,10701.45,44087.49,Japan,2014
Miscellaneous,17220215.11,14336878.88,25.77,10.43,2.03,1.00,-0.20,3.36,1.33,792,44.44,36.49,10.61,8.46,217.13,0.00,1148308.60,5643251.59,3462424.60,3.36,1.33,792,44.44,36.49,10.61,8.46,217.13,0.00,1148308.60,5643251.59,3462424.60,Japan,2014
Plastic or Rubber,2152569.00,4905584.58,3.22,3.57,1.19,-0.19,-0.19,3.53,3.70,364,77.47,22.53,0.00,0.00,14.00,0.00,0.00,4495940.88,383299.19,3.53,3.70,364,77.47,22.53,0.00,0.00,14.00,0.00,0.00,4495940.88,383299.19,Japan,2014
Stone and Glass,2129166.08,1628360.68,3.19,1.18,1.34,-4.69,-1.74,3.46,1.54,362,64.36,33.70,0.00,1.93,38.00,0.00,0.00,681936.27,946424.41,3.46,1.54,362,64.36,33.70,0.00,1.93,38.00,0.00,0.00,681936.27,946424.41,Japan,2014
Textiles and Clothing,603673.75,707450.77,0.90,0.51,0.14,-2.89,-0.62,9.22,5.70,1355,83.69,11.66,0.22,4.43,32.00,0.00,188.23,577752.70,129687.63,9.22,5.70,1355,83.69,11.66,0.22,4.43,32.00,0.00,188.23,577752.70,129687.63,Japan,2014
Transportation,2338061.43,51635803.32,3.50,37.55,2.43,0.52,-1.34,2.64,2.06,210,50.95,49.05,0.00,0.00,25.00,0.00,0.00,44955053.53,6680749.79,2.64,2.06,210,50.95,49.05,0.00,0.00,25.00,0.00,0.00,44955053.53,6680749.79,Japan,2014
Vegetable,7033613.68,126640.86,10.53,0.09,3.80,-4.50,4.92,2.23,1.59,228,32.46,29.82,0.00,37.72,29.80,0.00,0.00,108762.75,10895.19,2.23,1.59,228,32.46,29.82,0.00,37.72,29.80,0.00,0.00,108762.75,10895.19,Japan,2014
Wood,2184781.71,481680.95,3.27,0.35,1.44,-1.85,-1.26,0.69,0.03,326,17.18,82.52,0.00,0.31,18.00,0.00,0.00,7263.96,474022.24,0.69,0.03,326,17.18,82.52,0.00,0.31,18.00,0.00,0.00,7263.96,474022.24,Japan,2014
All Products,62441249.70,135023800.05,100.00,100.00,1.00,-12.24,-3.27,3.70,1.81,8518,57.08,35.30,2.22,5.40,165.79,0.00,2097047.30,88062943.27,43146671.56,3.70,1.81,8518,57.08,35.30,2.22,5.40,165.79,0.00,2097047.30,88062943.27,43146671.56,Japan,2015
Capital goods,18268929.50,61219252.98,29.26,45.34,1.40,-4.36,-0.43,1.51,1.25,1469,47.24,51.67,0.48,0.61,25.00,0.00,11805.50,32845657.78,27409003.01,1.51,1.25,1469,47.24,51.67,0.48,0.61,25.00,0.00,11805.50,32845657.78,27409003.01,Japan,2015
Consumer goods,13107484.90,51803834.40,20.99,38.37,0.60,-10.24,-4.23,4.93,2.49,3180,62.26,25.00,3.96,8.77,131.80,0.00,1976016.51,47094833.76,4361446.88,4.93,2.49,3180,62.26,25.00,3.96,8.77,131.80,0.00,1976016.51,47094833.76,4361446.88,Japan,2015
Intermediate goods,12092022.46,17560702.58,19.37,13.01,1.35,-6.18,-3.38,4.10,1.62,3204,59.77,36.11,1.03,3.09,165.79,0.00,10271.55,6541939.41,10807823.45,4.10,1.62,3204,59.77,36.11,1.03,3.09,165.79,0.00,10271.55,6541939.41,10807823.45,Japan,2015
Raw materials,11432881.41,625824.87,18.31,0.46,0.94,-25.72,-6.97,1.30,1.12,293,27.30,52.56,2.05,18.09,26.40,0.00,35.33,61143.55,114707.88,1.30,1.12,293,27.30,52.56,2.05,18.09,26.40,0.00,35.33,61143.55,114707.88,Japan,2015
Animal,3999813.96,294287.51,6.41,0.22,1.83,-5.60,-6.27,1.25,0.57,230,40.87,42.61,0.00,16.52,45.39,0.00,0.00,35781.18,258506.33,1.25,0.57,230,40.87,42.61,0.00,16.52,45.39,0.00,0.00,35781.18,258506.33,Japan,2015
Chemicals,9563493.60,7719420.74,15.32,5.72,1.83,0.57,-2.40,2.99,2.02,1455,70.52,28.66,0.00,0.82,6.50,0.00,0.00,4004189.68,3721117.58,2.99,2.02,1455,70.52,28.66,0.00,0.82,6.50,0.00,0.00,4004189.68,3721117.58,Japan,2015
Food Products,2150537.03,438188.52,3.44,0.32,1.28,-4.86,-5.79,6.65,5.53,508,45.87,20.67,5.51,27.95,131.80,0.00,76425.92,386604.65,51583.86,6.65,5.53,508,45.87,20.67,5.51,27.95,131.80,0.00,76425.92,386604.65,51583.86,Japan,2015
Footwear,93747.54,37780.97,0.15,0.03,0.09,-2.67,-1.75,7.85,2.60,189,69.84,17.46,2.65,10.05,48.76,0.00,566.28,6341.35,31439.62,7.85,2.60,189,69.84,17.46,2.65,10.05,48.76,0.00,566.28,6341.35,31439.62,Japan,2015
Fuels,1753843.83,651623.40,2.81,0.48,0.20,-30.04,-10.27,1.33,6.07,39,12.82,35.90,46.15,5.13,9.60,0.00,583254.24,583254.24,68369.15,1.33,6.07,39,12.82,35.90,46.15,5.13,9.60,0.00,583254.24,583254.24,68369.15,Japan,2015
Hides and Skins,181558.35,12338.67,0.29,0.01,0.12,-3.96,-10.26,5.10,6.57,133,84.21,15.04,0.00,0.75,20.00,0.00,0.00,12158.32,180.35,5.10,6.57,133,84.21,15.04,0.00,0.75,20.00,0.00,0.00,12158.32,180.35,Japan,2015
Mach and Elec,10466388.02,45679938.64,16.76,33.83,0.91,-4.84,-1.24,1.51,1.22,1284,48.68,50.93,0.31,0.08,15.00,0.00,335071.99,23510185.67,23252755.83,1.51,1.22,1284,48.68,50.93,0.31,0.08,15.00,0.00,335071.99,23510185.67,23252755.83,Japan,2015
Metals,1884098.13,5815947.53,3.02,4.31,0.61,-8.02,2.38,1.73,1.90,886,40.97,54.06,3.16,1.81,15.00,0.00,23030.95,2492590.67,3323356.86,1.73,1.90,886,40.97,54.06,3.16,1.81,15.00,0.00,23030.95,2492590.67,3323356.86,Japan,2015
Minerals,495688.77,48211.92,0.79,0.04,0.22,-16.92,-15.02,0.09,0.28,53,1.89,94.34,0.00,3.77,13.85,0.00,0.00,9392.81,38819.11,0.09,0.28,53,1.89,94.34,0.00,3.77,13.85,0.00,0.00,9392.81,38819.11,Japan,2015
Miscellaneous,17062123.10,13855030.19,27.33,10.26,1.68,-2.02,-1.56,3.46,1.34,802,43.89,36.78,11.35,7.98,165.79,0.00,1077801.35,5356472.69,3631804.34,3.46,1.34,802,43.89,36.78,11.35,7.98,165.79,0.00,1077801.35,5356472.69,3631804.34,Japan,2015
Plastic or Rubber,2043574.95,4872798.14,3.27,3.61,1.08,-5.99,-1.23,3.62,3.70,367,78.20,21.80,0.00,0.00,14.00,0.00,0.00,4485482.71,357318.34,3.62,3.70,367,78.20,21.80,0.00,0.00,14.00,0.00,0.00,4485482.71,357318.34,Japan,2015
Stone and Glass,1938591.72,1335312.59,3.10,0.99,1.13,-4.49,-3.25,3.30,1.73,362,62.71,35.36,0.00,1.93,38.00,0.00,0.00,635259.75,700052.84,3.30,1.73,362,62.71,35.36,0.00,1.93,38.00,0.00,0.00,635259.75,700052.84,Japan,2015
Textiles and Clothing,509152.19,732336.40,0.82,0.54,0.12,-4.37,-4.61,9.19,5.83,1385,82.82,11.62,0.58,4.98,32.00,0.00,438.82,605042.04,127294.35,9.19,5.83,1385,82.82,11.62,0.58,4.98,32.00,0.00,438.82,605042.04,127294.35,Japan,2015
Transportation,2146191.09,52899535.72,3.44,39.18,2.13,-5.60,-2.46,2.25,2.08,212,50.94,49.06,0.00,0.00,25.00,0.00,0.00,45809825.12,7089710.60,2.25,2.08,212,50.94,49.06,0.00,0.00,25.00,0.00,0.00,45809825.12,7089710.60,Japan,2015
Vegetable,6156406.80,137761.80,9.86,0.10,2.98,-3.36,-5.79,2.60,1.76,245,34.29,28.16,2.45,35.10,29.80,0.00,35.33,122542.11,9333.18,2.60,1.76,245,34.29,28.16,2.45,35.10,29.80,0.00,35.33,122542.11,9333.18,Japan,2015
Wood,1996040.62,493287.31,3.20,0.37,1.26,-7.83,-5.01,0.66,0.04,368,17.93,81.52,0.27,0.27,18.00,0.00,422.42,7820.28,485029.21,0.66,0.04,368,17.93,81.52,0.27,0.27,18.00,0.00,422.42,7820.28,485029.21,Japan,2015
All Products,63245045.91,135071040.32,100.00,100.00,1.00,-1.50,0.64,3.66,1.83,8515,56.77,35.60,2.20,5.44,139.86,0.00,1829284.58,90298883.17,41421601.06,3.66,1.83,8515,56.77,35.60,2.20,5.44,139.86,0.00,1829284.58,90298883.17,41421601.06,Japan,2016
Capital goods,18040674.53,59405265.95,28.52,43.98,1.43,0.35,3.39,1.54,1.23,1469,47.31,51.60,0.48,0.61,25.00,0.00,8174.09,32294988.64,26193290.43,1.54,1.23,1469,47.31,51.60,0.48,0.61,25.00,0.00,8174.09,32294988.64,26193290.43,Japan,2016
Consumer goods,13555608.92,55522133.48,21.43,41.11,0.60,-4.42,-1.76,4.86,2.46,3118,62.32,25.40,4.01,8.27,131.80,0.00,1752366.08,50189509.35,5149861.33,4.86,2.46,3118,62.32,25.40,4.01,8.27,131.80,0.00,1752366.08,50189509.35,5149861.33,Japan,2016
Intermediate goods,12120778.14,16151074.54,19.16,11.96,1.36,-1.02,1.84,4.04,1.68,3234,59.59,36.27,0.99,3.15,139.86,0.00,11088.45,6384114.97,9521695.77,4.04,1.68,3234,59.59,36.27,0.99,3.15,139.86,0.00,11088.45,6384114.97,9521695.77,Japan,2016
Raw materials,11498489.39,642010.26,18.18,0.48,0.83,0.72,-3.56,1.38,1.15,327,23.55,52.60,1.83,22.02,26.40,0.00,110.23,65971.24,129168.68,1.38,1.15,327,23.55,52.60,1.83,22.02,26.40,0.00,110.23,65971.24,129168.68,Japan,2016
Animal,4012551.95,296961.72,6.34,0.22,1.72,2.11,1.23,1.14,0.70,177,31.64,54.80,0.00,13.56,48.99,0.00,0.00,46865.29,250096.43,1.14,0.70,177,31.64,54.80,0.00,13.56,48.99,0.00,0.00,46865.29,250096.43,Japan,2016
Chemicals,9963680.83,7881236.06,15.75,5.83,1.81,1.05,2.72,2.99,1.87,1443,70.55,28.69,0.00,0.76,6.50,0.00,0.00,3796481.74,4089912.22,2.99,1.87,1443,70.55,28.69,0.00,0.76,6.50,0.00,0.00,3796481.74,4089912.22,Japan,2016
Food Products,2098022.37,512852.32,3.32,0.38,1.15,0.83,-2.43,6.11,5.49,508,46.06,21.06,5.12,27.76,131.80,0.00,86844.11,441470.30,71382.02,6.11,5.49,508,46.06,21.06,5.12,27.76,131.80,0.00,86844.11,441470.30,71382.02,Japan,2016
Footwear,75824.62,40644.43,0.12,0.03,0.07,-0.60,-9.54,7.56,4.71,186,69.35,16.67,3.23,10.75,48.47,0.00,603.90,10333.69,30310.74,7.56,4.71,186,69.35,16.67,3.23,10.75,48.47,0.00,603.90,10333.69,30310.74,Japan,2016
Fuels,2456733.96,501037.59,3.88,0.37,0.19,-7.03,-7.62,1.29,6.15,49,10.20,42.86,36.73,10.20,18.29,0.00,446250.32,450679.20,50358.39,1.29,6.15,49,10.20,42.86,36.73,10.20,18.29,0.00,446250.32,450679.20,50358.39,Japan,2016
Hides and Skins,180936.19,12532.77,0.29,0.01,0.12,1.67,1.84,5.30,6.79,138,87.68,11.59,0.00,0.72,20.00,0.00,0.00,12370.50,162.27,5.30,6.79,138,87.68,11.59,0.00,0.72,20.00,0.00,0.00,12370.50,162.27,Japan,2016
Mach and Elec,10413822.51,44644120.16,16.47,33.05,0.97,0.08,5.61,1.52,1.18,1285,48.87,50.74,0.31,0.08,15.00,0.00,315068.29,22738536.97,23330682.44,1.52,1.18,1285,48.87,50.74,0.31,0.08,15.00,0.00,315068.29,22738536.97,23330682.44,Japan,2016
Metals,1689469.99,5068979.58,2.67,3.75,0.58,-4.01,-5.02,1.70,2.15,895,41.12,53.97,3.13,1.79,15.00,0.00,24841.81,2475700.78,2593278.80,1.70,2.15,895,41.12,53.97,3.13,1.79,15.00,0.00,24841.81,2475700.78,2593278.80,Japan,2016
Minerals,540501.17,48346.80,0.85,0.04,0.20,-7.55,-9.93,0.14,0.22,60,1.67,91.67,0.00,6.67,15.44,0.00,0.00,8025.74,40321.06,0.14,0.22,60,1.67,91.67,0.00,6.67,15.44,0.00,0.00,8025.74,40321.06,Japan,2016
Miscellaneous,10281735.27,13497952.62,16.26,9.99,1.63,0.21,0.72,3.45,1.36,793,43.76,37.70,11.22,7.31,139.86,0.00,954275.16,5289934.79,3470159.83,3.45,1.36,793,43.76,37.70,11.22,7.31,139.86,0.00,954275.16,5289934.79,3470159.83,Japan,2016
Plastic or Rubber,1927919.08,4494029.37,3.05,3.33,0.99,-0.28,-2.63,3.60,3.70,367,78.20,21.80,0.00,0.00,14.00,0.00,0.00,4129949.95,326954.78,3.60,3.70,367,78.20,21.80,0.00,0.00,14.00,0.00,0.00,4129949.95,326954.78,Japan,2016
Stone and Glass,2009250.94,1521364.40,3.18,1.13,0.98,1.73,-3.19,3.49,1.88,365,64.66,33.42,0.00,1.92,38.00,0.00,0.00,904156.05,617208.35,3.49,1.88,365,64.66,33.42,0.00,1.92,38.00,0.00,0.00,904156.05,617208.35,Japan,2016
Textiles and Clothing,481087.07,697470.13,0.76,0.52,0.11,-0.93,-3.42,9.13,5.64,1397,81.68,12.38,0.64,5.30,32.00,0.00,233.87,559386.17,138083.95,9.13,5.64,1397,81.68,12.38,0.64,5.30,32.00,0.00,233.87,559386.17,138083.95,Japan,2016
Transportation,9357058.95,55224471.50,14.79,40.89,1.97,4.96,3.15,2.44,2.14,216,50.93,49.07,0.00,0.00,25.00,0.00,0.00,49290870.65,5933600.85,2.44,2.14,216,50.93,49.07,0.00,0.00,25.00,0.00,0.00,49290870.65,5933600.85,Japan,2016
Vegetable,5870805.03,150741.15,9.28,0.11,2.62,-2.48,-6.48,2.68,1.83,268,33.96,26.87,2.24,36.94,29.80,0.00,110.23,135247.86,10336.07,2.68,1.83,268,33.96,26.87,2.24,36.94,29.80,0.00,110.23,135247.86,10336.07,Japan,2016
Wood,1885645.99,478299.74,2.98,0.35,1.18,-0.16,-1.44,0.66,0.05,368,16.85,82.34,0.27,0.54,18.00,0.00,1056.90,8873.51,468752.86,0.66,0.05,368,16.85,82.34,0.27,0.54,18.00,0.00,1056.90,8873.51,468752.86,Japan,2016
All Products,67582504.04,139733004.18,100.00,100.00,1.00,5.22,3.36,4.25,1.57,8542,55.76,36.56,1.70,5.98,3000.00,0.00,936543.78,87440746.55,42742385.05,4.25,1.57,8542,55.76,36.56,1.70,5.98,3000.00,0.00,936543.78,87440746.55,42742385.05,Japan,2017
Capital goods,18996689.50,62610539.65,28.11,44.81,1.34,3.95,-0.96,1.28,1.05,1471,42.35,56.70,0.27,0.68,25.00,0.00,2006.08,33526118.40,27184126.20,1.28,1.05,1471,42.35,56.70,0.27,0.68,25.00,0.00,2006.08,33526118.40,27184126.20,Japan,2017
Consumer goods,15146937.76,57100088.01,22.41,40.86,0.66,3.48,6.37,7.16,2.12,3262,62.11,25.26,3.19,9.44,3000.00,0.00,930250.78,46637781.04,6233985.73,7.16,2.12,3262,62.11,25.26,3.19,9.44,3000.00,0.00,930250.78,46637781.04,6233985.73,Japan,2017
Intermediate goods,13129983.73,15842720.45,19.43,11.34,1.34,4.57,1.63,3.79,1.59,3169,59.07,36.76,0.79,3.38,175.64,0.00,3928.06,6000144.32,8628789.59,3.79,1.59,3169,59.07,36.76,0.79,3.38,175.64,0.00,3928.06,6000144.32,8628789.59,Japan,2017
Raw materials,12909287.17,763555.93,19.10,0.55,0.86,10.05,9.88,1.03,1.14,280,21.07,57.14,0.00,21.79,26.00,0.00,0.00,74744.25,147642.77,1.03,1.14,280,21.07,57.14,0.00,21.79,26.00,0.00,0.00,74744.25,147642.77,Japan,2017
Animal,4697188.54,239875.56,6.95,0.17,1.91,3.65,7.12,1.12,0.91,224,37.95,45.09,0.00,16.96,52.12,0.00,0.00,50015.30,195710.81,1.12,0.91,224,37.95,45.09,0.00,16.96,52.12,0.00,0.00,50015.30,195710.81,Japan,2017
Chemicals,10144993.84,8362355.21,15.01,5.98,1.89,1.04,1.49,2.63,1.61,1384,70.52,28.76,0.00,0.72,6.06,0.00,0.00,3561235.10,3761036.51,2.63,1.61,1384,70.52,28.76,0.00,0.72,6.06,0.00,0.00,3561235.10,3761036.51,Japan,2017
Food Products,2048863.40,582200.75,3.03,0.42,0.98,5.33,-4.48,32.21,21.22,559,46.15,20.75,4.65,28.44,3000.00,0.00,73427.97,427200.66,83095.98,32.21,21.22,559,46.15,20.75,4.65,28.44,3000.00,0.00,73427.97,427200.66,83095.98,Japan,2017
Footwear,69264.39,27788.22,0.10,0.02,0.07,-1.24,-6.51,7.32,1.55,191,70.16,16.23,1.57,12.04,48.33,0.00,36.51,3670.94,24120.92,7.32,1.55,191,70.16,16.23,1.57,12.04,48.33,0.00,36.51,3670.94,24120.92,Japan,2017
Fuels,5525059.50,580463.85,8.18,0.42,0.40,12.89,60.20,0.32,0.32,20,0.00,85.00,0.00,15.00,19.31,0.00,0.00,535262.27,46547.93,0.32,0.32,20,0.00,85.00,0.00,15.00,19.31,0.00,0.00,535262.27,46547.93,Japan,2017
Hides and Skins,154943.94,14230.37,0.23,0.01,0.10,1.03,-7.71,5.08,7.55,155,87.10,12.26,0.00,0.65,20.00,0.00,0.00,14114.15,124.44,5.08,7.55,155,87.10,12.26,0.00,0.65,20.00,0.00,0.00,14114.15,124.44,Japan,2017
Mach and Elec,10703895.69,47803655.32,15.84,34.21,0.92,4.19,-0.40,1.24,0.97,1281,44.18,55.74,0.00,0.08,15.00,0.00,0.00,23300547.27,25538149.36,1.24,0.97,1281,44.18,55.74,0.00,0.08,15.00,0.00,0.00,23300547.27,25538149.36,Japan,2017
Metals,1576334.85,5364064.36,2.33,3.84,0.46,8.36,-4.73,1.54,2.11,891,40.74,54.43,2.58,2.24,15.00,0.00,9948.86,2818321.51,2548559.37,1.54,2.11,891,40.74,54.43,2.58,2.24,15.00,0.00,9948.86,2818321.51,2548559.37,Japan,2017
Minerals,647492.55,145989.60,0.96,0.10,0.40,10.32,52.14,0.24,0.22,57,3.51,89.47,0.00,7.02,18.64,0.00,0.00,11231.07,59949.39,0.24,0.22,57,3.51,89.47,0.00,7.02,18.64,0.00,0.00,11231.07,59949.39,Japan,2017
Miscellaneous,11366953.72,13618961.99,16.82,9.75,1.75,4.18,6.06,3.18,0.92,803,37.11,43.84,10.34,8.72,175.64,0.00,852832.77,4636900.73,4287006.41,3.18,0.92,803,37.11,43.84,10.34,8.72,175.64,0.00,852832.77,4636900.73,4287006.41,Japan,2017
Plastic or Rubber,2087387.59,4516426.25,3.09,3.23,1.00,4.85,3.74,3.33,3.39,357,78.43,21.57,0.00,0.00,14.00,0.00,0.00,3965576.54,331672.42,3.33,3.39,357,78.43,21.57,0.00,0.00,14.00,0.00,0.00,3965576.54,331672.42,Japan,2017
Stone and Glass,2158753.91,1226006.45,3.19,0.88,0.95,1.96,-1.48,3.02,1.86,349,62.46,35.53,0.00,2.01,38.00,0.00,0.00,751362.29,537636.67,3.02,1.86,349,62.46,35.53,0.00,2.01,38.00,0.00,0.00,751362.29,537636.67,Japan,2017
Textiles and Clothing,486026.66,715045.55,0.72,0.51,0.11,0.49,-1.07,8.88,5.25,1444,82.83,11.43,0.48,5.26,32.00,0.00,268.49,557811.68,149813.80,8.88,5.25,1444,82.83,11.43,0.48,5.26,32.00,0.00,268.49,557811.68,149813.80,Japan,2017
Transportation,7977039.04,55917198.80,11.80,40.02,1.54,-0.27,-13.55,2.75,1.79,214,53.27,46.73,0.00,0.00,25.00,0.00,0.00,46658254.67,4710450.88,2.75,1.79,214,53.27,46.73,0.00,0.00,25.00,0.00,0.00,46658254.67,4710450.88,Japan,2017
Vegetable,6027247.87,146898.17,8.92,0.11,2.84,0.67,2.92,2.16,1.72,250,30.40,29.60,1.20,38.80,29.00,0.00,29.17,143555.26,10599.34,2.16,1.72,250,30.40,29.60,1.20,38.80,29.00,0.00,29.17,143555.26,10599.34,Japan,2017
Wood,1911058.55,471843.71,2.83,0.34,1.15,0.56,-2.54,0.62,0.02,363,17.08,82.37,0.00,0.55,18.00,0.00,0.00,5687.11,457910.84,0.62,0.02,363,17.08,82.37,0.00,0.55,18.00,0.00,0.00,5687.11,457910.84,Japan,2017
All Products,75226085.62,145902252.54,100.00,100.00,1.00,5.55,6.35,4.47,1.78,8422,56.25,36.55,1.57,5.64,3000.00,0.00,875320.84,89508078.78,45818564.18,4.47,1.78,8422,56.25,36.55,1.57,5.64,3000.00,0.00,875320.84,89508078.78,45818564.18,Japan,2018
Capital goods,20450452.37,64781758.52,27.19,44.40,1.37,3.84,5.86,1.43,1.17,1468,42.37,56.68,0.27,0.68,25.00,0.00,1892.46,33878137.32,28785557.88,1.43,1.17,1468,42.37,56.68,0.27,0.68,25.00,0.00,1892.46,33878137.32,28785557.88,Japan,2018
Consumer goods,17471295.27,58984441.44,23.23,40.43,0.67,5.51,7.37,7.43,2.45,3190,62.73,25.64,3.01,8.62,3000.00,0.00,868762.39,48050365.23,7170893.83,7.43,2.45,3190,62.73,25.64,3.01,8.62,3000.00,0.00,868762.39,48050365.23,7170893.83,Japan,2018
Intermediate goods,14283745.82,17329442.85,18.99,11.88,1.28,6.45,4.97,4.02,1.67,3087,59.51,36.48,0.68,3.34,132.52,0.00,4134.43,6239196.67,9162848.49,4.02,1.67,3087,59.51,36.48,0.68,3.34,132.52,0.00,4134.43,6239196.67,9162848.49,Japan,2018
Raw materials,15635750.08,878869.68,20.79,0.60,0.87,7.21,8.61,0.98,1.69,320,26.56,53.13,0.63,19.69,31.88,0.00,13.82,98734.87,138275.45,0.98,1.69,320,26.56,53.13,0.63,19.69,31.88,0.00,13.82,98734.87,138275.45,Japan,2018
Animal,4914756.74,255452.78,6.53,0.18,1.88,1.48,1.40,1.39,1.29,167,35.93,49.70,0.00,14.37,81.47,0.00,0.00,63374.10,190562.34,1.39,1.29,167,35.93,49.70,0.00,14.37,81.47,0.00,0.00,63374.10,190562.34,Japan,2018
Chemicals,10698364.15,9675464.50,14.22,6.63,1.79,7.03,4.94,2.93,1.62,1385,70.47,28.81,0.00,0.72,6.50,0.00,0.00,3631127.44,4244864.27,2.93,1.62,1385,70.47,28.81,0.00,0.72,6.50,0.00,0.00,3631127.44,4244864.27,Japan,2018
Food Products,2057322.58,617460.20,2.73,0.42,0.92,2.92,0.60,31.70,15.99,537,46.37,20.86,5.03,27.75,3000.00,0.00,80776.71,472784.63,86297.60,31.70,15.99,537,46.37,20.86,5.03,27.75,3000.00,0.00,80776.71,472784.63,86297.60,Japan,2018
Footwear,67163.45,38992.07,0.09,0.03,0.06,2.02,-4.61,7.18,2.07,193,68.91,17.62,1.55,11.92,49.14,0.00,15.34,5694.58,33297.50,7.18,2.07,193,68.91,17.62,1.55,11.92,49.14,0.00,15.34,5694.58,33297.50,Japan,2018
Fuels,9107984.60,860649.79,12.11,0.59,0.50,11.22,25.56,0.28,0.00,24,0.00,79.17,8.33,12.50,18.93,0.00,13.82,768080.25,92569.55,0.28,0.00,24,0.00,79.17,8.33,12.50,18.93,0.00,13.82,768080.25,92569.55,Japan,2018
Hides and Skins,143169.39,15402.75,0.19,0.01,0.08,2.55,-9.16,5.01,8.02,138,84.78,14.49,0.00,0.72,20.00,0.00,0.00,15281.04,121.72,5.01,8.02,138,84.78,14.49,0.00,0.72,20.00,0.00,0.00,15281.04,121.72,Japan,2018
Mach and Elec,10880931.11,49646149.50,14.46,34.03,0.91,2.97,3.18,1.42,1.08,1277,44.48,55.44,0.00,0.08,15.00,0.00,0.00,23380534.33,27243192.93,1.42,1.08,1277,44.48,55.44,0.00,0.08,15.00,0.00,0.00,23380534.33,27243192.93,Japan,2018
Metals,1979945.54,5630098.49,2.63,3.86,0.48,7.08,9.70,1.75,2.41,878,41.46,53.64,2.51,2.39,15.00,0.00,11869.25,3105669.09,2524429.40,1.75,2.41,878,41.46,53.64,2.51,2.39,15.00,0.00,11869.25,3105669.09,2524429.40,Japan,2018
Minerals,714293.97,161632.80,0.95,0.11,0.35,3.19,-2.30,0.19,0.50,60,1.67,93.33,0.00,5.00,31.88,0.00,0.00,16489.90,61193.92,0.19,0.50,60,1.67,93.33,0.00,5.00,31.88,0.00,0.00,16489.90,61193.92,Japan,2018
Miscellaneous,12567265.97,14693702.34,16.71,10.07,1.72,3.57,3.52,3.12,0.94,786,38.17,44.27,9.29,8.27,132.52,0.00,782510.84,4671578.00,4763286.98,3.12,0.94,786,38.17,44.27,9.29,8.27,132.52,0.00,782510.84,4671578.00,4763286.98,Japan,2018
Plastic or Rubber,2172411.80,4782992.16,2.89,3.28,0.95,4.50,2.54,3.66,3.64,357,78.99,21.01,0.00,0.00,14.00,0.00,0.00,4166846.54,384894.53,3.66,3.64,357,78.99,21.01,0.00,0.00,14.00,0.00,0.00,4166846.54,384894.53,Japan,2018
Stone and Glass,2307811.73,1308259.96,3.07,0.90,0.89,5.18,2.40,3.14,1.99,353,62.61,35.69,0.00,1.70,38.00,0.00,0.00,797991.20,579776.14,3.14,1.99,353,62.61,35.69,0.00,1.70,38.00,0.00,0.00,797991.20,579776.14,Japan,2018
Textiles and Clothing,515008.45,754811.00,0.68,0.52,0.10,3.79,0.38,9.15,5.45,1439,83.67,11.54,0.21,4.59,32.00,0.00,64.70,580110.43,169473.15,9.15,5.45,1439,83.67,11.54,0.21,4.59,32.00,0.00,64.70,580110.43,169473.15,Japan,2018
Transportation,8274260.09,56838860.39,11.00,38.96,1.75,5.91,13.79,2.80,2.19,211,50.71,49.29,0.00,0.00,25.00,0.00,0.00,47663301.86,5005604.34,2.80,2.19,211,50.71,49.29,0.00,0.00,25.00,0.00,0.00,47663301.86,5005604.34,Japan,2018
Vegetable,6819834.09,166673.97,9.07,0.11,3.02,2.25,6.23,2.23,1.94,281,36.65,26.33,0.71,36.30,29.80,0.00,70.18,164032.27,10619.29,2.23,1.94,281,36.65,26.33,0.71,36.30,29.80,0.00,70.18,164032.27,10619.29,Japan,2018
Wood,2005561.96,455649.82,2.67,0.31,1.14,3.19,3.66,0.59,0.02,336,15.48,84.23,0.00,0.30,18.00,0.00,0.00,5183.13,428380.53,0.59,0.02,336,15.48,84.23,0.00,0.30,18.00,0.00,0.00,5183.13,428380.53,Japan,2018
All Products,74650662.38,146974311.37,100.00,100.00,1.00,-1.85,-1.34,3.70,1.73,8404,56.19,36.65,1.23,5.94,398.30,0.00,824514.29,85342222.42,48065790.35,3.70,1.73,8404,56.19,36.65,1.23,5.94,398.30,0.00,824514.29,85342222.42,48065790.35,Japan,2019
Capital goods,18743753.41,64992801.44,25.11,44.22,1.29,-0.89,-3.34,1.38,1.13,1465,42.12,56.93,0.61,0.34,25.00,0.00,2135.11,32249718.82,30578921.84,1.38,1.13,1465,42.12,56.93,0.61,0.34,25.00,0.00,2135.11,32249718.82,30578921.84,Japan,2019
Consumer goods,19494099.58,58638942.40,26.11,39.90,0.72,-1.62,2.12,5.02,2.30,3202,62.40,25.98,1.84,9.78,131.80,0.00,815044.57,45595757.04,7815091.74,5.02,2.30,3202,62.40,25.98,1.84,9.78,131.80,0.00,815044.57,45595757.04,7815091.74,Japan,2019
Intermediate goods,13211351.35,18082230.81,17.70,12.30,1.26,-2.74,-2.80,4.11,2.06,3094,59.70,36.23,0.71,3.36,398.30,0.00,6566.04,6225191.10,8848407.85,4.11,2.06,3094,59.70,36.23,0.71,3.36,398.30,0.00,6566.04,6225191.10,8848407.85,Japan,2019
Raw materials,14323998.84,922755.76,19.19,0.63,0.90,-2.81,-0.25,1.22,1.67,288,27.43,53.13,2.08,17.36,33.84,0.00,20.69,96027.73,134542.67,1.22,1.67,288,27.43,53.13,2.08,17.36,33.84,0.00,20.69,96027.73,134542.67,Japan,2019
Animal,4509060.19,291221.93,6.04,0.20,1.74,0.49,-2.67,1.80,1.15,171,32.16,49.71,0.00,18.13,123.05,0.00,0.00,64619.72,224864.40,1.80,1.15,171,32.16,49.71,0.00,18.13,123.05,0.00,0.00,64619.72,224864.40,Japan,2019
Chemicals,10537259.25,11560213.30,14.12,7.87,1.75,-1.38,-1.99,2.94,1.38,1359,70.35,28.84,0.00,0.81,6.50,0.00,0.00,3628780.76,5040254.18,2.94,1.38,1359,70.35,28.84,0.00,0.81,6.50,0.00,0.00,3628780.76,5040254.18,Japan,2019
Food Products,2038184.33,686902.02,2.73,0.47,0.88,0.55,-0.95,6.54,4.97,547,47.17,21.39,2.19,29.25,131.80,0.00,76093.93,512021.56,105342.02,6.54,4.97,547,47.17,21.39,2.19,29.25,131.80,0.00,76093.93,512021.56,105342.02,Japan,2019
Footwear,61989.04,36788.87,0.08,0.03,0.05,-0.99,-7.89,8.41,1.29,187,70.59,15.51,3.21,10.70,49.23,0.00,780.87,4385.16,32403.72,8.41,1.29,187,70.59,15.51,3.21,10.70,49.23,0.00,780.87,4385.16,32403.72,Japan,2019
Fuels,9329945.57,1290653.82,12.50,0.88,0.58,-5.64,2.24,0.00,0.00,12,0.00,100.00,0.00,0.00,0.00,0.00,0.00,1208808.25,81845.57,0.00,0.00,12,0.00,100.00,0.00,0.00,0.00,0.00,0.00,1208808.25,81845.57,Japan,2019
Hides and Skins,145716.07,14768.50,0.20,0.01,0.07,1.92,-4.18,5.64,8.03,141,87.23,12.06,0.00,0.71,20.00,0.00,0.00,14755.77,12.73,5.64,8.03,141,87.23,12.06,0.00,0.71,20.00,0.00,0.00,14755.77,12.73,Japan,2019
Mach and Elec,10618146.12,48934234.44,14.22,33.29,0.87,-0.70,-2.46,1.38,1.01,1276,43.89,56.03,0.00,0.08,12.50,0.00,0.00,22560444.32,29035672.99,1.38,1.01,1276,43.89,56.03,0.00,0.08,12.50,0.00,0.00,22560444.32,29035672.99,Japan,2019
Metals,1935404.61,5391489.53,2.59,3.67,0.52,-4.00,0.91,1.77,2.54,887,42.28,52.65,3.16,1.92,15.00,0.00,26261.18,3032217.15,2359272.38,1.77,2.54,887,42.28,52.65,3.16,1.92,15.00,0.00,26261.18,3032217.15,2359272.38,Japan,2019
Minerals,1029473.35,211641.84,1.38,0.14,0.61,1.51,34.94,0.22,0.36,53,1.89,92.45,0.00,5.66,33.84,0.00,0.00,14619.66,61003.08,0.22,0.36,53,1.89,92.45,0.00,5.66,33.84,0.00,0.00,14619.66,61003.08,Japan,2019
Miscellaneous,11128791.49,16605607.68,14.91,11.30,1.58,-1.09,-4.90,3.32,1.63,786,37.79,45.04,6.11,11.07,398.30,0.00,721216.68,4715621.84,4667625.54,3.32,1.63,786,37.79,45.04,6.11,11.07,398.30,0.00,721216.68,4715621.84,4667625.54,Japan,2019
Plastic or Rubber,2107011.56,4886835.79,2.82,3.33,0.94,-1.64,-1.52,3.60,3.63,357,78.43,21.57,0.00,0.00,14.00,0.00,0.00,4215236.46,395746.73,3.60,3.63,357,78.43,21.57,0.00,0.00,14.00,0.00,0.00,4215236.46,395746.73,Japan,2019
Stone and Glass,2282290.70,1369675.57,3.06,0.93,0.91,-1.58,0.36,3.16,1.79,351,61.82,36.18,0.00,1.99,38.00,0.00,0.00,765953.42,724017.91,3.16,1.79,351,61.82,36.18,0.00,1.99,38.00,0.00,0.00,765953.42,724017.91,Japan,2019
Textiles and Clothing,501221.81,784135.84,0.67,0.53,0.10,-0.81,0.90,9.20,5.50,1448,83.43,11.40,0.21,4.97,32.00,0.00,140.93,617047.91,161634.54,9.20,5.50,1448,83.43,11.40,0.21,4.97,32.00,0.00,140.93,617047.91,161634.54,Japan,2019
Transportation,10695669.43,54340701.78,14.33,36.97,1.78,1.68,3.31,2.72,2.23,212,50.47,49.53,0.00,0.00,25.00,0.00,0.00,43816734.69,4788409.90,2.72,2.23,212,50.47,49.53,0.00,0.00,25.00,0.00,0.00,43816734.69,4788409.90,Japan,2019
Vegetable,5960466.75,169564.90,7.98,0.12,2.71,-0.51,-5.27,2.55,1.94,274,36.86,28.47,2.19,32.48,29.80,0.00,20.69,165096.09,11661.64,2.55,1.94,274,36.86,28.47,2.19,32.48,29.80,0.00,20.69,165096.09,11661.64,Japan,2019
Wood,1770032.09,399875.56,2.37,0.27,1.02,-0.53,-5.31,0.59,0.03,343,15.16,84.84,0.00,0.00,18.00,0.00,0.00,5879.67,376023.03,0.59,0.03,343,15.16,84.84,0.00,0.00,18.00,0.00,0.00,5879.67,376023.03,Japan,2019
All Products,64090703.42,122483985.44,100.00,100.00,1.00,-6.13,-6.12,3.53,1.60,8273,54.41,37.93,2.08,5.58,162.84,0.00,610999.95,64767985.17,44537258.75,3.61,1.70,8273,55.06,37.28,2.08,5.58,162.84,0.00,610999.95,65792929.03,43512314.89,Japan,2020
Capital goods,17758240.47,53719681.97,27.71,43.86,1.12,-3.59,-10.08,1.19,0.90,1438,35.54,63.56,0.63,0.28,25.00,0.00,1036.22,22425387.36,29121442.01,1.36,1.03,1438,37.20,61.89,0.63,0.28,25.00,0.00,1036.22,23183786.33,28363043.04,Japan,2020
Consumer goods,17319842.96,48875069.90,27.02,39.90,0.74,-4.75,-3.04,4.81,2.16,3216,61.44,26.24,3.42,8.89,131.80,0.00,600698.10,35741208.93,7929891.10,4.93,2.25,3216,61.97,25.72,3.42,8.89,131.80,0.00,600698.10,35875716.37,7795383.67,Japan,2020
Intermediate goods,11820844.44,15591155.55,18.44,12.73,1.31,-3.93,-2.13,3.92,2.33,2988,58.87,36.81,1.24,3.08,162.84,0.00,4101.55,5122258.90,6659016.96,3.95,2.40,2988,59.20,36.48,1.24,3.08,162.84,0.00,4101.55,5254238.71,6527037.15,Japan,2020
Raw materials,12417312.49,760787.58,19.37,0.62,1.02,-12.74,-7.18,1.18,2.00,301,25.25,52.82,2.99,18.94,26.40,0.00,4403.47,117487.89,106597.05,1.21,2.00,301,26.25,51.83,2.99,18.94,26.40,0.00,4403.47,117545.55,106539.40,Japan,2020
Animal,4428697.79,193601.04,6.91,0.16,1.90,-4.83,-0.51,2.24,1.96,223,44.39,35.43,0.00,20.18,81.53,0.00,0.00,58155.29,134964.13,2.24,1.96,223,44.39,35.43,0.00,20.18,81.53,0.00,0.00,58155.29,134964.13,Japan,2020
Chemicals,9531738.39,11424347.82,14.87,9.33,1.81,-0.39,1.14,2.87,1.29,1352,69.45,29.66,0.07,0.81,6.50,0.00,1027.57,2620619.70,5100838.93,2.90,1.36,1352,69.53,29.59,0.07,0.81,6.50,0.00,1027.57,2620619.70,5100838.93,Japan,2020
Food Products,1901090.19,693153.63,2.97,0.57,0.89,-1.25,-0.92,6.48,4.65,530,46.42,19.81,3.77,30.00,131.80,0.00,124865.53,498495.33,136737.46,6.51,4.70,530,46.42,19.81,3.77,30.00,131.80,0.00,124865.53,498495.33,136737.46,Japan,2020
Footwear,44796.91,36294.03,0.07,0.03,0.05,-8.73,-6.92,7.60,1.62,184,70.11,16.30,2.72,10.87,50.26,0.00,761.76,4696.01,31598.02,7.60,1.62,184,70.11,16.30,2.72,10.87,50.26,0.00,761.76,4696.01,31598.02,Japan,2020
Fuels,7228001.52,449095.63,11.28,0.37,0.64,-17.67,-13.01,0.33,0.05,20,0.00,85.00,0.00,15.00,19.69,0.00,0.00,418905.13,30190.50,0.33,0.05,20,0.00,85.00,0.00,15.00,19.69,0.00,0.00,418905.13,30190.50,Japan,2020
Hides and Skins,100273.41,14132.64,0.16,0.01,0.06,-10.85,-18.96,5.72,7.90,130,88.46,10.77,0.00,0.77,20.00,0.00,0.00,14113.13,19.51,5.72,7.90,130,88.46,10.77,0.00,0.77,20.00,0.00,0.00,14113.13,19.51,Japan,2020
Mach and Elec,9897415.30,42230775.59,15.44,34.48,0.76,-1.94,-7.92,1.20,0.84,1260,37.94,61.98,0.00,0.08,15.00,0.00,0.00,16328772.82,27317425.14,1.39,0.99,1260,39.92,60.00,0.00,0.08,15.00,0.00,0.00,17077222.72,26568975.24,Japan,2020
Metals,1501919.84,4057259.38,2.34,3.31,0.49,-9.84,-12.51,1.66,1.99,847,40.85,53.60,3.31,2.24,15.00,0.00,11092.62,2242225.12,1815034.27,1.81,2.57,847,42.27,52.18,3.31,2.24,15.00,0.00,11092.62,2410763.05,1646496.33,Japan,2020
Minerals,1055443.55,261793.69,1.65,0.21,0.62,0.74,1.43,0.12,0.22,54,3.70,88.89,5.56,1.85,3.00,0.00,4324.46,22638.02,58865.13,0.12,0.22,54,3.70,88.89,5.56,1.85,3.00,0.00,4324.46,22638.02,58865.13,Japan,2020
Miscellaneous,10239642.75,12890864.71,15.98,10.52,1.52,-3.43,-5.02,2.55,1.61,791,33.50,48.80,12.90,4.80,162.84,0.00,468684.26,2606708.71,5199316.14,2.70,1.75,791,34.51,47.79,12.90,4.80,162.84,0.00,468684.26,2690077.06,5115947.79,Japan,2020
Plastic or Rubber,1888680.19,4097690.69,2.95,3.35,0.94,-3.99,-4.15,3.53,3.56,357,77.03,22.97,0.00,0.00,14.00,0.00,0.00,3545106.05,316039.16,3.56,3.69,357,77.59,22.41,0.00,0.00,14.00,0.00,0.00,3569636.06,291509.14,Japan,2020
Stone and Glass,2084974.10,1236520.53,3.25,1.01,0.82,5.24,0.13,3.18,1.70,347,62.25,35.73,0.00,2.02,38.00,0.00,0.00,756727.00,644628.16,3.21,1.79,347,62.25,35.73,0.00,2.02,38.00,0.00,0.00,756727.00,644628.16,Japan,2020
Textiles and Clothing,412457.04,654617.26,0.64,0.53,0.08,-1.61,-10.46,9.11,5.23,1394,82.42,11.76,0.43,5.38,32.00,0.00,107.59,500400.29,148648.87,9.11,5.23,1394,82.42,11.76,0.43,5.38,32.00,0.00,107.59,500400.29,148648.87,Japan,2020
Transportation,6350065.53,43739151.12,9.91,35.71,1.48,-13.81,-21.49,2.40,2.17,209,50.24,49.76,0.00,0.00,25.00,0.00,0.00,34952661.59,3319064.16,2.60,2.18,209,51.20,48.80,0.00,0.00,25.00,0.00,0.00,34952661.59,3319064.16,Japan,2020
Vegetable,5784737.02,194350.61,9.03,0.16,2.64,-1.49,-2.73,2.65,1.78,249,35.74,28.92,2.81,32.53,29.80,0.00,136.16,192755.66,10046.83,2.74,2.03,249,37.35,27.31,2.81,32.53,29.80,0.00,136.16,192813.31,9989.18,Japan,2020
Wood,1640769.91,310337.10,2.56,0.25,1.10,-8.37,-4.80,0.56,0.03,326,14.72,84.97,0.00,0.31,18.00,0.00,0.00,5005.36,273842.34,0.56,0.03,326,14.72,84.97,0.00,0.31,18.00,0.00,0.00,5005.36,273842.34,Japan,2020
All Products,74960699.15,139389676.63,100.00,100.00,1.00,10.25,7.52,3.61,1.57,8460,53.33,38.88,1.34,6.45,182.34,0.00,738082.51,70042862.44,53637743.29,3.71,1.71,8460,55.17,37.04,1.34,6.45,182.34,0.00,738082.51,73844737.55,49835868.18,Japan,2021
Capital goods,17692430.95,65278897.62,23.60,46.83,1.06,6.86,1.17,1.17,0.93,1452,32.23,66.87,0.62,0.28,25.00,0.00,1985.44,25773904.23,36617126.26,1.37,1.08,1452,36.78,62.33,0.62,0.28,25.00,0.00,1985.44,28584433.23,33806597.26,Japan,2021
Consumer goods,23259023.52,52228604.93,31.03,37.47,0.91,6.36,14.69,4.92,2.12,3300,59.73,27.70,1.88,10.70,145.53,0.00,724725.38,36275633.18,9852333.66,5.06,2.24,3300,61.79,25.64,1.88,10.70,145.53,0.00,724725.38,37133401.14,8994565.70,Japan,2021
Intermediate goods,13913345.15,17176325.82,18.56,12.32,1.18,14.23,5.67,4.06,2.55,3066,59.30,36.53,0.91,3.26,182.34,0.00,9705.13,6085608.20,6132378.28,4.09,2.62,3066,59.82,36.01,0.91,3.26,182.34,0.00,9705.13,6219121.13,5998865.35,Japan,2021
Raw materials,15679320.86,944651.75,20.92,0.68,0.92,18.19,9.58,1.13,3.07,301,26.25,51.50,1.99,20.27,35.47,0.00,139.57,191911.64,123052.57,1.14,3.07,301,27.57,50.17,1.99,20.27,35.47,0.00,139.57,191911.64,123052.57,Japan,2021
Animal,5028200.15,334877.66,6.71,0.24,2.02,3.70,4.24,1.93,2.60,233,43.35,36.91,0.43,19.31,78.42,0.00,16.80,130490.64,200984.07,1.93,2.60,233,43.35,36.91,0.43,19.31,78.42,0.00,16.80,130490.64,200984.07,Japan,2021
Chemicals,11850549.41,13484268.53,15.81,9.67,1.93,10.05,10.98,2.89,1.26,1372,69.61,29.59,0.07,0.73,6.50,0.00,1431.16,2806287.52,5894293.20,2.92,1.33,1372,69.83,29.37,0.07,0.73,6.50,0.00,1431.16,2912020.85,5788559.88,Japan,2021
Food Products,2029175.64,927198.01,2.71,0.67,0.92,1.63,0.97,6.22,4.31,574,45.30,20.91,2.09,31.71,131.80,0.00,83605.29,632512.24,184585.56,6.28,4.40,574,45.64,20.56,2.09,31.71,131.80,0.00,83605.29,632512.24,184585.56,Japan,2021
Footwear,44599.78,35560.16,0.06,0.03,0.05,1.11,2.62,7.19,1.42,194,69.07,17.53,3.09,10.31,49.57,0.00,1538.63,5232.96,30327.20,7.19,1.42,194,69.07,17.53,3.09,10.31,49.57,0.00,1538.63,5232.96,30327.20,Japan,2021
Fuels,11744957.00,609880.77,15.67,0.44,0.73,21.11,26.17,0.28,0.07,22,0.00,86.36,0.00,13.64,19.53,0.00,0.00,552645.60,57235.17,0.28,0.07,22,0.00,86.36,0.00,13.64,19.53,0.00,0.00,552645.60,57235.17,Japan,2021
Hides and Skins,100669.59,18423.61,0.13,0.01,0.06,1.68,4.09,5.23,8.10,150,86.00,13.33,0.00,0.67,20.00,0.00,0.00,18375.66,47.95,5.23,8.10,150,86.00,13.33,0.00,0.67,20.00,0.00,0.00,18375.66,47.95,Japan,2021
Mach and Elec,9410134.83,51026423.97,12.55,36.61,0.73,6.37,1.22,1.13,0.85,1266,32.70,67.22,0.00,0.08,12.50,0.00,0.00,18263657.88,34410706.43,1.36,1.03,1266,39.34,60.58,0.00,0.08,12.50,0.00,0.00,21101752.00,31572612.31,Japan,2021
Metals,1383638.41,5031964.61,1.85,3.61,0.31,16.90,-9.72,1.63,1.76,860,39.19,55.70,3.26,1.86,15.00,0.00,26775.58,2421539.23,2610425.37,1.80,2.38,860,42.44,52.44,3.26,1.86,15.00,0.00,26775.58,2872324.79,2159639.81,Japan,2021
Minerals,1506303.69,233335.49,2.01,0.17,0.60,25.66,20.58,0.25,0.36,58,1.72,91.38,0.00,6.90,35.47,0.00,0.00,21157.87,70983.99,0.25,0.36,58,1.72,91.38,0.00,6.90,35.47,0.00,0.00,21157.87,70983.99,Japan,2021
Miscellaneous,11001757.04,15078835.13,14.68,10.82,1.51,4.52,1.47,3.50,1.53,802,31.80,50.25,6.48,11.47,182.34,0.00,624400.54,3124664.00,6347414.05,3.68,1.73,802,34.29,47.76,6.48,11.47,182.34,0.00,624400.54,3410476.73,6061601.32,Japan,2021
Plastic or Rubber,2095815.07,4929803.96,2.80,3.54,0.86,9.27,1.86,3.60,3.61,356,77.81,22.19,0.00,0.00,14.00,0.00,0.00,4340227.11,362659.89,3.63,3.74,356,78.37,21.63,0.00,0.00,14.00,0.00,0.00,4372583.14,330303.86,Japan,2021
Stone and Glass,2832086.52,1438395.24,3.78,1.03,0.67,16.91,2.88,3.31,1.66,357,62.75,35.29,0.00,1.96,38.00,0.00,0.00,717676.87,841855.78,3.35,1.78,357,63.03,35.01,0.00,1.96,38.00,0.00,0.00,804781.41,754751.24,Japan,2021
Textiles and Clothing,420499.60,772277.18,0.56,0.55,0.10,-3.71,2.79,9.14,5.23,1429,83.00,11.62,0.49,4.90,32.00,0.00,174.93,599362.65,167135.23,9.14,5.23,1429,83.00,11.62,0.49,4.90,32.00,0.00,174.93,599362.65,167135.23,Japan,2021
Transportation,6076598.63,44869738.09,8.11,32.19,1.22,10.38,-2.15,2.63,2.25,206,48.54,51.46,0.00,0.00,25.00,0.00,0.00,36179966.84,2130582.31,2.93,2.26,206,51.94,48.06,0.00,0.00,25.00,0.00,0.00,36179966.84,2130582.31,Japan,2021
Vegetable,7611255.86,223630.30,10.15,0.16,3.03,8.67,13.59,2.58,1.53,264,31.82,29.92,2.27,35.98,131.80,0.00,139.57,219513.14,12427.85,2.75,2.05,264,34.85,26.89,2.27,35.98,131.80,0.00,139.57,221501.94,10439.05,Japan,2021
Wood,1824457.93,375063.92,2.43,0.27,1.07,9.00,4.52,0.66,0.05,317,17.35,82.65,0.00,0.00,18.00,0.00,0.00,9552.23,316079.22,0.66,0.05,317,17.35,82.65,0.00,0.00,18.00,0.00,0.00,9552.23,316079.22,Japan,2021
All Products,80304526.18,154445161.54,100.00,100.00,1.00,7.87,4.55,3.54,1.58,8349,54.53,39.14,0.01,6.31,262.43,0.00,928.38,74800627.50,56758154.23,3.64,1.72,8349,56.44,37.24,0.01,6.31,262.43,0.00,928.38,79024267.44,52534514.29,Japan,2022
Capital goods,18015520.35,74214702.56,22.43,48.05,1.13,1.31,1.58,1.15,0.92,1458,32.99,66.74,0.00,0.27,25.00,0.00,0.00,27629392.62,39422708.43,1.33,1.08,1458,37.65,62.07,0.00,0.27,25.00,0.00,0.00,30794213.80,36257887.26,Japan,2022
Consumer goods,24806567.23,54687301.72,30.89,35.41,0.91,6.02,2.66,4.89,2.19,3158,61.30,28.12,0.03,10.54,262.43,0.00,928.38,38024463.33,10214909.67,5.04,2.31,3158,63.46,25.97,0.03,10.54,262.43,0.00,928.38,38960269.58,9279103.42,Japan,2022
Intermediate goods,16034734.63,20584099.54,19.97,13.33,1.29,6.07,7.46,3.98,2.39,3106,60.33,36.19,0.00,3.48,118.41,0.00,0.00,6926088.45,5991929.43,4.01,2.47,3106,60.88,35.64,0.00,3.48,118.41,0.00,0.00,7049026.30,5868991.58,Japan,2022
Raw materials,17308271.18,1260158.26,21.55,0.82,0.82,18.45,8.43,1.32,2.61,303,29.04,51.49,0.00,19.47,29.80,0.00,0.00,191780.22,153521.18,1.36,2.61,303,30.69,49.83,0.00,19.47,29.80,0.00,0.00,191780.22,153521.18,Japan,2022
Animal,4751047.61,573903.98,5.92,0.37,2.05,2.08,-0.44,2.07,1.89,240,44.58,34.17,0.00,21.25,109.64,0.00,0.00,143247.02,278765.39,2.07,1.89,240,44.58,34.17,0.00,21.25,109.64,0.00,0.00,143247.02,278765.39,Japan,2022
Chemicals,13629941.90,15600531.72,16.97,10.10,2.02,4.81,3.74,2.93,1.24,1369,69.91,29.22,0.07,0.80,8.20,0.00,928.38,3054490.56,6630815.93,2.96,1.31,1369,70.12,29.00,0.07,0.80,8.20,0.00,928.38,3160862.02,6524444.47,Japan,2022
Food Products,2217715.63,967448.32,2.76,0.63,1.02,2.44,4.50,5.72,4.63,534,47.94,20.60,0.00,31.46,262.43,0.00,0.00,725020.14,207064.29,5.77,4.73,534,48.13,20.41,0.00,31.46,262.43,0.00,0.00,725020.14,207064.29,Japan,2022
Footwear,53015.51,56890.53,0.07,0.04,0.06,7.46,7.61,7.89,1.17,194,72.16,17.53,0.00,10.31,57.25,0.00,0.00,5952.21,50938.32,7.89,1.17,194,72.16,17.53,0.00,10.31,57.25,0.00,0.00,5952.21,50938.32,Japan,2022
Fuels,13395055.30,1239090.78,16.68,0.80,0.57,28.29,9.79,0.25,0.03,22,0.00,86.36,0.00,13.64,16.97,0.00,0.00,1112497.87,126592.91,0.25,0.03,22,0.00,86.36,0.00,13.64,16.97,0.00,0.00,1112497.87,126592.91,Japan,2022
Hides and Skins,82475.04,23960.09,0.10,0.02,0.06,5.07,0.13,5.72,7.92,149,87.92,11.41,0.00,0.67,20.00,0.00,0.00,23910.39,49.70,5.72,7.92,149,87.92,11.41,0.00,0.67,20.00,0.00,0.00,23910.39,49.70,Japan,2022
Mach and Elec,11157855.98,59848591.14,13.89,38.75,0.86,2.64,8.18,1.11,0.85,1279,32.84,67.08,0.00,0.08,12.50,0.00,0.00,19829813.12,36680585.32,1.32,1.04,1279,39.56,60.36,0.00,0.08,12.50,0.00,0.00,22993312.34,33517086.11,Japan,2022
Metals,1501282.74,5981800.21,1.87,3.87,0.34,5.76,8.11,1.77,1.90,842,41.92,56.06,0.00,2.02,23.05,0.00,0.00,2689990.33,3281940.76,1.94,2.39,842,45.25,52.73,0.00,2.02,23.05,0.00,0.00,3145005.33,2826925.76,Japan,2022
Minerals,1567686.12,114321.53,1.95,0.07,0.71,-4.95,0.31,0.23,0.41,56,1.79,89.29,0.00,8.93,29.64,0.00,0.00,24413.52,88457.30,0.23,0.41,56,1.79,89.29,0.00,8.93,29.64,0.00,0.00,24413.52,88457.30,Japan,2022
Miscellaneous,12371603.64,13648439.83,15.41,8.84,1.44,-0.79,-6.08,2.75,1.30,766,38.90,49.09,0.00,12.01,118.41,0.00,0.00,2891992.89,6517572.41,2.94,1.50,766,41.51,46.48,0.00,12.01,118.41,0.00,0.00,3229462.03,6180103.27,Japan,2022
Plastic or Rubber,3320694.27,6442905.54,4.14,4.17,1.29,8.10,28.59,3.59,3.51,356,77.81,22.19,0.00,0.00,14.00,0.00,0.00,5264693.89,491523.25,3.62,3.62,356,78.37,21.63,0.00,0.00,14.00,0.00,0.00,5304164.55,452052.59,Japan,2022
Stone and Glass,3019196.55,1984672.06,3.76,1.28,0.88,-5.70,4.55,3.30,1.68,351,62.68,35.33,0.00,1.99,38.00,0.00,0.00,830923.19,961810.90,3.33,1.82,351,62.96,35.04,0.00,1.99,38.00,0.00,0.00,951150.88,841583.21,Japan,2022
Textiles and Clothing,507700.76,904974.10,0.63,0.59,0.12,2.68,8.83,9.22,5.20,1362,84.29,11.31,0.00,4.41,32.00,0.00,0.00,678791.08,210571.98,9.22,5.20,1362,84.29,11.31,0.00,4.41,32.00,0.00,0.00,678791.08,210571.98,Japan,2022
Transportation,2531192.98,46426874.88,3.15,30.06,1.22,-6.87,-10.01,2.50,2.33,210,48.10,51.90,0.00,0.00,25.00,0.00,0.00,37293304.46,878613.57,2.81,2.33,210,51.43,48.57,0.00,0.00,25.00,0.00,0.00,37293304.46,878613.57,Japan,2022
Vegetable,8008946.70,229026.73,9.97,0.15,3.09,8.46,6.09,2.21,1.64,265,34.72,31.70,0.00,33.58,29.80,0.00,0.00,221844.97,14103.61,2.46,2.13,265,38.87,27.55,0.00,33.58,29.80,0.00,0.00,223431.76,12516.82,Japan,2022
Wood,2189115.42,401730.10,2.73,0.26,1.24,6.58,11.58,0.51,0.04,354,14.69,84.75,0.00,0.56,18.00,0.00,0.00,9741.86,338748.59,0.51,0.04,354,14.69,84.75,0.00,0.56,18.00,0.00,0.00,9741.86,338748.59,Japan,2022
All Products,111338634.55,135923120.58,100.00,100.00,1.00,10.84,10.08,0.53,0.27,7989,10.25,85.57,0.38,3.81,247.47,0.00,13163729.88,21741038.18,109868195.47,4.34,4.00,7989,59.34,29.20,1.54,9.91,350.00,0.00,13467011.18,102980414.21,28628819.44,Mexico,2000
Capital goods,51970635.26,52839653.67,46.68,38.87,0.99,12.03,11.33,0.10,0.13,1473,1.63,98.17,0.00,0.20,25.00,0.00,0.00,744676.86,52390434.09,1.55,3.35,1473,43.92,55.13,0.41,0.54,25.00,0.00,19542.27,32779520.50,20355590.45,Mexico,2000
Consumer goods,29325415.27,52252042.98,26.34,38.44,1.07,13.34,12.49,0.81,0.29,3220,13.17,79.63,0.81,6.40,247.47,0.00,866549.72,4975104.15,47749421.90,5.54,4.87,3220,64.29,21.06,2.55,12.11,247.47,0.00,935370.82,48917495.19,3807030.86,Mexico,2000
Intermediate goods,19898993.66,8698450.56,17.87,6.40,0.97,9.42,8.66,0.41,0.33,2704,12.94,85.47,0.07,1.52,106.19,0.00,2151.20,1713849.97,7154440.56,5.12,3.06,2704,69.53,21.49,0.96,8.03,112.12,0.00,27251.43,5705908.04,3162382.49,Mexico,2000
Raw materials,5347204.62,16326683.06,4.80,12.01,1.06,7.93,7.49,0.95,1.64,592,3.55,86.99,0.34,9.12,163.80,0.00,12295028.95,14307407.20,2573898.92,2.90,3.38,592,24.32,44.26,1.52,29.90,350.00,0.00,12484846.66,15577490.47,1303815.64,Mexico,2000
Animal,1500395.12,961119.24,1.35,0.71,0.94,15.43,12.99,3.51,0.17,283,18.37,56.54,0.00,25.09,183.45,0.00,0.00,7818.72,966322.55,4.83,0.51,283,39.22,25.09,0.00,35.69,183.45,0.00,0.00,507365.04,466776.23,Mexico,2000
Chemicals,5397113.91,1605307.05,4.85,1.18,0.87,8.80,9.82,0.21,0.27,1067,7.40,91.19,0.00,1.41,7.66,0.00,0.00,182382.44,1461593.66,3.57,3.30,1067,63.26,28.40,0.00,8.34,14.32,0.00,0.00,1190539.53,453436.57,Mexico,2000
Food Products,1396562.29,2102048.49,1.25,1.55,0.96,9.17,8.78,4.13,2.02,623,16.53,58.11,0.96,24.40,247.47,0.00,68930.26,1353052.07,820425.02,10.01,4.20,623,44.78,16.53,3.21,35.47,350.00,0.00,102340.01,2070593.89,102883.20,Mexico,2000
Footwear,186011.01,408101.93,0.17,0.30,0.50,9.79,-1.56,2.22,3.11,159,37.11,55.97,0.00,6.92,32.76,0.00,0.00,344062.77,69992.21,8.37,11.07,159,66.04,18.87,1.89,13.21,61.43,0.00,11701.90,404311.17,9743.81,Mexico,2000
Fuels,4311254.31,12803433.16,3.87,9.42,1.08,33.90,34.68,0.04,0.64,33,3.03,66.67,30.30,0.00,2.10,0.00,13072429.32,13072429.32,78265.54,0.96,13.72,33,6.06,57.58,30.30,6.06,32.49,0.00,13072429.32,13072432.87,78261.99,Mexico,2000
Hides and Skins,555449.93,285460.65,0.50,0.21,1.05,7.49,6.48,0.73,1.71,133,36.09,63.91,0.00,0.00,6.00,0.00,0.00,153201.51,135802.62,4.02,6.91,133,81.20,18.05,0.00,0.75,20.00,0.00,0.00,280309.41,8694.72,Mexico,2000
Mach and Elec,45114470.91,52815708.08,40.52,38.86,1.00,11.11,10.74,0.02,0.00,1253,1.04,98.96,0.00,0.00,3.30,0.00,0.00,64986.73,52981489.98,1.42,1.59,1253,44.45,55.15,0.32,0.08,21.21,0.00,23540.17,33531664.47,19514812.24,Mexico,2000
Metals,7284213.08,4862043.22,6.54,3.58,0.99,9.03,8.15,0.41,0.41,805,29.19,70.31,0.37,0.12,6.99,0.00,19960.20,1480750.53,3475073.83,2.45,2.39,805,76.02,18.76,2.11,3.11,18.63,0.00,41164.31,4385196.01,570628.35,Mexico,2000
Minerals,182862.91,210415.00,0.16,0.15,0.64,9.87,23.15,0.00,0.00,70,0.00,100.00,0.00,0.00,0.00,0.00,0.00,0.00,277345.99,0.27,0.01,70,7.14,84.29,7.14,1.43,3.00,0.00,39021.18,40438.40,236907.59,Mexico,2000
Miscellaneous,4900279.29,9425297.03,4.40,6.93,0.60,9.05,-2.97,0.03,0.01,685,0.44,98.39,0.15,1.02,32.00,0.00,6.74,20536.24,9469933.61,2.62,1.66,685,42.48,44.96,7.59,4.96,112.12,0.00,23614.41,4123517.67,5366952.18,Mexico,2000
Plastic or Rubber,8488339.99,1771472.52,7.62,1.30,1.18,7.21,6.91,0.05,0.07,329,6.99,93.01,0.00,0.00,4.80,0.00,0.00,408394.14,1396415.20,3.80,4.12,329,76.90,22.19,0.00,0.91,14.00,0.00,0.00,1642167.37,162641.97,Mexico,2000
Stone and Glass,1455205.33,2001945.87,1.31,1.47,0.99,7.82,5.34,0.60,0.96,362,11.60,87.57,0.00,0.83,20.20,0.00,0.00,248831.92,1801950.33,3.43,4.48,362,62.71,35.64,0.00,1.66,38.00,0.00,0.00,1819038.48,231743.77,Mexico,2000
Textiles and Clothing,6786123.55,10241635.72,6.09,7.53,1.11,6.21,3.96,0.44,0.66,1285,9.03,89.34,0.78,0.86,21.82,0.00,2403.35,1637414.92,8700834.75,10.28,12.48,1285,87.24,4.59,0.78,7.39,33.40,0.00,2403.35,10322256.65,15993.03,Mexico,2000
Transportation,12097297.16,26630009.54,10.87,19.59,0.99,18.91,15.06,0.80,0.25,199,9.55,90.45,0.00,0.00,25.00,0.00,0.00,711955.70,26109522.93,3.25,6.34,199,52.26,47.74,0.00,0.00,25.00,0.00,0.00,26079702.53,741776.10,Mexico,2000
Vegetable,3153445.42,2939564.40,2.83,2.16,1.06,0.54,0.31,1.24,2.39,401,5.49,86.53,0.00,7.98,163.80,0.00,0.00,2021082.54,1083162.97,4.13,4.58,401,31.92,21.45,0.50,46.13,163.80,0.00,150796.53,2612240.06,492005.45,Mexico,2000
Wood,3764453.24,1053271.13,3.38,0.77,1.13,8.37,7.36,0.02,0.02,302,1.32,98.34,0.00,0.33,2.40,0.00,0.00,34138.61,1040064.28,1.23,1.60,302,53.97,43.71,0.00,2.32,18.00,0.00,0.00,898640.65,175562.23,Mexico,2000
All Products,101295130.41,131334695.14,100.00,100.00,1.00,-1.74,-5.49,0.49,0.26,7920,9.92,85.91,0.28,3.89,248.87,0.00,10505123.10,17694860.59,109314016.38,4.30,4.32,7920,59.34,29.02,1.58,10.06,350.00,0.00,10937702.57,97979467.27,29029409.69,Mexico,2001
Capital goods,46436584.94,53879467.00,45.84,41.02,0.95,-0.94,-6.87,0.10,0.12,1431,1.75,97.97,0.00,0.28,25.00,0.00,0.00,554626.66,53579465.48,1.56,4.12,1431,44.51,54.44,0.42,0.63,25.00,0.00,12112.14,32792411.44,21341680.69,Mexico,2001
Consumer goods,26729411.52,49671594.78,26.39,37.82,1.07,-0.24,-4.12,0.72,0.26,3191,12.38,80.73,0.60,6.30,248.87,0.00,764355.94,3753125.03,46369201.12,5.50,4.72,3191,64.12,21.00,2.73,12.16,248.87,0.00,896664.93,46651535.27,3470790.88,Mexico,2001
Intermediate goods,18232872.35,8436247.68,18.00,6.42,1.01,-1.72,-3.66,0.38,0.31,2701,12.77,85.30,0.04,1.89,244.41,0.00,7.65,1413511.48,7176065.65,5.03,3.50,2701,69.38,21.29,0.85,8.48,244.41,0.00,71447.96,5332182.31,3257394.81,Mexico,2001
Raw materials,5698844.14,13636682.43,5.63,10.38,1.12,2.59,1.63,0.92,1.78,597,3.52,87.44,0.34,8.71,163.80,0.00,9740759.51,11973597.43,2189284.14,2.92,3.77,597,23.95,45.90,1.51,28.64,350.00,0.00,9957477.54,13203338.25,959543.31,Mexico,2001
Animal,1812047.48,920780.42,1.79,0.70,0.98,9.89,8.21,4.14,0.20,300,18.00,58.00,0.00,24.00,244.41,0.00,0.00,7812.14,924660.73,5.69,0.55,300,40.00,24.67,0.00,35.33,244.41,0.00,0.00,497900.45,434572.43,Mexico,2001
Chemicals,5222330.02,1536447.48,5.16,1.17,0.88,1.40,-1.94,0.15,0.12,1074,7.08,90.88,0.00,2.05,4.97,0.00,0.00,134577.04,1433524.63,3.50,2.92,1074,64.25,27.37,0.00,8.38,12.20,0.00,0.00,1082105.77,485995.89,Mexico,2001
Food Products,1784549.12,2318282.13,1.76,1.77,1.05,8.59,9.58,4.07,2.14,627,16.91,57.89,0.80,24.40,248.87,0.00,81922.76,628982.79,1775704.40,10.38,5.59,627,44.18,16.91,3.35,35.57,350.00,0.00,159815.88,2287050.58,117636.62,Mexico,2001
Footwear,155178.06,369511.79,0.15,0.28,0.44,19.77,8.13,1.68,1.67,154,19.48,74.68,0.00,5.84,28.22,0.00,0.00,175257.21,198769.41,8.85,11.38,154,67.53,18.18,1.95,12.34,60.47,0.00,13976.56,367313.57,6713.04,Mexico,2001
Fuels,3316926.02,10147881.93,3.27,7.73,1.13,0.02,-1.65,0.02,0.43,35,2.86,68.57,28.57,0.00,1.40,0.00,10412333.44,10412333.44,60539.83,0.75,11.26,35,5.71,60.00,28.57,5.71,24.04,0.00,10412333.44,10412362.27,60511.01,Mexico,2001
Hides and Skins,437674.40,236218.50,0.43,0.18,0.94,-1.08,-10.10,0.50,0.99,131,36.64,63.36,0.00,0.00,4.00,0.00,0.00,110962.93,128096.27,3.88,6.34,131,80.15,19.08,0.00,0.76,20.00,0.00,0.00,230139.16,8920.05,Mexico,2001
Mach and Elec,39337875.21,51627514.23,38.83,39.31,0.93,-0.71,-7.65,0.02,0.00,1228,1.14,98.86,0.00,0.00,2.20,0.00,0.00,50360.91,51794950.43,1.42,1.57,1228,44.30,55.29,0.33,0.08,15.93,0.00,33618.01,31691918.05,20153393.30,Mexico,2001
Metals,6073501.49,4581367.81,6.00,3.49,1.03,-5.54,-7.53,0.28,0.23,786,29.64,69.85,0.38,0.13,4.65,0.00,8089.37,1227549.54,3445486.80,2.30,2.22,786,75.45,18.96,2.16,3.44,18.59,0.00,27867.60,4129478.66,543557.68,Mexico,2001
Minerals,233575.35,200655.26,0.23,0.15,0.57,-2.14,-10.89,0.00,0.00,72,0.00,100.00,0.00,0.00,0.00,0.00,0.00,0.00,262373.25,0.26,0.01,72,6.94,84.72,6.94,1.39,3.00,0.00,29647.94,30474.60,231898.66,Mexico,2001
Miscellaneous,4939290.71,9855412.31,4.88,7.50,0.86,-15.20,-2.32,0.03,0.01,672,0.60,98.36,0.00,1.04,32.00,0.00,0.00,21632.96,9901115.33,2.91,1.79,672,42.26,43.75,8.78,5.21,156.66,0.00,70595.52,4281458.31,5641289.97,Mexico,2001
Plastic or Rubber,7872702.26,1781760.68,7.77,1.36,1.23,-2.34,-4.26,0.03,0.05,327,7.03,92.97,0.00,0.00,3.20,0.00,0.00,367685.49,1445729.08,3.79,4.06,327,77.06,22.02,0.00,0.92,14.00,0.00,0.00,1649204.70,164209.86,Mexico,2001
Stone and Glass,1265977.43,1981155.72,1.25,1.51,0.95,-1.86,-7.49,0.53,0.79,363,11.85,87.60,0.00,0.55,17.70,0.00,0.00,207720.51,1819714.86,3.55,4.34,363,64.19,34.16,0.00,1.65,38.00,0.00,0.00,1773490.08,253945.30,Mexico,2001
Textiles and Clothing,5856583.30,9592539.22,5.78,7.30,1.16,-3.20,-4.74,0.31,0.63,1260,8.89,89.92,0.32,0.87,24.08,0.00,2777.52,1558179.82,8123801.51,9.84,12.19,1260,87.70,4.84,0.32,7.14,32.80,0.00,2777.52,9663438.86,18542.47,Mexico,2001
Transportation,11928960.30,26604119.77,11.78,20.26,1.02,-0.39,-2.59,0.80,0.24,183,8.74,91.26,0.00,0.00,25.00,0.00,0.00,515636.10,26221472.59,3.30,7.97,183,55.19,44.81,0.00,0.00,25.00,0.00,0.00,26198954.63,538154.07,Mexico,2001
Vegetable,3418311.61,2871504.41,3.37,2.19,1.16,4.77,5.33,1.20,2.56,398,5.53,86.93,0.00,7.54,163.80,0.00,0.00,2245669.47,791267.97,4.40,5.14,398,30.65,22.11,0.50,46.73,163.80,0.00,187070.09,2825709.87,211227.57,Mexico,2001
Wood,3469892.40,998865.93,3.43,0.76,1.14,-2.60,-5.88,0.01,0.01,310,1.29,98.39,0.00,0.32,1.60,0.00,0.00,30500.23,986809.27,1.09,1.40,310,52.58,45.16,0.00,2.26,18.00,0.00,0.00,858467.73,158841.77,Mexico,2001
All Products,97470194.75,136025055.67,100.00,100.00,1.00,0.08,-3.19,0.37,0.25,8331,9.27,86.58,0.47,3.69,246.47,0.00,12562118.17,20516851.26,109888635.49,4.26,4.23,8331,59.56,29.06,1.74,9.64,350.00,0.00,13097201.33,100346973.85,30058512.89,Mexico,2002
Capital goods,44033250.86,53760708.80,45.18,39.52,0.94,-2.11,-5.86,0.09,0.13,1467,1.57,98.43,0.00,0.00,25.00,0.00,0.00,1103205.49,52711561.95,1.56,4.12,1467,43.35,55.62,0.68,0.34,25.00,0.00,7761.90,33913937.09,19900830.35,Mexico,2002
Consumer goods,25571775.02,50731252.39,26.24,37.30,1.05,0.93,-3.01,0.61,0.25,3312,12.05,80.53,0.94,6.49,246.47,0.00,789531.32,3633749.82,47144149.93,5.47,4.52,3312,64.01,20.89,2.87,12.23,350.00,0.00,962062.89,45491961.60,5285938.15,Mexico,2002
Intermediate goods,18048511.75,9754887.96,18.52,7.17,1.05,0.17,-0.94,0.17,0.24,2839,11.27,87.28,0.21,1.23,110.06,0.00,10104.96,1785427.56,7884559.54,4.75,3.48,2839,69.43,22.01,1.20,7.36,199.26,0.00,127843.98,5623894.00,4046093.09,Mexico,2002
Raw materials,5861754.67,16049001.17,6.01,11.80,1.19,1.85,1.45,0.95,1.77,619,4.04,86.43,0.32,9.21,163.80,0.00,11762481.90,13992148.15,1991702.28,3.16,3.96,619,25.20,44.10,0.97,29.73,350.00,0.00,11999532.56,15206313.66,777536.77,Mexico,2002
Animal,1741905.78,724237.29,1.79,0.53,1.07,-2.08,-1.10,3.56,0.29,308,21.43,52.92,0.00,25.65,173.28,0.00,0.00,10405.08,713553.72,5.09,0.74,308,44.16,21.43,0.00,34.42,173.28,0.00,0.00,402503.92,321454.88,Mexico,2002
Chemicals,5359497.93,1608582.45,5.50,1.18,0.91,3.00,1.10,0.07,0.07,1123,7.12,91.36,0.00,1.51,2.30,0.00,0.00,145001.16,1462528.77,3.24,2.78,1123,63.58,28.85,0.00,7.57,10.20,0.00,0.00,1075667.64,531862.29,Mexico,2002
Food Products,1449584.63,2812879.46,1.49,2.07,1.12,4.17,3.89,3.20,2.40,659,16.54,58.42,1.37,23.67,246.47,0.00,103204.48,782034.10,2030202.20,9.94,6.22,659,44.76,17.15,3.49,34.60,350.00,0.00,228008.03,1618819.50,1193416.80,Mexico,2002
Footwear,127299.31,339063.55,0.13,0.25,0.27,7.39,-18.99,1.16,0.37,164,8.54,87.80,0.00,3.66,19.20,0.00,0.00,54053.20,285653.30,8.53,11.20,164,65.85,19.51,3.66,10.98,60.08,0.00,55349.13,335405.36,4301.14,Mexico,2002
Fuels,3268375.79,12524504.75,3.35,9.21,1.19,-8.44,-8.89,0.06,0.53,46,6.52,50.00,43.48,0.00,0.70,0.00,12445580.56,12445580.56,61887.00,1.29,6.71,46,10.87,39.13,43.48,6.52,11.85,0.00,12445580.56,12445723.83,61743.72,Mexico,2002
Hides and Skins,475908.20,217681.18,0.49,0.16,0.90,-5.69,-10.57,0.22,0.41,204,28.43,71.57,0.00,0.00,2.00,0.00,0.00,119150.32,98855.48,4.04,5.65,204,82.84,16.67,0.00,0.49,20.00,0.00,0.00,213294.95,4710.85,Mexico,2002
Mach and Elec,36752830.30,50601086.68,37.71,37.20,0.90,-2.90,-7.75,0.01,0.00,1287,1.17,98.83,0.00,0.00,1.10,0.00,0.00,53228.54,50669528.18,1.41,1.66,1287,43.75,55.87,0.31,0.08,15.00,0.00,20832.43,32030853.16,18691903.56,Mexico,2002
Metals,5857268.79,4990120.93,6.01,3.67,1.07,-1.54,-2.83,0.13,0.13,761,27.60,72.01,0.26,0.13,2.05,0.00,4214.41,1535558.09,3460994.44,2.11,2.09,761,75.56,19.05,2.76,2.63,16.39,0.00,20536.34,4438245.73,558306.80,Mexico,2002
Minerals,233376.88,236885.86,0.24,0.17,0.56,8.37,4.36,0.00,0.00,73,0.00,100.00,0.00,0.00,0.00,0.00,0.00,0.00,235835.30,0.32,0.06,73,8.22,84.93,2.74,4.11,3.88,0.00,18601.83,29505.94,206329.36,Mexico,2002
Miscellaneous,5118009.80,11650140.30,5.25,8.56,0.70,14.98,0.58,0.02,0.01,671,0.60,99.11,0.15,0.15,32.00,0.00,36.72,20910.77,11629915.13,3.32,1.86,671,41.88,44.56,8.49,5.07,199.26,0.00,80713.07,4441435.08,7209390.82,Mexico,2002
Plastic or Rubber,7839789.21,1980173.21,8.04,1.46,1.30,2.24,1.57,0.01,0.02,341,6.74,93.26,0.00,0.00,1.60,0.00,0.00,355895.74,1624541.23,3.72,3.95,341,77.71,21.41,0.00,0.88,14.00,0.00,0.00,1817213.73,163223.24,Mexico,2002
Stone and Glass,1343060.72,2260837.05,1.38,1.66,0.96,2.24,-0.80,0.42,0.65,349,11.75,87.97,0.00,0.29,15.20,0.00,0.00,223536.55,2037145.99,3.39,4.09,349,63.04,34.96,0.00,2.01,38.00,0.00,0.00,1985644.57,275037.97,Mexico,2002
Textiles and Clothing,5455220.25,9417443.54,5.60,6.92,1.19,-0.54,-2.60,0.15,0.57,1308,7.72,90.98,0.54,0.76,26.56,0.00,9082.01,1445391.03,7972107.93,9.69,11.73,1308,86.85,5.20,0.76,7.19,32.50,0.00,9131.11,9394732.09,22766.87,Mexico,2002
Transportation,11349795.46,26790360.06,11.64,19.70,0.99,3.31,-1.70,0.73,0.26,192,9.38,90.63,0.00,0.00,25.00,0.00,0.00,1048248.36,25744921.27,3.34,7.81,192,54.17,45.83,0.00,0.00,25.00,0.00,0.00,26343854.13,449315.50,Mexico,2002
Vegetable,3926038.82,3081281.99,4.03,2.27,1.27,3.38,4.66,1.27,2.40,426,6.10,85.68,0.00,8.22,163.80,0.00,0.00,2231851.02,850334.31,4.67,4.91,426,32.39,21.83,0.47,45.31,163.80,0.00,218448.82,2879777.86,202407.46,Mexico,2002
Wood,3254253.57,1060654.82,3.34,0.78,1.16,0.23,-2.34,0.01,0.01,420,0.95,98.81,0.00,0.24,0.80,0.00,0.00,46006.76,1014475.79,0.92,1.18,420,59.05,39.29,0.00,1.67,18.00,0.00,0.00,898140.91,162341.65,Mexico,2002
All Products,97411740.04,139686658.09,100.00,100.00,1.00,0.56,-0.55,0.13,0.20,8065,2.32,96.75,0.35,0.58,154.87,0.00,1144042.94,5147580.86,128716059.70,4.04,4.21,8065,59.48,29.23,1.88,9.41,350.00,0.00,16591670.03,103994956.11,29868684.45,Mexico,2003
Capital goods,44360056.85,54817033.40,45.54,39.24,0.91,0.01,-2.39,0.09,0.25,1404,0.21,99.79,0.00,0.00,25.00,0.00,0.00,795092.83,53950437.67,1.51,4.31,1404,43.73,55.27,0.64,0.36,25.00,0.00,12344.60,35136181.52,19609348.99,Mexico,2003
Consumer goods,24049921.69,49110551.17,24.69,35.16,1.06,1.11,0.17,0.19,0.17,3241,5.09,93.34,0.80,0.77,131.80,0.00,1135931.08,2447642.88,46681815.20,5.34,4.47,3241,63.87,20.86,3.24,12.03,350.00,0.00,1358073.70,44035298.79,5094159.29,Mexico,2003
Intermediate goods,19090433.18,10095814.22,19.60,7.23,1.07,3.39,2.89,0.04,0.02,2719,0.48,99.12,0.07,0.33,32.84,0.00,8111.86,98270.06,9918216.29,4.39,2.68,2719,69.36,22.40,1.14,7.10,124.84,0.00,73822.76,5720596.05,4295890.30,Mexico,2003
Raw materials,6088593.13,19828097.40,6.25,14.19,1.21,3.84,3.66,0.38,0.19,602,1.00,96.84,0.00,2.16,154.87,0.00,0.00,1806575.09,17997748.93,2.80,3.55,602,24.75,45.68,1.16,28.41,350.00,0.00,15147428.97,18974730.84,829593.18,Mexico,2003
Animal,1862947.57,941744.75,1.91,0.67,1.13,0.15,1.79,0.50,0.06,281,15.30,80.07,0.00,4.63,36.72,0.00,0.00,23808.52,917777.99,4.67,0.93,281,39.50,24.91,0.36,35.23,154.58,0.00,13.76,594249.28,347337.23,Mexico,2003
Chemicals,5902555.38,1698295.89,6.06,1.22,0.92,5.44,5.12,0.00,0.02,1075,0.00,99.91,0.00,0.09,7.65,0.00,0.00,38553.42,1663362.71,3.02,2.72,1075,62.79,29.86,0.00,7.35,8.36,0.00,0.00,1093359.43,608556.69,Mexico,2003
Food Products,1698928.12,3014172.47,1.74,2.16,1.12,7.02,5.72,1.04,0.57,646,11.15,85.29,0.15,3.41,154.87,0.00,57066.69,544505.81,2468716.20,9.78,4.02,646,44.12,17.65,3.87,34.37,350.00,0.00,187827.17,1714256.04,1298965.98,Mexico,2003
Footwear,109347.91,334823.40,0.11,0.24,0.20,6.51,-9.53,0.86,0.43,158,8.23,89.24,0.00,2.53,16.00,0.00,0.00,78625.53,256399.33,8.15,12.84,158,65.82,20.25,3.80,10.13,58.57,0.00,46487.11,332156.77,2868.09,Mexico,2003
Fuels,2876656.85,15978002.82,2.95,11.44,1.31,13.06,16.97,0.01,0.00,48,2.08,60.42,37.50,0.00,0.70,0.00,1076863.33,1076863.33,14916683.50,1.22,7.06,48,10.42,41.67,41.67,6.25,11.31,0.00,15952735.09,15952836.84,40709.99,Mexico,2003
Hides and Skins,431088.74,199494.25,0.44,0.14,0.98,10.70,13.96,0.00,0.00,198,0.00,100.00,0.00,0.00,0.00,0.00,0.00,0.00,199459.31,4.08,5.12,198,83.84,15.66,0.00,0.51,20.00,0.00,0.00,195447.27,4012.04,Mexico,2003
Mach and Elec,36911527.72,50483929.38,37.89,36.14,0.87,-0.15,-2.83,0.00,0.00,1228,0.00,100.00,0.00,0.00,0.00,0.00,0.00,0.00,50476510.34,1.41,1.71,1228,44.38,55.21,0.33,0.08,15.00,0.00,3696.75,32345106.06,18131404.29,Mexico,2003
Metals,5811953.52,4978877.72,5.97,3.56,1.08,0.49,0.02,0.00,0.00,770,0.00,100.00,0.00,0.00,0.00,0.00,0.00,0.00,4979108.22,1.95,1.98,770,73.90,20.78,2.99,2.34,17.03,0.00,14745.34,4369990.78,609117.43,Mexico,2003
Minerals,191720.46,273303.95,0.20,0.20,0.58,2.46,2.52,0.00,0.00,67,0.00,100.00,0.00,0.00,0.00,0.00,0.00,0.00,274481.45,0.48,0.16,67,10.45,82.09,2.99,4.48,4.40,0.00,28969.95,45716.18,228765.27,Mexico,2003
Miscellaneous,5119143.64,12226393.38,5.26,8.75,0.86,-8.62,0.05,0.02,0.01,687,0.29,99.42,0.29,0.00,32.00,0.00,66.55,22150.75,12204852.08,2.83,1.67,687,42.65,43.38,8.59,5.39,124.84,0.00,104501.92,4874349.41,7352653.41,Mexico,2003
Plastic or Rubber,8231378.76,2195586.62,8.45,1.57,1.29,4.46,3.24,0.00,0.00,337,0.00,100.00,0.00,0.00,0.00,0.00,0.00,0.00,2195819.86,3.66,4.05,337,78.04,21.07,0.00,0.89,14.00,0.00,0.00,2039231.19,156588.67,Mexico,2003
Stone and Glass,1247349.89,2390226.27,1.28,1.71,0.95,1.96,0.52,0.36,0.51,337,10.98,89.02,0.00,0.00,12.60,0.00,0.00,201687.35,2187938.66,3.49,3.89,337,63.20,35.01,0.00,1.78,38.00,0.00,0.00,2100863.72,288762.29,Mexico,2003
Textiles and Clothing,5283476.03,8781270.23,5.42,6.29,1.18,-1.23,-2.69,0.05,0.63,1289,0.54,98.84,0.54,0.08,16.90,0.00,10046.37,572697.16,8208384.32,9.41,11.54,1289,87.04,5.20,0.78,6.98,32.30,0.00,10119.45,8755106.76,25974.71,Mexico,2003
Transportation,10515060.84,25723596.62,10.79,18.42,0.96,-3.62,-5.77,0.77,0.53,181,1.66,98.34,0.00,0.00,25.00,0.00,0.00,795092.83,24928781.52,3.08,8.42,181,54.70,45.30,0.00,0.00,25.00,0.00,0.00,25287808.78,436065.57,Mexico,2003
Vegetable,4046408.54,3530865.10,4.15,2.53,1.27,5.85,4.43,0.55,1.06,390,2.31,96.15,0.00,1.54,131.80,0.00,0.00,1793596.16,1736845.02,4.13,4.60,390,31.79,23.08,0.51,44.62,131.80,0.00,242573.49,3357685.33,172755.85,Mexico,2003
Wood,3387784.21,1101200.09,3.48,0.79,1.15,2.26,0.54,0.00,0.00,374,0.00,100.00,0.00,0.00,0.00,0.00,0.00,0.00,1101428.61,0.66,0.86,374,58.02,40.11,0.00,1.87,18.00,0.00,0.00,937281.68,164146.93,Mexico,2003
All Products,110731247.27,157881923.55,100.00,100.00,1.00,7.42,2.59,0.11,0.04,8123,2.14,97.18,0.11,0.57,163.80,0.00,112400.70,1454926.86,149874933.11,3.96,3.91,8123,54.33,35.38,2.24,8.05,350.00,0.00,21080180.27,114670766.46,36659093.51,Mexico,2004
Capital goods,49637538.12,61191387.53,44.83,38.76,0.87,8.15,0.63,0.00,0.00,1416,0.00,100.00,0.00,0.00,0.00,0.00,0.00,0.00,61093523.56,1.54,3.96,1416,43.64,55.23,0.78,0.35,25.00,0.00,15460.09,39132026.56,21961497.00,Mexico,2004
Consumer goods,26500025.81,53159042.97,23.93,33.67,1.11,5.02,2.56,0.17,0.06,3255,4.88,93.95,0.28,0.89,131.80,0.00,112400.70,915840.02,52317467.33,5.26,4.28,3255,59.94,24.58,3.75,11.74,350.00,0.00,2097254.05,46850213.90,6383093.46,Mexico,2004
Intermediate goods,23022881.49,12522101.50,20.79,7.93,1.13,8.45,6.53,0.05,0.02,2780,0.36,99.35,0.00,0.29,106.26,0.00,0.00,52315.70,12364379.76,4.25,2.29,2780,58.60,36.08,1.51,3.81,106.26,0.00,78314.48,5182217.62,7234477.84,Mexico,2004
Raw materials,6441509.54,24520275.41,5.82,15.53,1.20,6.97,1.61,0.38,0.10,573,0.87,97.56,0.00,1.57,163.80,0.00,0.00,486771.13,23869356.59,2.68,3.42,573,24.08,46.60,1.22,28.10,350.00,0.00,18889151.66,23362219.50,993908.22,Mexico,2004
Animal,1928298.82,1061488.54,1.74,0.67,1.07,5.75,-1.58,0.41,0.06,280,15.71,79.64,0.00,4.64,25.00,0.00,0.00,32048.26,1029633.63,4.32,1.00,280,38.93,23.93,0.36,36.79,141.87,0.00,506.46,676008.42,385673.47,Mexico,2004
Chemicals,7422338.40,2185258.98,6.70,1.38,1.02,7.94,8.56,0.00,0.00,1083,0.00,100.00,0.00,0.00,0.00,0.00,0.00,0.00,2184359.56,3.01,2.46,1083,69.90,28.99,0.00,1.11,7.51,0.00,0.00,1333182.45,851177.11,Mexico,2004
Food Products,1942579.64,3352220.23,1.75,2.12,1.21,5.45,4.61,1.27,0.61,647,10.66,85.63,0.15,3.55,153.39,0.00,110989.95,669631.33,2683739.46,9.76,4.06,647,44.20,17.16,3.86,34.78,350.00,0.00,246890.81,1941112.47,1412258.31,Mexico,2004
Footwear,82720.23,304978.86,0.07,0.19,0.17,-0.08,-12.84,0.78,0.21,162,8.64,87.65,0.00,3.70,12.80,0.00,0.00,28070.39,276571.40,8.78,9.49,162,66.67,18.52,3.70,11.11,57.48,0.00,50891.90,300594.80,4047.00,Mexico,2004
Fuels,3335221.70,20433683.95,3.01,12.94,1.33,15.14,11.17,0.00,0.00,51,0.00,100.00,0.00,0.00,0.00,0.00,0.00,0.00,20359151.08,1.09,7.20,51,9.80,43.14,41.18,5.88,10.67,0.00,20330752.43,20330864.33,28286.75,Mexico,2004
Hides and Skins,782706.15,194472.34,0.71,0.12,1.12,9.84,12.38,0.00,0.00,190,0.00,100.00,0.00,0.00,0.00,0.00,0.00,0.00,194572.28,4.18,4.72,190,84.74,14.74,0.00,0.53,20.00,0.00,0.00,191508.43,3063.85,Mexico,2004
Mach and Elec,41806299.52,57698221.52,37.75,36.55,0.82,8.30,0.10,0.00,0.00,1228,0.00,100.00,0.00,0.00,0.00,0.00,0.00,0.00,57696517.17,1.41,1.71,1228,44.38,55.21,0.33,0.08,15.00,0.00,6679.59,37462003.39,20234513.78,Mexico,2004
Metals,7350483.66,6958327.08,6.64,4.41,1.08,12.60,7.63,0.00,0.00,804,0.00,100.00,0.00,0.00,0.00,0.00,0.00,0.00,6958696.93,1.67,1.53,804,42.16,52.99,3.11,1.74,15.00,0.00,14201.69,3421135.08,3537561.84,Mexico,2004
Minerals,184393.61,391413.31,0.17,0.25,0.55,14.78,6.75,0.00,0.00,83,0.00,100.00,0.00,0.00,0.00,0.00,0.00,0.00,389982.67,0.40,0.25,83,7.23,84.34,2.41,6.02,9.74,0.00,80302.05,115889.91,274092.76,Mexico,2004
Miscellaneous,5471291.92,12441315.18,4.94,7.88,0.77,9.39,-1.57,0.02,0.01,695,0.29,99.71,0.00,0.00,32.00,0.00,0.00,21471.71,12419123.53,2.92,1.60,695,41.01,41.87,11.94,5.18,70.07,0.00,121339.53,4841341.49,7599253.74,Mexico,2004
Plastic or Rubber,9434801.12,2845912.24,8.52,1.80,1.39,4.32,3.14,0.00,0.00,328,0.00,100.00,0.00,0.00,0.00,0.00,0.00,0.00,2869551.32,3.65,4.11,328,78.96,21.04,0.00,0.00,14.00,0.00,0.00,2693945.01,175606.31,Mexico,2004
Stone and Glass,1379101.71,3009545.04,1.25,1.91,0.95,2.43,-2.28,0.31,0.36,345,11.01,88.99,0.00,0.00,10.10,0.00,0.00,222354.72,2785667.80,3.48,3.75,345,63.48,34.49,0.00,2.03,38.00,0.00,0.00,2642511.25,365511.27,Mexico,2004
Textiles and Clothing,5399687.88,8610198.33,4.88,5.45,1.24,-0.91,-3.30,0.00,0.00,1281,0.08,99.30,0.62,0.00,5.00,0.00,1410.75,1533.10,8609558.26,9.19,11.15,1281,82.12,12.41,1.01,4.45,32.00,0.00,10214.33,8529291.98,81799.38,Mexico,2004
Transportation,11197756.18,26500710.39,10.11,16.79,1.03,5.09,3.70,0.00,0.00,176,0.00,100.00,0.00,0.00,0.00,0.00,0.00,0.00,26494177.54,3.11,8.08,176,53.41,46.59,0.00,0.00,25.00,0.00,0.00,26006420.21,487757.32,Mexico,2004
Vegetable,4255624.42,4098845.19,3.84,2.60,1.27,5.15,0.59,0.53,0.56,388,1.55,97.42,0.00,1.03,163.80,0.00,0.00,479817.35,3617787.82,3.79,4.46,388,32.73,22.68,0.52,44.07,163.80,0.00,218401.47,3905038.23,192566.95,Mexico,2004
Wood,3657185.89,1306653.34,3.30,0.83,1.25,5.13,4.81,0.00,0.00,383,0.00,100.00,0.00,0.00,0.00,0.00,0.00,0.00,1306309.58,0.55,0.61,383,15.93,83.81,0.00,0.26,18.00,0.00,0.00,279919.00,1026390.59,Mexico,2004
All Products,120246881.75,172388577.23,100.00,100.00,1.00,6.16,3.41,0.08,0.04,8195,2.20,97.11,0.11,0.59,150.91,0.00,126438.74,1732319.18,164189518.65,3.88,3.76,8195,54.56,35.41,1.93,8.10,350.00,0.00,27551635.01,127524155.69,38397682.15,Mexico,2005
Capital goods,51164337.47,63707004.22,42.55,36.96,0.84,4.96,0.36,0.00,0.00,1418,0.00,100.00,0.00,0.00,0.00,0.00,0.00,0.00,63630716.84,1.53,3.75,1418,43.65,55.29,0.71,0.35,25.00,0.00,21543.55,40991503.21,22639213.63,Mexico,2005
Consumer goods,30645855.38,57581850.63,25.49,33.40,1.12,8.87,6.62,0.15,0.06,3294,5.01,93.78,0.27,0.94,131.80,0.00,126438.74,1152557.06,56488280.10,5.24,4.21,3294,60.38,24.83,3.07,11.72,350.00,0.00,3019637.89,50834701.96,6806135.20,Mexico,2005
Intermediate goods,26295197.82,14197755.30,21.87,8.24,1.16,5.88,4.45,0.02,0.02,2787,0.39,99.32,0.00,0.29,20.56,0.00,0.00,81735.01,14011674.42,4.10,2.08,2787,58.74,36.06,1.47,3.73,101.75,0.00,124570.07,6335995.04,7757414.40,Mexico,2005
Raw materials,6737755.90,30349905.99,5.60,17.61,1.27,2.11,2.43,0.16,0.09,602,0.66,97.84,0.00,1.50,150.91,0.00,0.00,498027.11,29839396.82,2.48,3.38,602,25.08,45.85,1.00,28.07,350.00,0.00,24385883.50,29226700.44,1110723.49,Mexico,2005
Animal,2400257.91,1086813.34,2.00,0.63,1.21,9.50,13.10,0.44,0.09,299,15.05,80.27,0.00,4.68,25.00,0.00,0.00,45866.42,1041026.08,4.38,1.27,299,39.46,25.75,0.00,34.78,131.58,0.00,0.00,684573.23,402319.27,Mexico,2005
Chemicals,8260204.68,2207880.97,6.87,1.28,1.08,6.07,6.17,0.00,0.00,1094,0.00,100.00,0.00,0.00,0.00,0.00,0.00,0.00,2207511.92,2.98,2.46,1094,69.93,29.07,0.00,1.01,6.50,0.00,0.00,1398602.98,808908.94,Mexico,2005
Food Products,2314049.05,3961028.66,1.92,2.30,1.29,7.06,7.66,0.90,0.70,657,10.81,85.39,0.15,3.65,150.91,0.00,125868.94,897151.67,3064494.53,9.26,5.40,657,43.99,17.20,3.65,35.16,350.00,0.00,376493.43,2328425.81,1633220.39,Mexico,2005
Footwear,72444.51,299772.61,0.06,0.17,0.12,3.66,-15.01,0.60,0.13,161,8.70,87.58,0.00,3.73,10.28,0.00,0.00,13381.80,286679.78,8.81,8.34,161,67.08,18.01,3.73,11.18,56.02,0.00,55174.78,296591.18,3470.40,Mexico,2005
Fuels,5409872.03,26496406.29,4.50,15.37,1.28,27.02,21.22,0.00,0.00,50,0.00,100.00,0.00,0.00,0.00,0.00,0.00,0.00,26573770.57,1.06,6.91,50,10.00,44.00,40.00,6.00,9.44,0.00,26471373.43,26471476.02,102294.55,Mexico,2005
Hides and Skins,803216.78,180242.08,0.67,0.10,0.98,1.92,-7.33,0.00,0.00,194,0.00,100.00,0.00,0.00,0.00,0.00,0.00,0.00,180291.97,4.15,4.31,194,84.02,15.46,0.00,0.52,20.00,0.00,0.00,177476.83,2815.14,Mexico,2005
Mach and Elec,43475220.75,61531244.67,36.16,35.69,0.78,4.02,-0.93,0.00,0.00,1249,0.08,99.92,0.00,0.00,1.80,0.00,0.00,493.61,61531014.82,1.45,1.76,1249,45.16,54.44,0.32,0.08,15.00,0.00,1496.84,41101513.88,20429994.55,Mexico,2005
Metals,8795266.64,8156092.89,7.31,4.73,1.10,6.60,4.49,0.00,0.00,806,0.00,100.00,0.00,0.00,0.00,0.00,0.00,0.00,8157058.22,1.65,1.60,806,42.06,53.47,2.73,1.74,15.00,0.00,19589.35,4234710.62,3922347.60,Mexico,2005
Minerals,226107.82,531743.75,0.19,0.31,0.56,11.84,10.30,0.00,0.00,81,0.00,100.00,0.00,0.00,0.00,0.00,0.00,0.00,529597.53,0.46,0.07,81,8.64,81.48,2.47,7.41,8.30,0.00,175149.32,196019.69,333577.84,Mexico,2005
Miscellaneous,5376183.47,12925338.94,4.47,7.50,0.71,8.50,1.53,0.00,0.00,678,0.15,99.85,0.00,0.00,2.80,0.00,0.00,3431.46,12921123.52,2.70,1.17,678,42.48,43.07,9.59,4.87,60.77,0.00,123435.69,4963480.91,7961074.07,Mexico,2005
Plastic or Rubber,10901513.26,3427975.51,9.07,1.99,1.41,6.86,4.91,0.00,0.00,334,0.00,100.00,0.00,0.00,0.00,0.00,0.00,0.00,3433596.22,3.83,4.21,334,81.14,18.86,0.00,0.00,14.00,0.00,0.00,3198471.02,235125.20,Mexico,2005
Stone and Glass,1255870.37,3634056.84,1.04,2.11,0.87,3.07,-4.15,0.23,0.27,346,10.98,89.02,0.00,0.00,7.60,0.00,0.00,274280.44,3361569.33,3.44,3.77,346,63.87,34.10,0.00,2.02,38.00,0.00,0.00,3140407.78,495441.99,Mexico,2005
Textiles and Clothing,5303983.11,8042718.41,4.41,4.67,1.22,0.74,-2.75,0.02,0.00,1275,0.24,99.06,0.63,0.08,17.64,0.00,569.80,2068.75,8040982.29,9.08,11.03,1275,82.20,12.63,1.02,4.16,32.00,0.00,10494.74,7957475.86,85575.18,Mexico,2005
Transportation,11854165.38,27291038.47,9.86,15.83,1.04,8.81,6.41,0.00,0.00,171,0.00,100.00,0.00,0.00,0.00,0.00,0.00,0.00,27294344.12,3.06,7.62,171,53.80,46.20,0.00,0.00,25.00,0.00,0.00,26684945.86,609398.27,Mexico,2005
Vegetable,4375299.64,4615497.20,3.64,2.68,1.41,-1.81,0.86,0.20,0.57,413,1.69,97.58,0.00,0.73,29.80,0.00,0.00,495645.03,4120407.87,3.41,4.38,413,32.20,23.73,0.48,43.58,29.80,0.00,318427.43,4401904.97,214147.92,Mexico,2005
Wood,4059120.07,1449487.81,3.38,0.84,1.30,4.31,3.64,0.00,0.00,388,0.00,100.00,0.00,0.00,0.00,0.00,0.00,0.00,1449564.73,0.53,0.57,388,15.46,84.02,0.00,0.52,18.00,0.00,0.00,288079.03,1161485.70,Mexico,2005
All Products,134127534.84,200499681.95,100.00,100.00,1.00,7.45,4.86,0.11,0.07,8145,2.11,97.30,0.01,0.58,163.80,0.00,150302.46,2242447.12,191084891.11,3.89,3.77,8145,54.66,35.43,1.83,8.08,350.00,0.00,35023018.53,149914878.06,43412460.17,Mexico,2006
Capital goods,57313911.80,71609543.51,42.73,35.72,0.82,7.80,3.99,0.00,0.00,1414,0.00,100.00,0.00,0.00,0.00,0.00,0.00,0.00,71544405.19,1.54,3.92,1414,43.92,55.16,0.57,0.35,25.00,0.00,33095.59,45167725.52,26376679.67,Mexico,2006
Consumer goods,34059410.52,67595977.57,25.39,33.71,1.11,6.75,3.89,0.14,0.13,3272,4.89,94.25,0.03,0.83,131.80,0.00,150302.46,1517571.97,66133411.78,5.19,4.03,3272,60.73,24.85,2.87,11.55,350.00,0.00,3585474.72,59978108.61,7672875.13,Mexico,2006
Intermediate goods,29925468.58,16139896.93,22.31,8.05,1.21,7.05,6.58,0.04,0.10,2796,0.21,99.43,0.00,0.36,89.80,0.00,0.00,117619.51,15879692.39,4.04,2.20,2796,57.90,36.41,1.43,4.26,89.80,0.00,163117.69,8059196.33,7938115.57,Mexico,2006
Raw materials,7936763.97,37984373.16,5.92,18.94,1.33,7.75,7.62,0.53,0.08,567,1.06,97.18,0.00,1.76,163.80,0.00,0.00,607255.64,37277401.01,2.88,3.36,567,26.10,45.15,1.23,27.51,350.00,0.00,31241330.53,36554444.15,1330212.50,Mexico,2006
Animal,2665474.51,1124812.10,1.99,0.56,1.36,2.03,5.65,0.45,0.14,298,15.10,79.19,0.00,5.70,25.00,0.00,0.00,52840.88,1071971.23,4.66,1.67,298,37.92,25.17,0.34,36.58,126.77,0.00,12.04,739692.73,385119.37,Mexico,2006
Chemicals,9611619.65,2589933.97,7.17,1.29,1.13,5.82,5.40,0.00,0.00,1083,0.00,100.00,0.00,0.00,0.00,0.00,0.00,0.00,2590003.56,2.94,2.37,1083,70.08,28.99,0.00,0.92,6.50,0.00,0.00,1615261.86,974741.70,Mexico,2006
Food Products,2737547.44,4863212.98,2.04,2.43,1.31,7.32,5.73,1.17,1.88,638,10.66,85.89,0.16,3.29,148.24,0.00,150302.46,1267475.80,3595737.18,8.49,7.57,638,44.51,17.40,3.29,34.80,350.00,0.00,666091.28,2884437.42,1978775.57,Mexico,2006
Footwear,84242.23,318146.72,0.06,0.16,0.14,6.48,11.78,0.54,0.17,154,8.44,88.96,0.00,2.60,9.60,0.00,0.00,18915.15,299231.57,8.49,8.70,154,67.53,18.18,3.90,10.39,54.93,0.00,58466.36,314780.34,3366.38,Mexico,2006
Fuels,5730982.07,34043705.54,4.27,16.98,1.18,9.07,2.22,0.00,0.00,45,0.00,100.00,0.00,0.00,0.00,0.00,0.00,0.00,34043705.54,1.27,6.73,45,11.11,37.78,44.44,6.67,8.97,0.00,33897581.75,33897746.37,145959.17,Mexico,2006
Hides and Skins,690647.30,162574.89,0.51,0.08,0.84,-4.85,-14.14,0.00,0.00,189,0.00,100.00,0.00,0.00,0.00,0.00,0.00,0.00,162574.89,4.26,4.56,189,84.66,14.81,0.00,0.53,20.00,0.00,0.00,160201.72,2373.17,Mexico,2006
Mach and Elec,47834337.39,71127606.49,35.66,35.48,0.78,6.98,4.37,0.00,0.00,1236,0.00,100.00,0.00,0.00,0.00,0.00,0.00,0.00,71127606.49,1.40,1.74,1236,44.58,55.02,0.32,0.08,15.00,0.00,2221.97,47414665.44,23712941.06,Mexico,2006
Metals,10842845.29,8843268.94,8.08,4.41,1.10,10.90,8.26,0.00,0.00,818,0.00,100.00,0.00,0.00,0.00,0.00,0.00,0.00,8843268.94,1.68,1.61,818,42.05,53.18,3.30,1.47,15.00,0.00,24805.68,4832426.09,4010842.84,Mexico,2006
Minerals,503741.05,494525.93,0.38,0.25,0.63,19.20,23.42,0.00,0.00,74,0.00,100.00,0.00,0.00,0.00,0.00,0.00,0.00,494525.93,0.38,0.09,74,8.11,83.78,2.70,5.41,6.66,0.00,51665.92,90214.17,404311.75,Mexico,2006
Miscellaneous,5818532.19,13736579.01,4.34,6.85,0.59,17.12,4.60,0.00,0.00,685,0.15,99.85,0.00,0.00,1.80,0.00,0.00,1344.59,13735234.42,2.79,1.14,685,42.77,43.21,8.76,5.26,64.89,0.00,146721.26,5049878.77,8686700.24,Mexico,2006
Plastic or Rubber,12081219.51,3667714.66,9.01,1.83,1.46,5.69,5.12,0.00,0.00,351,0.00,100.00,0.00,0.00,0.00,0.00,0.00,0.00,3667714.66,3.67,4.25,351,79.20,20.80,0.00,0.00,14.00,0.00,0.00,3442185.14,225529.52,Mexico,2006
Stone and Glass,1478968.30,4864886.05,1.10,2.43,0.91,7.42,7.50,0.15,0.15,345,11.01,88.99,0.00,0.00,5.00,0.00,0.00,298692.85,4566193.20,3.43,3.27,345,64.64,33.33,0.00,2.03,38.00,0.00,0.00,4297147.33,567738.72,Mexico,2006
Textiles and Clothing,5133234.79,7191281.95,3.83,3.59,1.21,0.09,-2.70,0.00,0.00,1262,0.00,100.00,0.00,0.00,0.00,0.00,0.00,0.00,7191281.95,9.14,11.02,1262,82.33,12.92,0.48,4.28,32.00,0.00,14652.00,7102654.78,88627.17,Mexico,2006
Transportation,14536736.48,33774724.51,10.84,16.85,1.08,6.61,6.17,0.00,0.00,182,0.00,100.00,0.00,0.00,0.00,0.00,0.00,0.00,33774724.51,3.42,7.61,182,55.49,44.51,0.00,0.00,25.00,0.00,0.00,33136248.19,638476.31,Mexico,2006
Vegetable,5082227.56,4887632.42,3.79,2.44,1.48,7.85,7.92,0.74,0.60,405,1.73,97.04,0.00,1.23,163.80,0.00,0.00,603177.85,4284385.00,4.02,4.39,405,32.35,22.47,0.49,44.69,163.80,0.00,160800.27,4633874.42,253688.42,Mexico,2006
Wood,4461881.72,1640557.84,3.33,0.82,1.36,4.94,4.57,0.00,0.00,381,0.00,100.00,0.00,0.00,0.00,0.00,0.00,0.00,1640557.84,0.56,0.52,381,16.01,83.46,0.00,0.52,18.00,0.00,0.00,303463.27,1337094.57,Mexico,2006
All Products,136520317.27,212878005.16,100.00,100.00,1.00,4.92,3.43,0.10,0.04,7091,1.18,98.48,0.07,0.27,163.80,0.00,278888.85,46502922.40,158652993.13,3.79,1.84,7091,50.18,39.51,2.19,8.12,350.00,0.00,35438312.34,135365124.93,69790790.60,Mexico,2007
Capital goods,55356188.43,77998221.52,40.55,36.64,0.83,0.12,-0.49,0.00,0.00,1010,0.00,100.00,0.00,0.00,0.00,0.00,0.00,21998053.45,55644180.24,0.94,0.22,1010,28.61,70.30,0.69,0.40,16.00,0.00,23437.17,29396770.98,48245462.72,Mexico,2007
Consumer goods,35775600.83,71561158.13,26.21,33.62,1.10,4.58,2.35,0.09,0.04,2975,2.45,96.94,0.13,0.47,131.80,0.00,278823.90,22382609.77,49530181.94,5.32,3.38,2975,58.72,26.82,3.60,10.86,137.21,0.00,3929914.91,60346180.54,11566611.17,Mexico,2007
Intermediate goods,31230480.65,16707562.91,22.88,7.85,1.27,3.51,4.87,0.05,0.11,2438,0.21,99.67,0.00,0.12,84.18,0.00,0.00,1442552.41,15132785.18,3.88,1.78,2438,53.28,41.55,1.27,3.90,84.18,0.00,185924.67,8141040.99,8434296.59,Mexico,2007
Raw materials,8996529.27,38888972.97,6.59,18.27,1.42,6.13,8.01,0.60,0.08,573,1.05,98.43,0.17,0.35,163.80,0.00,64.95,679260.20,38057037.65,2.99,3.47,573,26.18,45.20,1.75,26.88,350.00,0.00,31299035.59,37343161.00,1393136.85,Mexico,2007
Animal,3017254.80,1160492.16,2.21,0.55,1.38,10.91,10.09,0.02,0.00,251,1.20,98.80,0.00,0.00,17.00,0.00,0.00,9658.65,1150833.52,5.53,2.29,251,31.08,30.28,1.99,36.65,115.91,0.00,3730.76,725891.57,434600.59,Mexico,2007
Chemicals,10142490.17,2569432.00,7.43,1.21,1.15,5.81,5.40,0.00,0.00,834,0.00,100.00,0.00,0.00,0.00,0.00,0.00,55914.36,2513919.51,2.63,1.98,834,61.03,37.89,0.00,1.08,6.50,0.00,0.00,1363109.10,1206724.78,Mexico,2007
Food Products,2849578.89,4849165.08,2.09,2.28,1.33,6.36,5.69,0.99,0.61,530,0.94,96.79,0.75,1.51,131.80,0.00,278823.90,517274.95,4331890.13,8.87,4.97,530,41.13,19.43,7.74,31.70,350.00,0.00,601207.94,2830203.96,2018961.12,Mexico,2007
Footwear,94940.21,290169.97,0.07,0.14,0.13,4.69,2.50,0.21,0.07,171,10.53,84.21,0.00,5.26,3.64,0.00,0.00,15845.24,274324.73,8.66,7.67,171,66.08,18.71,3.51,11.70,54.59,0.00,66308.46,286874.50,3295.47,Mexico,2007
Fuels,6795526.46,34516461.98,4.98,16.21,1.12,15.79,10.98,0.00,0.00,48,0.00,100.00,0.00,0.00,0.00,0.00,0.00,0.00,34516461.98,1.42,6.20,48,10.42,39.58,41.67,8.33,18.92,0.00,34122481.59,34122580.38,393881.60,Mexico,2007
Hides and Skins,570307.95,161098.94,0.42,0.08,0.69,-6.04,-15.74,0.00,0.00,199,0.00,100.00,0.00,0.00,0.00,0.00,0.00,0.00,161098.94,4.27,4.56,199,83.42,16.08,0.00,0.50,20.00,0.00,0.00,158855.36,2243.58,Mexico,2007
Mach and Elec,45483507.74,80084871.84,33.32,37.62,0.82,-2.86,-2.01,0.00,0.00,866,0.00,100.00,0.00,0.00,0.00,0.00,0.00,15833701.23,64266791.34,0.93,0.66,866,30.02,69.52,0.46,0.00,12.50,0.00,83268.57,41181749.16,38918743.41,Mexico,2007
Metals,11183200.53,9499061.52,8.19,4.46,1.18,2.00,4.18,0.01,0.04,738,0.14,99.86,0.00,0.00,10.00,0.00,0.00,1402600.03,8096461.49,1.40,1.28,738,36.72,58.40,3.79,1.08,15.00,0.00,88031.43,5061220.96,4437840.56,Mexico,2007
Minerals,381066.04,465254.35,0.28,0.22,0.58,-4.73,-10.27,0.00,0.00,78,0.00,100.00,0.00,0.00,0.00,0.00,0.00,0.00,465254.35,0.34,0.08,78,7.69,82.05,2.56,7.69,4.65,0.00,79969.86,111997.24,353257.11,Mexico,2007
Miscellaneous,11648139.59,22213357.72,8.53,10.43,0.32,39.94,1.37,0.00,0.00,558,0.18,99.82,0.00,0.00,0.90,0.00,0.00,2367198.49,12124069.60,2.30,0.73,558,39.07,49.10,6.99,4.84,32.00,0.00,103841.27,4946800.11,9544467.98,Mexico,2007
Plastic or Rubber,12234324.01,3930479.50,8.96,1.85,1.47,1.53,0.33,0.00,0.00,267,0.00,100.00,0.00,0.00,0.00,0.00,0.00,1112739.83,2802101.59,3.54,3.93,267,74.91,25.09,0.00,0.00,14.00,0.00,0.00,3662775.78,252065.64,Mexico,2007
Stone and Glass,1616602.02,4841260.11,1.18,2.27,0.98,6.28,8.69,0.09,0.08,341,13.49,86.51,0.00,0.00,2.50,0.00,0.00,726166.28,4115093.83,3.25,3.05,341,61.58,37.54,0.00,0.88,38.00,0.00,0.00,4227431.08,613829.03,Mexico,2007
Textiles and Clothing,4484932.76,6366095.42,3.29,2.99,1.18,-2.35,-4.80,0.01,0.00,1251,0.08,99.92,0.00,0.00,11.80,0.00,0.00,131397.32,6234698.10,9.31,10.95,1251,83.05,12.07,0.56,4.32,32.00,0.00,14204.93,6261374.29,104721.14,Mexico,2007
Transportation,15017854.92,34514365.86,11.00,16.21,1.11,3.77,3.66,0.00,0.00,150,0.00,100.00,0.00,0.00,0.00,0.00,0.00,23644185.19,10870180.68,1.27,0.08,150,31.33,68.67,0.00,0.00,14.00,0.00,0.00,24625175.73,9889190.14,Mexico,2007
Vegetable,6469668.78,5774702.26,4.74,2.71,1.55,11.82,12.67,1.00,0.56,404,2.23,97.03,0.25,0.50,163.80,0.00,64.95,686240.83,5088076.90,4.40,4.30,404,33.91,21.04,0.74,44.31,163.80,0.00,275267.51,5530986.56,243331.17,Mexico,2007
Wood,4530922.39,1641736.44,3.32,0.77,1.39,2.02,1.77,0.00,0.00,405,0.00,100.00,0.00,0.00,0.00,0.00,0.00,0.00,1641736.44,0.73,0.46,405,20.00,78.77,0.00,1.23,18.00,0.00,0.00,268099.16,1373637.28,Mexico,2007
All Products,151524799.09,218066232.79,100.00,100.00,1.00,4.62,4.14,0.03,0.01,8148,1.41,98.29,0.02,0.27,135.53,0.00,235240.48,1373919.93,208973999.02,3.79,3.43,8148,55.92,34.41,2.01,7.66,350.00,0.00,44126603.40,160103163.47,50244755.48,Mexico,2008
Capital goods,58197526.02,76497027.63,38.41,35.08,0.77,7.50,3.33,0.00,0.00,1352,0.00,100.00,0.00,0.00,0.00,0.00,0.00,0.00,76146619.45,1.54,3.21,1352,46.67,52.44,0.52,0.37,25.00,0.00,26059.50,44066350.64,32080268.82,Mexico,2008
Consumer goods,40579805.58,70026955.58,26.78,32.11,1.10,6.43,5.99,0.05,0.03,3289,3.37,96.41,0.00,0.21,25.00,0.00,0.00,1059542.05,69308947.02,5.09,3.87,3289,61.90,24.41,3.65,10.03,131.80,0.00,5591233.12,62703692.56,7664796.52,Mexico,2008
Intermediate goods,34705027.75,17871059.96,22.90,8.20,1.24,4.90,3.06,0.01,0.01,2786,0.14,99.53,0.04,0.29,17.50,0.00,230438.30,293702.41,17464595.18,4.01,2.66,2786,59.15,35.71,0.97,4.16,93.91,0.00,554263.23,9046066.80,8712230.79,Mexico,2008
Raw materials,12913579.51,45952875.78,8.52,21.07,1.48,14.31,16.30,0.07,0.00,616,0.00,98.70,0.16,1.14,135.53,0.00,4802.17,20675.47,45743011.09,2.65,3.41,616,26.14,44.32,1.62,27.92,350.00,0.00,37955047.55,44163631.81,1600054.75,Mexico,2008
Animal,3626333.51,981379.40,2.39,0.45,1.49,3.13,6.75,0.40,0.23,311,18.01,78.46,0.32,3.22,25.00,0.00,4802.17,65093.23,916286.17,3.57,2.28,311,43.41,24.12,0.96,31.51,84.27,0.00,4802.17,555858.25,425521.15,Mexico,2008
Chemicals,11790088.35,2772323.13,7.78,1.27,1.10,7.01,4.02,0.00,0.00,1124,0.00,100.00,0.00,0.00,0.00,0.00,0.00,0.00,2772398.10,2.98,2.14,1124,70.37,28.74,0.00,0.89,6.50,0.00,0.00,1680189.75,1092208.35,Mexico,2008
Food Products,3288948.27,5358799.11,2.17,2.46,1.38,4.31,5.69,0.44,0.43,612,9.64,88.89,0.00,1.47,135.53,0.00,0.00,974564.97,4384234.14,8.20,7.89,612,45.10,17.48,7.19,30.23,350.00,0.00,947566.07,3350030.45,2008768.66,Mexico,2008
Footwear,142611.63,303467.27,0.09,0.14,0.14,6.48,9.27,0.00,0.00,168,0.00,100.00,0.00,0.00,0.00,0.00,0.00,0.00,303467.27,8.69,7.25,168,66.67,17.86,3.57,11.90,52.59,0.00,67459.31,294225.20,9242.07,Mexico,2008
Fuels,11119400.39,42506537.63,7.34,19.49,1.21,22.65,26.83,0.00,0.00,48,0.00,100.00,0.00,0.00,0.00,0.00,0.00,0.00,42506537.63,1.48,6.44,48,10.42,37.50,41.67,10.42,17.58,0.00,42195415.71,42195558.97,310978.66,Mexico,2008
Hides and Skins,499284.30,159633.84,0.33,0.07,0.60,-1.53,-8.80,0.00,0.00,198,0.00,100.00,0.00,0.00,0.00,0.00,0.00,0.00,159633.84,4.19,4.18,198,82.83,16.67,0.00,0.51,20.00,0.00,0.00,157858.01,1775.84,Mexico,2008
Mach and Elec,47475366.59,78654356.97,31.33,36.07,0.75,10.10,4.68,0.00,0.00,1174,0.00,100.00,0.00,0.00,0.00,0.00,0.00,0.00,78674081.86,1.46,1.66,1174,48.21,51.36,0.34,0.09,15.00,0.00,117485.50,50124777.26,28549304.61,Mexico,2008
Metals,12447187.52,9681453.46,8.21,4.44,1.15,4.31,2.55,0.00,0.00,803,0.00,99.88,0.12,0.00,0.00,0.00,230438.30,230438.30,9451015.16,1.72,1.43,803,43.71,52.05,3.74,0.50,15.00,0.00,364521.20,4821369.87,4860083.59,Mexico,2008
Minerals,955493.57,595701.92,0.63,0.27,0.86,8.88,32.54,0.00,0.00,78,0.00,100.00,0.00,0.00,0.00,0.00,0.00,0.00,595701.92,0.27,0.03,78,6.41,82.05,2.56,8.97,4.02,0.00,82504.15,108604.54,487097.38,Mexico,2008
Miscellaneous,12500769.29,21472857.47,8.25,9.85,0.58,-17.91,10.18,0.00,0.00,639,0.00,100.00,0.00,0.00,0.00,0.00,0.00,0.00,13754543.62,2.77,1.61,639,44.60,42.88,7.67,4.85,93.91,0.00,109623.60,4614325.11,9140218.52,Mexico,2008
Plastic or Rubber,12502205.26,4091326.61,8.25,1.88,1.45,0.27,-1.06,0.00,0.00,349,0.00,100.00,0.00,0.00,0.00,0.00,0.00,0.00,4071601.43,3.65,4.00,349,79.08,20.92,0.00,0.00,14.00,0.00,0.00,3740627.09,330974.35,Mexico,2008
Stone and Glass,1500355.64,5338159.95,0.99,2.45,0.99,-5.13,-5.29,0.00,0.00,344,0.00,100.00,0.00,0.00,0.00,0.00,0.00,0.00,5338159.95,3.51,2.96,344,66.28,31.98,0.00,1.74,38.00,0.00,0.00,4755955.39,582204.57,Mexico,2008
Textiles and Clothing,4311533.71,5595861.06,2.85,2.57,1.10,-0.75,-4.75,0.00,0.00,1261,0.00,100.00,0.00,0.00,0.00,0.00,0.00,94731.55,5501129.52,9.14,10.77,1261,82.16,12.85,0.32,4.68,32.00,0.00,7.21,5496240.64,99620.43,Mexico,2008
Transportation,15524875.23,32910796.61,10.25,15.09,1.10,-0.33,-1.38,0.00,0.00,210,0.00,100.00,0.00,0.00,0.00,0.00,0.00,0.00,32910796.61,3.02,6.77,210,51.90,48.10,0.00,0.00,25.00,0.00,0.00,32104140.94,806655.66,Mexico,2008
Vegetable,8804625.03,6156692.88,5.81,2.82,1.56,15.84,15.47,0.03,0.00,426,0.00,99.30,0.00,0.70,7.28,0.00,0.00,9091.88,6147526.32,3.91,4.21,426,32.86,21.36,0.47,45.31,163.80,0.00,237218.47,5870009.43,286608.77,Mexico,2008
Wood,5035720.79,1486885.48,3.32,0.68,1.38,2.06,1.28,0.00,0.00,403,0.00,100.00,0.00,0.00,0.00,0.00,0.00,0.00,1486885.48,0.67,0.46,403,19.11,79.90,0.00,0.99,18.00,0.00,0.00,233392.59,1253492.88,Mexico,2008
All Products,128997663.33,178321648.37,100.00,100.00,1.00,-12.85,-13.79,0.03,0.02,8074,1.47,98.19,0.02,0.31,126.97,0.00,4437.28,1157463.22,170411537.02,3.86,3.48,8074,55.78,34.30,2.07,7.85,350.00,0.00,27132191.41,125328150.38,46240849.87,Mexico,2009
Capital goods,52686340.42,70003895.85,40.84,39.26,0.74,-10.18,-13.17,0.00,0.00,1317,0.00,100.00,0.00,0.00,0.00,0.00,0.00,0.00,69620303.67,1.53,3.12,1317,46.85,52.16,0.61,0.38,25.00,0.00,17276.36,37269889.79,32350413.89,Mexico,2009
Consumer goods,33003559.40,56548391.07,25.58,31.71,1.14,-16.07,-15.24,0.05,0.04,3284,3.41,96.22,0.03,0.33,25.00,0.00,27.69,1065290.87,55829712.80,5.16,3.95,3284,61.69,24.09,3.56,10.66,131.80,0.00,3993369.71,49888928.73,7006074.95,Mexico,2009
Intermediate goods,28523652.88,14458561.98,22.11,8.11,1.29,-13.88,-13.04,0.01,0.01,2777,0.25,99.53,0.00,0.22,17.50,0.00,0.00,69064.37,14311444.16,4.09,3.32,2777,58.59,36.15,1.19,4.07,350.00,0.00,319666.18,8832451.27,5548057.26,Mexico,2009
Raw materials,9388850.57,30558151.34,7.28,17.14,1.55,-16.02,-15.18,0.07,0.00,601,0.00,98.50,0.17,1.33,126.97,0.00,4409.59,23107.98,30371142.82,2.75,3.58,601,26.46,44.43,1.50,27.62,350.00,0.00,22801879.16,29223418.55,1170832.24,Mexico,2009
Animal,2894258.85,1092902.61,2.24,0.61,1.57,-11.04,-9.76,0.42,0.17,333,17.42,78.68,0.60,3.30,25.00,0.00,4437.28,57799.41,1035103.20,3.68,2.16,333,42.64,24.32,2.10,30.93,99.45,0.00,4437.28,672365.18,420537.43,Mexico,2009
Chemicals,10762876.75,2287684.94,8.34,1.28,1.15,-9.00,-7.92,0.00,0.00,1087,0.00,100.00,0.00,0.00,0.00,0.00,0.00,0.00,2287686.07,2.95,2.17,1087,70.29,28.98,0.00,0.74,6.50,0.00,0.00,1338176.96,949509.11,Mexico,2009
Food Products,3166091.76,5522421.49,2.45,3.10,1.34,-4.52,-6.85,0.44,0.43,625,9.76,88.48,0.00,1.76,126.97,0.00,0.00,1079365.84,4443055.65,8.81,9.17,625,43.36,18.08,7.04,31.52,350.00,0.00,986756.66,3549169.87,1973251.62,Mexico,2009
Footwear,104007.81,298686.65,0.08,0.17,0.14,-9.17,-9.67,0.00,0.00,167,0.00,100.00,0.00,0.00,0.00,0.00,0.00,0.00,298686.65,8.88,7.56,167,67.07,17.37,3.59,11.98,51.97,0.00,57353.37,287940.55,10746.10,Mexico,2009
Fuels,7716105.26,25624336.20,5.98,14.37,1.43,-26.53,-20.92,0.00,0.00,49,0.00,100.00,0.00,0.00,0.00,0.00,0.00,0.00,25624336.20,1.40,6.49,49,10.20,38.78,40.82,10.20,17.50,0.00,25454316.86,25454341.98,169994.21,Mexico,2009
Hides and Skins,315207.40,133933.25,0.24,0.08,0.64,-17.84,-16.23,0.00,0.00,195,0.00,100.00,0.00,0.00,0.00,0.00,0.00,0.00,133933.25,4.30,4.44,195,83.59,15.90,0.00,0.51,20.00,0.00,0.00,131954.19,1979.06,Mexico,2009
Mach and Elec,44379697.84,68379697.65,34.40,38.35,0.68,-8.72,-13.48,0.00,0.00,1128,0.00,100.00,0.00,0.00,0.00,0.00,0.00,0.00,68402058.05,1.43,1.50,1128,48.32,51.24,0.35,0.09,15.00,0.00,113803.85,39541626.60,28860431.46,Mexico,2009
Metals,9249784.51,6095732.65,7.17,3.42,1.16,-17.65,-18.37,0.00,0.00,796,0.00,100.00,0.00,0.00,0.00,0.00,0.00,0.00,6095732.65,1.71,1.66,796,43.09,52.39,3.52,1.01,15.00,0.00,75815.22,3307277.41,2788455.24,Mexico,2009
Minerals,384490.71,314398.01,0.30,0.18,0.71,-34.79,-41.38,0.00,0.00,75,0.00,100.00,0.00,0.00,0.00,0.00,0.00,0.00,314398.01,0.35,0.07,75,9.33,82.67,2.67,5.33,3.41,0.00,33470.10,72521.90,241876.11,Mexico,2009
Miscellaneous,12297140.92,18923608.04,9.53,10.61,0.72,-13.14,-4.70,0.00,0.00,657,0.00,100.00,0.00,0.00,0.00,0.00,0.00,0.00,12170959.91,2.93,1.54,657,45.36,42.01,7.76,4.87,96.25,0.00,108156.15,4092219.40,8078740.50,Mexico,2009
Plastic or Rubber,11040940.89,3532525.07,8.56,1.98,1.46,-11.53,-12.17,0.00,0.00,338,0.00,100.00,0.00,0.00,0.00,0.00,0.00,0.00,3510163.54,3.79,4.08,338,80.47,19.53,0.00,0.00,14.00,0.00,0.00,3313322.44,196841.10,Mexico,2009
Stone and Glass,1507759.43,6409662.52,1.17,3.59,1.18,-12.83,-5.62,0.00,0.00,363,0.00,100.00,0.00,0.00,0.00,0.00,0.00,0.00,6409662.52,3.48,2.69,363,64.19,33.88,0.00,1.93,38.00,0.00,0.00,5947183.23,462479.28,Mexico,2009
Textiles and Clothing,3671778.29,4832067.08,2.85,2.71,1.10,-11.16,-11.88,0.00,0.00,1239,0.00,100.00,0.00,0.00,0.00,0.00,0.00,0.00,4832067.08,9.26,10.47,1239,83.21,12.11,0.24,4.44,32.00,0.00,61.18,4749779.51,82287.56,Mexico,2009
Transportation,10567823.60,27361803.07,8.19,15.34,1.10,-17.22,-18.01,0.00,0.00,202,0.00,100.00,0.00,0.00,0.00,0.00,0.00,0.00,27361803.07,2.90,7.20,202,51.98,48.02,0.00,0.00,25.00,0.00,0.00,26700645.35,661157.73,Mexico,2009
Vegetable,6556968.70,6283857.19,5.08,3.52,1.59,-14.24,-14.34,0.03,0.00,433,0.00,99.31,0.00,0.69,6.58,0.00,0.00,20297.97,6263559.22,3.75,4.16,433,33.49,22.17,0.46,43.88,163.80,0.00,298020.74,5992210.92,291646.28,Mexico,2009
Wood,4382730.62,1228331.95,3.40,0.69,1.48,-11.04,-8.96,0.00,0.00,387,0.00,100.00,0.00,0.00,0.00,0.00,0.00,0.00,1228331.95,0.60,0.42,387,17.57,81.65,0.00,0.78,18.00,0.00,0.00,177414.88,1050917.07,Mexico,2009
All Products,163664583.21,232251414.68,100.00,100.00,1.00,13.41,13.56,0.03,0.01,8092,1.50,98.27,0.01,0.22,25.00,0.00,4964.11,1377021.96,223556945.35,3.78,3.55,8092,56.08,34.32,1.92,7.69,350.00,0.00,35895994.79,164095707.60,60838259.72,Mexico,2010
Capital goods,66413495.63,97442443.10,40.58,41.96,0.73,13.13,12.74,0.00,0.00,1348,0.00,100.00,0.00,0.00,0.00,0.00,0.00,0.00,97042451.65,1.50,3.40,1348,46.14,52.97,0.52,0.37,25.00,0.00,31606.51,54003157.88,43039293.76,Mexico,2010
Consumer goods,44446573.74,67689450.39,27.16,29.14,1.18,14.03,16.15,0.06,0.04,3280,3.51,96.31,0.00,0.18,25.00,0.00,0.00,1261067.51,66752660.37,5.11,4.03,3280,62.32,24.30,3.17,10.21,131.80,0.00,5171009.36,60087293.62,7926434.26,Mexico,2010
Intermediate goods,35285177.58,20177189.59,21.56,8.69,1.26,13.77,12.61,0.01,0.01,2782,0.22,99.57,0.00,0.22,17.50,0.00,0.00,93312.95,19915845.92,4.01,2.69,2782,59.17,35.51,1.15,4.17,350.00,0.00,295262.14,11637988.23,8371170.64,Mexico,2010
Raw materials,10860305.56,39904856.47,6.64,17.18,1.50,11.24,9.57,0.02,0.00,590,0.00,98.81,0.17,1.02,7.19,0.00,4964.11,22641.51,39587440.25,2.56,3.48,590,25.76,44.07,2.03,28.14,350.00,0.00,30398116.77,38234573.93,1375507.83,Mexico,2010
Animal,3313630.62,1242519.61,2.02,0.54,1.55,9.52,9.20,0.38,0.16,304,18.42,79.28,0.33,1.97,25.00,0.00,4964.11,66324.04,1176095.62,3.13,2.53,304,43.42,25.99,1.97,28.62,87.38,0.00,5173.07,927569.91,314849.75,Mexico,2010
Chemicals,12103506.17,2765119.16,7.40,1.19,1.12,9.22,8.06,0.00,0.00,1119,0.00,100.00,0.00,0.00,0.00,0.00,0.00,0.00,2765072.03,3.00,2.06,1119,71.31,27.79,0.00,0.89,6.50,0.00,0.00,1517970.22,1247101.81,Mexico,2010
Food Products,3671883.94,6363278.76,2.24,2.74,1.36,5.67,6.59,0.39,0.45,634,10.25,88.33,0.00,1.42,20.00,0.00,0.00,1289089.29,5073668.72,8.46,9.77,634,45.27,16.72,6.78,31.23,350.00,0.00,1259645.10,4280083.27,2082674.74,Mexico,2010
Footwear,142176.41,372298.78,0.09,0.16,0.13,13.51,9.71,0.00,0.00,170,0.00,100.00,0.00,0.00,0.00,0.00,0.00,0.00,372202.37,8.61,9.02,170,66.47,18.24,3.53,11.76,50.70,0.00,60950.78,354592.34,17610.03,Mexico,2010
Fuels,14257996.76,34082633.53,8.71,14.67,1.46,23.55,25.16,0.00,0.00,45,0.00,100.00,0.00,0.00,0.00,0.00,0.00,0.00,33892326.78,1.79,6.58,45,11.11,33.33,44.44,11.11,16.83,0.00,33716894.52,33716950.25,175376.53,Mexico,2010
Hides and Skins,425542.10,151828.91,0.26,0.07,0.70,14.59,20.34,0.00,0.00,193,0.00,100.00,0.00,0.00,0.00,0.00,0.00,0.00,151836.13,4.19,4.29,193,83.42,16.06,0.00,0.52,20.00,0.00,0.00,148737.90,3098.23,Mexico,2010
Mach and Elec,56321119.26,87904953.02,34.41,37.85,0.67,13.16,11.77,0.00,0.00,1163,0.00,100.00,0.00,0.00,0.00,0.00,0.00,0.00,87923890.26,1.41,1.45,1163,47.12,52.45,0.34,0.09,12.50,0.00,111195.55,49166105.92,38757784.35,Mexico,2010
Metals,12242953.96,7893197.30,7.48,3.40,1.15,17.08,16.98,0.00,0.00,806,0.00,100.00,0.00,0.00,0.00,0.00,0.00,0.00,7890533.88,1.72,1.53,806,42.56,52.23,3.47,1.74,15.00,0.00,57927.97,3974789.36,3915744.52,Mexico,2010
Minerals,499737.76,463868.06,0.31,0.20,0.91,22.92,39.20,0.00,0.00,72,0.00,100.00,0.00,0.00,0.00,0.00,0.00,0.00,464922.52,0.35,0.08,72,8.33,81.94,2.78,6.94,3.52,0.00,59438.02,129250.04,335672.48,Mexico,2010
Miscellaneous,13385236.45,22710362.43,8.18,9.78,0.71,9.47,9.54,0.00,0.00,624,0.00,100.00,0.00,0.00,0.00,0.00,0.00,0.00,15678529.18,2.66,1.46,624,45.99,43.43,6.73,3.85,100.41,0.00,127806.98,5035827.11,10642702.07,Mexico,2010
Plastic or Rubber,13574511.91,4467230.87,8.29,1.92,1.46,17.45,17.60,0.00,0.00,346,0.00,100.00,0.00,0.00,0.00,0.00,0.00,0.00,4439690.72,3.73,3.99,346,80.06,19.94,0.00,0.00,14.00,0.00,0.00,4118718.22,320972.50,Mexico,2010
Stone and Glass,1832497.86,8757361.19,1.12,3.77,1.15,13.03,11.61,0.00,0.00,360,0.00,100.00,0.00,0.00,0.00,0.00,0.00,0.00,8669243.42,3.47,2.53,360,63.89,34.44,0.00,1.67,38.00,0.00,0.00,8143229.31,526014.11,Mexico,2010
Textiles and Clothing,4514901.10,5191306.27,2.76,2.24,1.11,9.73,10.03,0.00,0.00,1247,0.00,100.00,0.00,0.00,0.00,0.00,0.00,0.00,5191238.07,9.07,10.37,1247,82.92,12.19,0.16,4.73,32.00,0.00,10959.31,5095873.07,95365.01,Mexico,2010
Transportation,15056900.69,40899072.60,9.20,17.61,1.14,15.40,17.91,0.00,0.00,209,0.00,100.00,0.00,0.00,0.00,0.00,0.00,0.00,40903402.58,2.79,7.43,209,52.15,47.85,0.00,0.00,25.00,0.00,0.00,40015999.46,887403.12,Mexico,2010
Vegetable,7124583.03,7587823.64,4.35,3.27,1.55,5.06,3.83,0.02,0.00,422,0.00,99.29,0.00,0.71,5.97,0.00,0.00,21608.63,7565764.64,3.79,4.07,422,32.94,21.80,0.47,44.79,163.80,0.00,486003.48,7285117.03,302256.24,Mexico,2010
Wood,5197405.20,1398560.53,3.18,0.60,1.47,9.70,9.65,0.00,0.00,378,0.00,100.00,0.00,0.00,0.00,0.00,0.00,0.00,1398528.44,0.65,0.37,378,18.25,80.95,0.00,0.79,18.00,0.00,0.00,184894.19,1213634.25,Mexico,2010
All Products,198288689.23,265113824.43,100.00,100.00,1.00,7.88,9.65,0.06,0.02,8161,1.51,98.03,0.02,0.44,163.80,0.00,2209.04,1499575.80,256817171.60,3.79,3.57,8161,55.56,34.70,1.85,7.89,350.00,0.00,46592090.59,193778379.46,64538367.94,Mexico,2011
Capital goods,76906778.52,107586704.46,38.79,40.58,0.72,5.55,6.45,0.00,0.00,1364,0.00,99.63,0.00,0.37,0.00,0.00,0.00,0.00,107210172.51,1.54,3.40,1364,46.33,52.57,0.37,0.73,25.00,0.00,34808.35,63176009.68,44034162.84,Mexico,2011
Consumer goods,56625618.33,72640838.35,28.56,27.40,1.21,9.58,12.70,0.08,0.05,3304,3.45,96.04,0.03,0.48,131.80,0.00,50.09,1380423.05,71596408.73,5.19,4.24,3304,61.59,24.30,3.33,10.77,350.00,0.00,5770334.56,64285528.03,8691303.75,Mexico,2011
Intermediate goods,42363407.66,26512906.34,21.36,10.00,1.22,8.84,8.79,0.01,0.01,2777,0.25,99.50,0.00,0.25,17.50,0.00,0.00,100887.48,26324957.73,3.96,2.54,2777,58.91,36.30,0.94,3.85,350.00,0.00,491471.94,16714929.77,9710915.44,Mexico,2011
Raw materials,14660435.14,51576298.25,7.39,19.45,1.43,12.87,12.13,0.39,0.00,615,0.33,98.21,0.16,1.30,163.80,0.00,2158.94,18265.27,51367016.69,2.60,3.36,615,24.55,46.02,1.63,27.80,350.00,0.00,40295475.74,49475539.39,1909742.57,Mexico,2011
Animal,4046667.36,1565666.07,2.04,0.59,1.51,6.55,6.84,0.37,0.11,341,16.72,79.18,0.59,3.52,25.00,0.00,2209.04,70607.57,1495058.50,3.51,2.53,341,40.47,25.22,2.93,31.38,112.37,0.00,2872.89,1147750.21,417915.86,Mexico,2011
Chemicals,14267018.48,3219242.72,7.20,1.21,1.11,7.46,8.53,0.00,0.00,1086,0.00,100.00,0.00,0.00,0.00,0.00,0.00,0.00,3220005.60,2.98,2.08,1086,70.99,28.18,0.00,0.83,6.50,0.00,0.00,1753913.70,1466091.91,Mexico,2011
Food Products,4463727.32,7446599.92,2.25,2.81,1.40,8.28,11.54,0.67,0.51,639,10.02,88.11,0.00,1.88,131.80,0.00,0.00,1396563.26,6050036.66,9.41,12.13,639,44.44,17.68,5.95,31.92,350.00,0.00,1783141.54,5247348.21,2199251.70,Mexico,2011
Footwear,148597.00,432223.14,0.07,0.16,0.11,9.22,0.32,0.00,0.00,172,0.00,99.42,0.00,0.58,0.00,0.00,0.00,0.00,432223.14,8.40,8.76,172,65.70,19.19,2.91,12.21,50.65,0.00,43987.43,410206.66,22016.48,Mexico,2011
Fuels,23630158.70,44365231.08,11.92,16.73,1.59,20.65,28.12,0.00,0.00,43,0.00,100.00,0.00,0.00,0.00,0.00,0.00,0.00,44365231.08,1.18,6.73,43,11.63,37.21,46.51,4.65,9.78,0.00,44270290.60,44270290.60,94940.48,Mexico,2011
Hides and Skins,456254.76,187173.43,0.23,0.07,0.59,12.11,4.30,0.00,0.00,201,0.00,100.00,0.00,0.00,0.00,0.00,0.00,0.00,187173.43,4.01,4.59,201,81.59,17.91,0.00,0.50,20.00,0.00,0.00,182826.53,4346.90,Mexico,2011
Mach and Elec,63737975.88,93268445.57,32.14,35.18,0.66,4.99,6.03,0.00,0.00,1172,0.00,100.00,0.00,0.00,0.00,0.00,0.00,0.00,93307612.75,1.44,1.50,1172,47.70,51.88,0.34,0.09,15.00,0.00,57929.95,54328128.84,38979483.92,Mexico,2011
Metals,14735366.04,10053843.33,7.43,3.79,1.07,8.48,6.46,0.00,0.00,798,0.00,100.00,0.00,0.00,0.00,0.00,0.00,0.00,10053843.33,1.63,1.51,798,41.35,53.63,3.51,1.50,15.00,0.00,86444.96,5385093.83,4668749.50,Mexico,2011
Minerals,1323507.39,670480.72,0.67,0.25,1.01,16.67,25.13,0.00,0.00,73,0.00,100.00,0.00,0.00,0.00,0.00,0.00,0.00,670480.72,0.38,0.38,73,6.85,82.19,0.00,10.96,11.21,0.00,0.00,241934.52,428546.20,Mexico,2011
Miscellaneous,15132519.82,24166601.64,7.63,9.12,0.68,6.73,5.85,0.00,0.00,637,0.00,98.74,0.00,1.26,0.00,0.00,0.00,0.00,17369524.61,2.28,0.98,637,44.74,43.01,6.75,5.49,32.00,0.00,47005.39,5594255.27,11775269.34,Mexico,2011
Plastic or Rubber,15313825.41,5305009.50,7.72,2.00,1.35,4.98,2.65,0.00,0.00,348,0.00,100.00,0.00,0.00,0.00,0.00,0.00,0.00,5265821.56,3.75,4.01,348,79.89,20.11,0.00,0.00,14.00,0.00,0.00,4878651.97,387169.59,Mexico,2011
Stone and Glass,2217738.90,11970042.14,1.12,4.52,1.06,8.24,5.80,0.00,0.00,357,0.00,100.00,0.00,0.00,0.00,0.00,0.00,0.00,11970042.14,3.34,2.32,357,63.31,35.01,0.00,1.68,38.00,0.00,0.00,11346276.20,623765.94,Mexico,2011
Textiles and Clothing,5201466.63,5561367.72,2.62,2.10,1.05,8.38,7.42,0.00,0.00,1257,0.00,100.00,0.00,0.00,0.00,0.00,0.00,0.00,5561367.72,9.12,10.37,1257,83.29,12.09,0.08,4.53,32.00,0.00,28.73,5454400.22,106967.50,Mexico,2011
Transportation,18870515.68,46776988.49,9.52,17.64,1.13,8.85,10.14,0.00,0.00,211,0.00,100.00,0.00,0.00,0.00,0.00,0.00,0.00,46776988.49,3.09,7.10,211,51.66,48.34,0.00,0.00,25.00,0.00,0.00,45318298.11,1458690.38,Mexico,2011
Vegetable,9387864.38,8606525.82,4.73,3.25,1.43,16.99,14.22,0.58,0.02,404,0.50,98.76,0.00,0.74,163.80,0.00,0.00,32404.97,8573378.72,3.73,4.02,404,32.67,22.77,0.50,44.06,163.80,0.00,300389.11,8026987.32,578796.36,Mexico,2011
Wood,5355485.49,1518383.16,2.70,0.57,1.41,2.40,1.83,0.00,0.00,422,0.00,100.00,0.00,0.00,0.00,0.00,0.00,0.00,1518383.16,0.78,0.35,422,20.85,78.44,0.00,0.71,18.00,0.00,0.00,192017.27,1326365.89,Mexico,2011
All Products,215875039.16,279957416.74,100.00,100.00,1.00,2.80,3.04,0.03,0.02,8240,1.31,98.28,0.04,0.38,131.80,0.00,3767.47,1527151.85,268783103.58,3.69,3.53,8240,55.66,35.01,1.76,7.57,350.00,0.00,41583085.99,202131683.34,68178572.08,Mexico,2012
Capital goods,85356468.86,118168519.35,39.54,42.21,0.74,3.95,5.65,0.00,0.00,1379,0.00,99.71,0.00,0.29,0.00,0.00,0.00,0.00,117215064.71,1.53,3.66,1379,46.70,52.21,0.44,0.65,25.00,0.00,36410.10,70996422.38,46218642.33,Mexico,2012
Consumer goods,60099392.67,76981930.33,27.84,27.50,1.19,1.47,0.94,0.08,0.06,3191,3.17,96.36,0.03,0.44,131.80,0.00,289.13,1396332.94,73784137.82,5.19,3.88,3191,62.43,24.38,2.85,10.34,350.00,0.00,2823501.49,66104108.82,9076361.95,Mexico,2012
Intermediate goods,46498481.52,27840582.41,21.54,9.94,1.21,3.15,2.91,0.01,0.01,2756,0.25,99.53,0.00,0.22,17.50,0.00,0.00,108621.00,27121627.91,3.86,1.70,2756,58.93,36.47,0.83,3.77,350.00,0.00,138331.94,16358205.68,10872043.23,Mexico,2012
Raw materials,14876429.51,49651348.05,6.89,17.74,1.44,-7.08,-6.49,0.00,0.00,537,0.00,99.44,0.00,0.56,6.37,0.00,0.00,11771.10,47040892.22,2.16,3.42,537,26.82,45.44,1.12,26.63,350.00,0.00,37579510.85,45670406.13,1382257.19,Mexico,2012
Animal,4227179.44,1896190.03,1.96,0.68,1.62,-0.76,3.07,0.22,0.10,355,12.39,83.66,0.85,3.10,25.00,0.00,3767.47,76044.66,1773742.47,2.32,2.97,355,34.08,35.77,3.38,26.76,117.39,0.00,4208.40,1463118.54,386668.60,Mexico,2012
Chemicals,15927586.08,3456966.00,7.38,1.23,1.11,2.46,3.03,0.00,0.00,1114,0.00,100.00,0.00,0.00,0.00,0.00,0.00,0.00,3382971.61,2.96,2.08,1114,71.01,28.19,0.00,0.81,6.50,0.00,0.00,1788566.64,1594404.97,Mexico,2012
Food Products,4812428.88,7247403.03,2.23,2.59,1.45,3.06,5.00,0.55,0.60,638,10.03,88.40,0.00,1.57,131.80,0.00,0.00,1409312.65,5681926.76,9.10,8.93,638,44.20,17.08,6.90,31.82,350.00,0.00,1255694.31,4771392.19,2319847.22,Mexico,2012
Footwear,140625.83,559412.78,0.07,0.20,0.12,6.08,11.77,0.00,0.00,193,0.00,99.48,0.00,0.52,0.00,0.00,0.00,0.00,554508.31,7.98,7.83,193,69.43,17.10,2.59,10.88,49.79,0.00,58511.31,529657.67,24850.64,Mexico,2012
Fuels,23658186.16,40203152.13,10.96,14.36,1.62,-2.43,-1.37,0.00,0.00,42,0.00,100.00,0.00,0.00,0.00,0.00,0.00,0.00,39824536.20,1.24,6.52,42,11.90,35.71,47.62,4.76,9.30,0.00,39722066.21,39722066.21,102469.99,Mexico,2012
Hides and Skins,504463.97,254483.27,0.23,0.09,0.57,8.27,7.19,0.00,0.00,204,0.00,100.00,0.00,0.00,0.00,0.00,0.00,0.00,251316.76,3.97,5.01,204,81.86,17.65,0.00,0.49,20.00,0.00,0.00,247961.85,3354.91,Mexico,2012
Mach and Elec,69841803.22,99516330.52,32.35,35.55,0.67,3.18,4.64,0.00,0.00,1191,0.00,100.00,0.00,0.00,0.00,0.00,0.00,0.00,99133374.39,1.46,1.53,1191,48.11,51.47,0.34,0.08,15.00,0.00,31360.86,58640032.78,40493341.62,Mexico,2012
Metals,16618465.00,10286501.89,7.70,3.67,1.05,4.60,3.58,0.00,0.00,827,0.00,100.00,0.00,0.00,0.00,0.00,0.00,0.00,10146833.23,1.61,1.65,827,40.63,54.17,3.39,1.81,15.00,0.00,100747.40,5740082.87,4406750.36,Mexico,2012
Minerals,1550017.99,516320.32,0.72,0.18,1.01,-0.67,-0.74,0.00,0.00,80,0.00,100.00,0.00,0.00,0.00,0.00,0.00,0.00,469186.61,0.40,0.38,80,8.75,81.25,0.00,10.00,11.02,0.00,0.00,139295.87,329890.74,Mexico,2012
Miscellaneous,17422489.68,27235471.98,8.07,9.73,0.81,8.07,18.36,0.00,0.00,626,0.00,99.04,0.00,0.96,0.00,0.00,0.00,0.00,19966086.81,2.30,1.05,626,48.08,42.81,4.47,4.63,32.00,0.00,48480.53,6482687.36,13483399.46,Mexico,2012
Plastic or Rubber,17013218.94,5818483.89,7.88,2.08,1.32,4.28,3.30,0.00,0.00,346,0.00,100.00,0.00,0.00,0.00,0.00,0.00,0.00,5709563.11,3.73,3.93,346,79.48,20.52,0.00,0.00,14.00,0.00,0.00,5271375.47,438187.65,Mexico,2012
Stone and Glass,2270146.44,12002625.74,1.05,4.29,1.06,1.33,1.25,0.00,0.00,353,0.00,100.00,0.00,0.00,0.00,0.00,0.00,0.00,11945873.53,3.53,2.33,353,66.29,32.29,0.00,1.42,38.00,0.00,0.00,11346642.07,599231.46,Mexico,2012
Textiles and Clothing,5007808.14,5415425.15,2.32,1.93,0.97,-0.44,-3.92,0.00,0.00,1246,0.00,100.00,0.00,0.00,0.00,0.00,0.00,0.00,5368497.60,9.05,10.26,1246,83.15,12.44,0.16,4.25,32.00,0.00,14.23,5263605.91,104891.69,Mexico,2012
Transportation,21541569.22,54840091.02,9.98,19.59,1.12,6.53,6.23,0.00,0.00,208,0.00,100.00,0.00,0.00,0.00,0.00,0.00,0.00,54535224.25,2.73,7.24,208,50.96,49.04,0.00,0.00,25.00,0.00,0.00,52450415.29,2084808.96,Mexico,2012
Vegetable,9809228.74,9112788.43,4.54,3.26,1.36,-7.79,-9.60,0.02,0.00,416,0.00,99.28,0.00,0.72,5.91,0.00,0.00,41794.53,8673559.42,3.68,3.95,416,33.41,23.32,0.48,42.79,131.80,0.00,362002.75,8061880.48,653473.47,Mexico,2012
Wood,5529821.42,1595770.56,2.56,0.57,1.40,0.55,0.66,0.00,0.00,401,0.00,100.00,0.00,0.00,0.00,0.00,0.00,0.00,1365902.52,0.72,0.42,401,19.70,79.30,0.00,1.00,18.00,0.00,0.00,212902.17,1153000.35,Mexico,2012
All Products,226070226.71,283133714.14,100.00,100.00,1.00,1.40,0.56,0.03,0.02,8271,1.48,98.04,0.04,0.45,131.80,0.00,5701.66,1576043.82,271555434.88,3.74,3.72,8271,55.28,34.53,2.13,8.06,350.00,0.00,36969338.37,203504875.04,69626603.66,Mexico,2013
Capital goods,92456507.53,124571551.37,40.90,44.00,0.73,2.31,0.68,0.00,0.00,1372,0.00,99.71,0.00,0.29,0.00,0.00,0.00,0.00,123476387.29,1.54,3.86,1372,46.50,52.41,0.44,0.66,25.00,0.00,36400.88,76796735.51,46679651.78,Mexico,2013
Consumer goods,61506030.31,80511087.65,27.21,28.44,1.18,1.86,0.57,0.08,0.05,3277,3.51,96.00,0.03,0.46,131.80,0.00,217.73,1425797.69,76912312.32,5.23,3.81,3277,61.67,23.62,3.72,10.99,350.00,0.00,2823552.55,68528067.32,9810042.69,Mexico,2013
Intermediate goods,47490213.41,25436719.54,21.01,8.98,1.27,-0.25,1.30,0.01,0.01,2730,0.26,99.45,0.00,0.29,17.50,0.00,0.00,125427.93,24379897.18,3.84,1.67,2730,58.42,36.70,0.84,4.03,350.00,0.00,235148.72,13409121.51,11096203.60,Mexico,2013
Raw materials,14498428.14,45161208.61,6.41,15.95,1.49,3.16,4.02,0.00,0.00,529,0.00,99.05,0.00,0.95,6.17,0.00,0.00,9929.10,42559521.20,2.12,3.65,529,26.09,43.86,1.13,28.92,350.00,0.00,32272833.38,41286662.56,1282787.74,Mexico,2013
Animal,4866261.87,1771898.10,2.15,0.63,1.61,9.09,7.65,0.27,0.10,384,15.10,80.73,0.78,3.39,25.00,0.00,5701.66,78677.37,1650106.50,2.77,3.36,384,38.28,29.69,3.39,28.65,110.49,0.00,5986.23,1313400.79,415383.08,Mexico,2013
Chemicals,15849965.59,3714931.37,7.01,1.31,1.14,1.20,1.50,0.00,0.00,1102,0.00,100.00,0.00,0.00,0.00,0.00,0.00,0.00,3641421.35,2.93,2.20,1102,70.33,28.95,0.00,0.73,6.50,0.00,0.00,2008476.49,1632944.86,Mexico,2013
Food Products,4956136.03,8130659.79,2.19,2.87,1.47,1.73,1.60,0.55,0.51,638,10.03,88.40,0.00,1.57,131.80,0.00,0.00,1460880.37,6457554.02,9.37,10.22,638,44.20,16.14,7.05,32.60,350.00,0.00,1615736.05,5442649.25,2475785.14,Mexico,2013
Footwear,164224.84,621494.82,0.07,0.22,0.12,2.35,2.39,0.00,0.00,190,0.00,99.47,0.00,0.53,0.00,0.00,0.00,0.00,616792.65,8.35,7.53,190,70.53,15.79,2.63,11.05,49.63,0.00,60553.24,588566.92,28225.72,Mexico,2013
Fuels,23107901.10,35151621.71,10.22,12.42,1.63,-0.65,-1.34,0.00,0.00,38,0.00,100.00,0.00,0.00,0.00,0.00,0.00,0.00,34780875.77,1.61,6.62,38,13.16,28.95,52.63,5.26,8.98,0.00,34704924.25,34704924.25,75951.52,Mexico,2013
Hides and Skins,606896.75,267287.11,0.27,0.09,0.54,4.52,0.60,0.00,0.00,190,0.00,100.00,0.00,0.00,0.00,0.00,0.00,0.00,264883.25,4.17,5.12,190,82.63,16.84,0.00,0.53,20.00,0.00,0.00,261695.54,3187.70,Mexico,2013
Mach and Elec,75147321.04,100515136.53,33.24,35.50,0.65,2.86,0.59,0.00,0.00,1195,0.00,100.00,0.00,0.00,0.00,0.00,0.00,0.00,100092461.15,1.47,1.51,1195,48.03,51.55,0.33,0.08,15.00,0.00,14129.24,59374522.06,40717939.08,Mexico,2013
Metals,17504758.64,10016939.57,7.74,3.54,1.12,-2.58,-0.08,0.00,0.00,822,0.00,100.00,0.00,0.00,0.00,0.00,0.00,0.00,9853501.81,1.71,1.71,822,41.61,53.28,3.28,1.82,15.00,0.00,186579.36,5437705.82,4415795.99,Mexico,2013
Minerals,2160446.52,447610.18,0.96,0.16,1.25,-8.39,1.05,0.00,0.00,74,0.00,100.00,0.00,0.00,0.00,0.00,0.00,0.00,393361.06,0.45,0.33,74,8.11,79.73,0.00,12.16,12.03,0.00,0.00,87099.45,306261.61,Mexico,2013
Miscellaneous,19020857.17,28462393.07,8.41,10.05,0.76,-1.29,-5.12,0.00,0.00,670,0.00,98.96,0.00,1.04,0.00,0.00,0.00,0.00,21050635.68,2.31,1.07,670,45.52,40.60,8.06,5.82,32.00,0.00,49098.34,6826817.59,14223818.08,Mexico,2013
Plastic or Rubber,18462381.73,6122756.36,8.17,2.16,1.34,1.78,1.75,0.00,0.00,348,0.00,100.00,0.00,0.00,0.00,0.00,0.00,0.00,6008498.18,3.67,3.95,348,78.74,21.26,0.00,0.00,14.00,0.00,0.00,5662611.75,345886.44,Mexico,2013
Stone and Glass,1999279.87,9709103.93,0.88,3.43,1.05,-0.04,-1.04,0.00,0.00,354,0.00,100.00,0.00,0.00,0.00,0.00,0.00,0.00,9641151.66,3.47,2.47,354,65.54,32.77,0.00,1.69,38.00,0.00,0.00,8939772.67,701378.99,Mexico,2013
Textiles and Clothing,5407941.94,5430533.48,2.39,1.92,1.00,2.23,2.69,0.00,0.00,1236,0.00,99.76,0.00,0.24,1.87,0.00,0.00,34.89,5387898.55,9.08,10.30,1236,81.96,12.62,0.49,4.94,32.00,0.00,47.54,5290966.75,96966.69,Mexico,2013
Transportation,22752300.58,61064893.93,10.06,21.57,1.15,1.06,1.63,0.00,0.00,210,0.00,100.00,0.00,0.00,0.00,0.00,0.00,0.00,60719676.54,2.95,7.31,210,50.95,49.05,0.00,0.00,25.00,0.00,0.00,58346385.55,2373290.99,Mexico,2013
Vegetable,8327404.07,9987013.32,3.68,3.53,1.37,3.95,3.16,0.02,0.00,428,0.00,99.30,0.00,0.70,5.91,0.00,0.00,36451.19,9510537.40,3.86,4.17,428,34.11,22.66,0.47,42.76,131.80,0.00,332284.12,8973824.36,573164.23,Mexico,2013
Wood,5736148.98,1719440.85,2.54,0.61,1.40,1.73,0.63,0.00,0.00,392,0.00,100.00,0.00,0.00,0.00,0.00,0.00,0.00,1486079.33,0.68,0.44,392,18.62,80.61,0.00,0.77,18.00,0.00,0.00,245455.80,1240623.52,Mexico,2013
All Products,240247089.96,296855758.71,100.00,100.00,1.00,2.43,2.13,0.03,0.02,8265,1.46,98.06,0.04,0.44,131.80,0.00,6181.41,1603995.99,286864875.10,3.78,3.84,8265,55.49,34.26,2.14,8.11,350.00,0.00,32561774.15,214628970.56,73839900.53,Mexico,2014
Capital goods,98525047.90,135881800.53,41.01,45.77,0.76,0.88,2.66,0.00,0.00,1350,0.00,99.70,0.00,0.30,0.00,0.00,0.00,0.00,135523557.25,1.57,4.27,1350,46.52,52.30,0.52,0.67,25.00,0.00,39776.03,88169136.42,47354420.84,Mexico,2014
Consumer goods,65343578.66,83498743.20,27.20,28.13,1.24,-0.48,1.48,0.08,0.05,3258,3.53,95.98,0.03,0.46,131.80,0.00,112.08,1435912.97,80925917.27,5.23,3.73,3258,61.91,23.51,3.65,10.93,350.00,0.00,2865665.57,71355019.51,11006810.73,Mexico,2014
Intermediate goods,49849268.66,26293321.38,20.75,8.86,1.33,-1.89,0.06,0.01,0.01,2760,0.22,99.57,0.00,0.22,17.50,0.00,0.00,144589.43,25753376.31,3.89,1.63,2760,58.80,36.34,0.91,3.95,350.00,0.00,242365.80,12860882.81,13037082.94,Mexico,2014
Raw materials,16312673.28,42795005.99,6.79,14.42,1.66,-5.13,-0.19,0.00,0.00,533,0.00,99.06,0.00,0.94,5.99,0.00,0.00,11016.43,40521929.77,2.10,3.57,533,26.08,43.34,1.31,29.27,350.00,0.00,28475231.34,39093610.91,1439335.28,Mexico,2014
Animal,5753759.03,2323972.50,2.39,0.78,1.58,6.19,5.12,0.28,0.08,360,15.83,80.28,0.83,3.06,25.00,0.00,6181.41,84038.09,2239934.41,2.63,3.45,360,39.17,29.17,3.61,28.06,105.31,0.00,6302.96,1839669.32,484303.18,Mexico,2014
Chemicals,16304862.06,4037355.19,6.79,1.36,1.14,0.80,0.50,0.00,0.00,1091,0.00,100.00,0.00,0.00,0.00,0.00,0.00,0.00,4038396.37,2.95,2.24,1091,70.39,28.96,0.00,0.64,6.50,0.00,0.00,2218700.83,1819695.54,Mexico,2014
Food Products,5182605.57,8581728.77,2.16,2.89,1.47,0.28,0.23,0.56,0.48,626,10.22,88.18,0.00,1.60,131.80,0.00,0.00,1486360.74,7095368.03,9.64,7.76,626,44.57,15.50,7.35,32.59,350.00,0.00,1289101.73,5564627.68,3017101.09,Mexico,2014
Footwear,167953.93,579715.48,0.07,0.20,0.11,5.41,-1.20,0.00,0.00,191,0.00,99.48,0.00,0.52,0.00,0.00,0.00,0.00,579715.48,8.15,7.65,191,70.16,16.23,2.62,10.99,48.68,0.00,56764.00,550922.82,28792.66,Mexico,2014
Fuels,23666597.85,30702633.39,9.85,10.34,1.64,0.48,0.60,0.00,0.00,39,0.00,100.00,0.00,0.00,0.00,0.00,0.00,0.00,30702633.39,1.40,6.47,39,12.82,30.77,51.28,5.13,9.09,0.00,30596931.76,30596931.76,105701.63,Mexico,2014
Hides and Skins,602411.21,315564.45,0.25,0.11,0.52,7.22,5.28,0.00,0.00,199,0.00,100.00,0.00,0.00,0.00,0.00,0.00,0.00,315564.45,4.24,5.16,199,83.42,16.08,0.00,0.50,20.00,0.00,0.00,312048.29,3516.16,Mexico,2014
Mach and Elec,81379374.69,103528299.59,33.87,34.88,0.67,1.26,2.39,0.00,0.00,1171,0.00,100.00,0.00,0.00,0.00,0.00,0.00,0.00,103595162.72,1.45,1.54,1171,47.91,51.67,0.34,0.09,12.50,0.00,6030.79,62615565.31,40979597.41,Mexico,2014
Metals,18875265.61,11347359.64,7.86,3.82,1.09,3.58,2.10,0.00,0.00,831,0.00,100.00,0.00,0.00,0.00,0.00,0.00,0.00,11347359.63,1.70,1.59,831,41.52,53.31,3.13,2.05,15.00,0.00,189189.69,5953543.48,5393816.16,Mexico,2014
Minerals,2809670.39,519791.72,1.17,0.18,1.20,-3.13,-5.42,0.00,0.00,75,0.00,100.00,0.00,0.00,0.00,0.00,0.00,0.00,519791.72,0.44,0.50,75,8.00,81.33,0.00,10.67,13.32,0.00,0.00,139727.14,380064.58,Mexico,2014
Miscellaneous,20289447.20,31483178.46,8.45,10.61,0.72,8.64,5.04,0.00,0.00,662,0.00,98.94,0.00,1.06,0.00,0.00,0.00,0.00,23336282.80,2.38,1.13,662,45.17,40.03,8.91,5.89,41.63,0.00,57997.69,7724413.33,15611869.48,Mexico,2014
Plastic or Rubber,20045009.42,6771065.64,8.34,2.28,1.33,3.51,3.00,0.00,0.00,346,0.00,100.00,0.00,0.00,0.00,0.00,0.00,0.00,6733298.31,3.75,4.00,346,79.77,20.23,0.00,0.00,14.00,0.00,0.00,6314061.87,419236.44,Mexico,2014
Stone and Glass,2117397.87,8538603.99,0.88,2.88,1.04,5.18,4.26,0.00,0.00,361,0.00,100.00,0.00,0.00,0.00,0.00,0.00,0.00,8538603.99,3.52,2.57,361,64.82,33.24,0.00,1.94,38.00,0.00,0.00,7596301.61,942302.38,Mexico,2014
Textiles and Clothing,5761962.44,5534763.34,2.40,1.86,0.96,2.48,0.07,0.00,0.00,1243,0.00,99.76,0.00,0.24,2.06,0.00,0.00,0.53,5534732.04,9.16,10.27,1243,82.86,11.99,0.16,4.99,32.00,0.00,5.99,5443787.07,90945.49,Mexico,2014
Transportation,23010841.76,69791404.10,9.58,23.51,1.15,3.99,3.41,0.00,0.00,211,0.00,100.00,0.00,0.00,0.00,0.00,0.00,0.00,69791404.10,3.20,7.74,211,51.66,48.34,0.00,0.00,25.00,0.00,0.00,67188260.43,2603143.67,Mexico,2014
Vegetable,8451393.39,10909294.75,3.52,3.67,1.43,-0.67,1.34,0.02,0.00,446,0.00,99.10,0.00,0.90,6.16,0.00,0.00,33596.63,10874691.40,3.91,4.00,446,33.18,22.42,0.45,43.95,163.80,0.00,359449.55,10308694.69,599593.34,Mexico,2014
Wood,5828537.54,1891027.71,2.43,0.64,1.39,1.67,0.98,0.00,0.00,413,0.00,100.00,0.00,0.00,0.00,0.00,0.00,0.00,1621936.27,0.77,0.43,413,20.58,78.45,0.00,0.97,18.00,0.00,0.00,261714.95,1360221.32,Mexico,2014
All Products,235745087.29,299181820.27,100.00,100.00,1.00,-0.59,-2.21,0.02,0.01,8249,1.43,98.11,0.04,0.42,25.00,0.00,6907.41,1637319.27,288494684.91,3.74,3.81,8249,54.88,35.00,2.19,7.93,350.00,0.00,16128616.57,208668138.20,81463865.97,Mexico,2015
Capital goods,102844716.84,148945047.15,43.63,49.78,0.78,1.11,0.54,0.00,0.00,1370,0.00,99.71,0.00,0.29,0.00,0.00,0.00,0.00,148464084.18,1.55,4.12,1370,46.06,52.77,0.51,0.66,25.00,0.00,48990.07,93649198.54,54814885.65,Mexico,2015
Consumer goods,60846629.75,87286029.55,25.81,29.17,1.24,-1.42,-3.04,0.06,0.04,3275,3.45,96.09,0.03,0.43,25.00,0.00,283.86,1513681.48,85217028.49,5.25,3.57,3275,61.95,23.82,3.45,10.78,350.00,0.00,2096186.68,74917301.07,11813408.91,Mexico,2015
Intermediate goods,46846792.11,25490214.11,19.87,8.52,1.29,-2.03,-4.88,0.01,0.01,2707,0.18,99.56,0.00,0.26,17.50,0.00,0.00,104837.45,24795916.61,3.78,1.65,2707,57.37,37.72,1.00,3.92,350.00,0.00,235036.20,12284649.82,12616104.24,Mexico,2015
Raw materials,14948417.53,28410713.36,6.34,9.50,1.72,-5.92,-5.76,0.01,0.00,540,0.00,98.89,0.00,1.11,5.89,0.00,0.00,6646.06,26034427.99,2.29,3.79,540,26.11,44.07,2.41,27.41,350.00,0.00,13136266.21,24793866.35,1247207.70,Mexico,2015
Animal,4753755.91,2756170.03,2.02,0.92,1.56,-8.84,-10.92,0.26,0.08,376,15.16,80.85,0.80,3.19,25.00,0.00,6907.41,87472.50,2668697.53,2.62,3.69,376,38.56,29.79,3.72,27.93,105.78,0.00,10946.90,2233498.02,522672.01,Mexico,2015
Chemicals,14657606.32,3942269.58,6.22,1.32,1.11,-4.01,-6.88,0.00,0.00,1071,0.00,100.00,0.00,0.00,0.00,0.00,0.00,0.00,3943752.33,2.94,2.31,1071,70.40,28.76,0.00,0.84,6.50,0.00,0.00,2189411.25,1754341.08,Mexico,2015
Food Products,5100508.97,9127359.76,2.16,3.05,1.54,-0.63,0.06,0.33,0.36,645,9.46,88.84,0.00,1.71,20.00,0.00,0.00,1521173.36,7606186.40,9.91,8.88,645,43.41,17.05,7.13,32.40,350.00,0.00,1344034.47,5832485.88,3294873.88,Mexico,2015
Footwear,190603.82,585174.21,0.08,0.20,0.11,1.92,0.75,0.00,0.00,195,0.00,100.00,0.00,0.00,0.00,0.00,0.00,0.00,585174.21,7.95,7.53,195,69.74,16.92,3.08,10.26,48.76,0.00,85990.21,552228.70,32945.52,Mexico,2015
Fuels,18036955.96,13971892.79,7.65,4.67,1.78,-10.77,-8.62,0.00,0.00,50,0.00,100.00,0.00,0.00,0.00,0.00,0.00,0.00,13971892.79,1.31,6.50,50,10.00,40.00,40.00,10.00,17.19,0.00,13922759.55,13927074.78,44818.02,Mexico,2015
Hides and Skins,650846.42,338149.82,0.28,0.11,0.54,-0.06,0.12,0.00,0.00,191,0.00,100.00,0.00,0.00,0.00,0.00,0.00,0.00,338149.82,4.34,4.86,191,83.77,15.71,0.00,0.52,20.00,0.00,0.00,335602.96,2546.86,Mexico,2015
Mach and Elec,83101893.34,112575649.33,35.25,37.63,0.70,0.94,1.05,0.00,0.00,1195,0.00,100.00,0.00,0.00,0.00,0.00,0.00,0.00,112663884.50,1.46,1.48,1195,47.62,51.97,0.33,0.08,12.50,0.00,8672.56,64811082.36,47852802.13,Mexico,2015
Metals,18430225.10,10521372.19,7.82,3.52,1.08,-0.08,-2.16,0.00,0.00,845,0.00,100.00,0.00,0.00,0.00,0.00,0.00,0.00,10521372.19,1.69,1.78,845,41.18,53.85,3.08,1.89,15.00,0.00,183489.31,6059506.79,4461865.40,Mexico,2015
Minerals,2937516.96,431575.00,1.25,0.14,1.01,-8.37,-17.27,0.00,0.00,68,0.00,100.00,0.00,0.00,0.00,0.00,0.00,0.00,431575.00,0.45,0.44,68,7.35,82.35,0.00,10.29,13.85,0.00,0.00,95876.97,335698.03,Mexico,2015
Miscellaneous,20751992.02,33828378.40,8.80,11.31,0.73,3.70,3.26,0.00,0.00,637,0.00,99.06,0.00,0.94,0.00,0.00,0.00,0.00,25092988.07,2.24,1.11,637,45.53,42.23,7.85,4.40,32.00,0.00,103225.98,8165008.31,16927979.76,Mexico,2015
Plastic or Rubber,20029063.41,7068982.16,8.50,2.36,1.35,-0.27,-1.09,0.00,0.00,347,0.00,100.00,0.00,0.00,0.00,0.00,0.00,0.00,7013809.09,3.67,4.01,347,79.54,20.46,0.00,0.00,14.00,0.00,0.00,6655339.73,358469.36,Mexico,2015
Stone and Glass,2174191.99,8080938.54,0.92,2.70,1.07,0.57,0.27,0.00,0.00,364,0.00,100.00,0.00,0.00,0.00,0.00,0.00,0.00,8080938.54,3.47,2.67,364,64.01,34.34,0.00,1.65,38.00,0.00,0.00,7167824.71,913113.82,Mexico,2015
Textiles and Clothing,5895867.72,5408035.95,2.50,1.81,0.89,0.85,-4.64,0.00,0.00,1226,0.00,99.76,0.00,0.24,2.25,0.00,0.00,3.72,5407671.89,9.10,10.23,1226,81.32,12.97,0.49,5.22,32.00,0.00,12196.19,5334798.80,72876.81,Mexico,2015
Transportation,25403280.66,76753240.18,10.78,25.65,1.14,1.91,0.00,0.00,0.00,209,0.00,100.00,0.00,0.00,0.00,0.00,0.00,0.00,76753240.18,2.93,7.51,209,50.24,49.76,0.00,0.00,25.00,0.00,0.00,73891774.66,2861465.52,Mexico,2015
Vegetable,7771249.84,11765322.98,3.30,3.93,1.47,-3.65,-3.95,0.02,0.00,428,0.00,99.30,0.00,0.70,6.60,0.00,0.00,28669.69,11735533.00,4.00,4.06,428,34.35,21.73,1.87,42.06,131.80,0.00,341382.95,11135481.07,628721.62,Mexico,2015
Wood,5859528.86,2027309.36,2.49,0.68,1.42,0.16,-0.43,0.00,0.00,402,0.00,100.00,0.00,0.00,0.00,0.00,0.00,0.00,1679819.38,0.72,0.44,402,19.15,79.85,0.25,0.75,18.00,0.00,115918.47,281143.22,1398676.16,Mexico,2015
All Products,230228819.65,296199943.74,100.00,100.00,1.00,-1.04,-1.99,0.03,0.01,8217,1.47,98.05,0.04,0.44,25.00,0.00,9642.76,1788240.01,286248021.65,3.70,3.94,8217,55.02,34.76,2.20,8.02,350.00,0.00,11049334.46,204489634.21,83546627.46,Mexico,2016
Capital goods,100029336.80,152119725.22,43.45,51.36,0.77,-0.72,-2.14,0.00,0.00,1380,0.00,99.71,0.00,0.29,0.00,0.00,0.00,0.00,151562469.99,1.54,4.38,1380,46.38,52.46,0.51,0.65,25.00,0.00,35876.58,94977864.47,56584605.52,Mexico,2016
Consumer goods,62046911.00,86006268.09,26.95,29.04,1.23,-1.61,-2.68,0.06,0.04,3229,3.53,95.97,0.03,0.46,25.00,0.00,2650.57,1657823.02,83587820.25,5.14,3.55,3229,61.88,23.82,3.56,10.75,131.80,0.00,1801405.06,72905170.57,12340472.70,Mexico,2016
Intermediate goods,44408565.31,25427355.69,19.29,8.58,1.30,-2.26,-2.76,0.01,0.01,2709,0.26,99.45,0.00,0.30,17.50,0.00,0.00,106058.68,24814019.18,3.76,1.65,2709,57.51,37.28,0.96,4.25,350.00,0.00,197169.08,12384892.77,12535185.09,Mexico,2016
Raw materials,14305858.99,24482912.67,6.21,8.27,1.73,-2.27,-2.91,0.00,0.00,530,0.00,99.06,0.00,0.94,6.05,0.00,0.00,10689.42,22460948.56,2.16,3.70,530,26.79,42.45,2.26,28.49,350.00,0.00,8209522.78,21252961.65,1218676.34,Mexico,2016
Animal,4646745.55,2453581.65,2.02,0.83,1.58,-1.78,-2.29,0.33,0.11,376,15.69,79.79,0.80,3.72,25.00,0.00,9642.76,98814.00,2354767.66,3.07,4.35,376,39.10,26.86,3.19,30.85,111.60,0.00,9789.82,1965391.15,488190.51,Mexico,2016
Chemicals,13979945.74,3807367.42,6.07,1.29,1.12,-2.90,-3.40,0.00,0.00,1080,0.00,100.00,0.00,0.00,0.00,0.00,0.00,0.00,3808305.10,2.94,2.26,1080,70.93,28.33,0.00,0.74,6.50,0.00,0.00,2062208.48,1746096.62,Mexico,2016
Food Products,5081984.43,9804702.58,2.21,3.31,1.52,0.11,-1.57,0.33,0.37,621,9.98,88.57,0.00,1.45,20.00,0.00,0.00,1662340.90,8142361.68,9.26,8.09,621,43.96,15.62,7.41,33.01,350.00,0.00,1266257.20,5976111.31,3828591.28,Mexico,2016
Footwear,145371.00,522051.35,0.06,0.18,0.10,-1.01,-4.40,0.00,0.00,193,0.00,100.00,0.00,0.00,0.00,0.00,0.00,0.00,522051.35,8.13,7.84,193,70.47,16.06,3.11,10.36,48.47,0.00,99238.99,487919.75,34131.60,Mexico,2016
Fuels,19589049.87,8932950.22,8.51,3.02,1.88,-2.62,-0.90,0.00,0.00,48,0.00,100.00,0.00,0.00,0.00,0.00,0.00,0.00,8932950.22,1.51,6.70,48,10.42,37.50,41.67,10.42,18.29,0.00,8898675.25,8900190.60,32759.62,Mexico,2016
Hides and Skins,684104.72,317745.55,0.30,0.11,0.54,-0.85,-1.70,0.00,0.00,196,0.00,100.00,0.00,0.00,0.00,0.00,0.00,0.00,317745.55,4.25,4.59,196,83.16,16.33,0.00,0.51,20.00,0.00,0.00,315691.05,2054.51,Mexico,2016
Mach and Elec,82407219.45,112653364.56,35.79,38.03,0.68,-0.60,-3.09,0.00,0.00,1196,0.00,100.00,0.00,0.00,0.00,0.00,0.00,0.00,112757816.07,1.44,1.43,1196,47.83,51.76,0.33,0.08,12.50,0.00,978.70,63413463.79,49344352.28,Mexico,2016
Metals,17559894.29,10225954.02,7.63,3.45,1.10,-2.69,-2.90,0.00,0.00,840,0.00,100.00,0.00,0.00,0.00,0.00,0.00,0.00,10225954.02,1.66,1.85,840,40.12,55.12,2.98,1.79,15.00,0.00,156350.29,6015016.73,4210937.28,Mexico,2016
Minerals,2038301.79,353538.77,0.89,0.12,0.91,1.56,-4.54,0.00,0.00,64,0.00,100.00,0.00,0.00,0.00,0.00,0.00,0.00,353538.77,0.40,0.16,64,6.25,82.81,0.00,10.94,15.44,0.00,0.00,44078.40,309460.36,Mexico,2016
Miscellaneous,17528057.91,34458731.96,7.61,11.63,0.80,0.40,3.95,0.00,0.00,657,0.00,98.93,0.00,1.07,0.00,0.00,0.00,0.00,26595981.07,2.27,1.15,657,46.73,41.25,8.07,3.96,32.00,0.00,94797.78,8775792.77,17820188.31,Mexico,2016
Plastic or Rubber,19407962.34,7064172.53,8.43,2.38,1.37,-1.05,-1.31,0.00,0.00,351,0.00,100.00,0.00,0.00,0.00,0.00,0.00,0.00,6999009.64,3.64,4.03,351,78.92,21.08,0.00,0.00,14.00,0.00,0.00,6668317.68,330691.97,Mexico,2016
Stone and Glass,2121008.38,8300995.18,0.92,2.80,1.04,-3.59,-5.91,0.00,0.00,346,0.00,100.00,0.00,0.00,0.00,0.00,0.00,0.00,8300995.18,3.49,2.60,346,65.32,33.53,0.00,1.16,38.00,0.00,0.00,7507522.02,793473.16,Mexico,2016
Textiles and Clothing,5393294.40,5197086.26,2.34,1.75,0.87,-1.43,-3.32,0.00,0.00,1203,0.00,99.75,0.00,0.25,2.40,0.00,0.00,4.26,5197034.12,9.05,10.49,1203,81.21,13.05,0.50,5.24,32.00,0.00,10751.41,5125834.80,71203.57,Mexico,2016
Transportation,25832422.03,76794990.78,11.22,25.93,1.10,-0.54,-3.35,0.00,0.00,216,0.00,100.00,0.00,0.00,0.00,0.00,0.00,0.00,76794990.78,2.88,8.16,216,50.46,49.54,0.00,0.00,25.00,0.00,0.00,74204372.51,2590618.28,Mexico,2016
Vegetable,8060167.89,13329014.06,3.50,4.50,1.49,1.19,0.86,0.03,0.00,450,0.00,99.33,0.00,0.67,8.09,0.00,0.00,27080.86,13301043.40,3.84,3.95,450,34.22,22.89,1.78,41.11,163.80,0.00,407617.82,12760553.76,567570.50,Mexico,2016
Wood,5753289.86,1983696.84,2.50,0.67,1.44,-1.96,-2.24,0.00,0.00,380,0.00,100.00,0.00,0.00,0.00,0.00,0.00,0.00,1643477.04,0.66,0.42,380,17.89,81.05,0.26,0.79,18.00,0.00,104877.21,267169.41,1376307.63,Mexico,2016
All Products,243507465.36,315733533.68,100.00,100.00,1.00,4.21,4.10,0.07,0.21,8185,2.14,97.28,0.04,0.55,131.00,0.00,10527.00,35021156.68,270275121.21,4.36,5.11,8185,54.20,35.89,1.71,8.20,3000.00,0.00,12314733.53,216920822.02,88375455.88,Mexico,2017
Capital goods,101111908.75,158608848.39,41.52,50.23,0.77,2.53,2.10,0.02,0.00,1389,0.86,98.78,0.00,0.36,4.00,0.00,0.00,2498177.17,156288533.51,1.24,4.17,1389,41.04,57.96,0.29,0.72,25.00,0.00,4315.83,99609041.41,59177669.27,Mexico,2017
Consumer goods,69075450.72,94108504.45,28.37,29.81,1.25,6.69,7.48,0.13,0.68,3279,4.15,95.18,0.03,0.64,131.00,0.00,2964.35,32294310.16,59288137.22,7.50,7.88,3279,62.12,24.55,2.96,10.37,3000.00,0.00,909293.74,77878158.09,13704289.29,Mexico,2017
Intermediate goods,48301629.97,26101805.64,19.84,8.27,1.28,3.72,2.70,0.05,0.01,2647,0.94,98.72,0.00,0.34,17.00,0.00,0.00,141897.10,25106555.48,3.66,1.48,2647,57.39,37.21,0.68,4.72,350.00,0.00,246806.67,12403139.54,12845313.04,Mexico,2017
Raw materials,14431549.52,28186347.95,5.93,8.93,1.64,6.81,3.76,0.01,0.00,518,0.39,98.65,0.00,0.97,6.25,0.00,0.00,72624.14,25919679.12,2.11,3.46,518,26.45,42.28,1.16,30.12,350.00,0.00,10789512.51,24484023.40,1508279.85,Mexico,2017
Animal,4843339.24,2640365.56,1.99,0.84,1.55,4.84,3.87,0.37,0.09,371,15.90,79.25,0.81,4.04,25.00,0.00,10527.00,89746.48,2550206.81,3.36,3.95,371,39.08,25.34,3.23,32.35,122.01,0.00,10746.56,2102941.31,537011.98,Mexico,2017
Chemicals,15975338.92,4152475.42,6.56,1.32,1.12,4.52,4.65,0.04,0.02,1004,0.80,99.20,0.00,0.00,6.00,0.00,0.00,18746.95,3933051.27,2.69,2.06,1004,71.71,27.39,0.00,0.90,6.00,0.00,0.00,2130832.04,1820966.17,Mexico,2017
Food Products,5135514.07,10525477.20,2.11,3.33,1.50,-0.39,-1.17,0.79,0.45,601,12.31,85.19,0.00,2.50,131.00,0.00,0.00,1934206.63,8463558.41,32.15,49.92,601,45.09,17.47,6.82,30.62,3000.00,0.00,1252816.84,6288698.46,4109066.57,Mexico,2017
Footwear,142432.40,556157.16,0.06,0.18,0.09,3.83,-2.96,0.00,0.00,193,0.00,99.48,0.00,0.52,0.00,0.00,0.00,0.00,557203.59,7.92,8.26,193,70.47,16.06,1.55,11.92,48.33,0.00,32999.20,526083.23,31120.36,Mexico,2017
Fuels,26657855.82,11605792.97,10.95,3.68,1.87,19.01,18.63,0.00,0.00,25,0.00,100.00,0.00,0.00,0.00,0.00,0.00,1287143.24,10318720.57,0.26,0.11,25,0.00,80.00,8.00,12.00,19.31,0.00,10265998.86,11554564.73,51299.07,Mexico,2017
Hides and Skins,581167.57,298933.53,0.24,0.09,0.51,-3.48,-6.35,0.00,0.00,199,0.00,100.00,0.00,0.00,0.00,0.00,0.00,0.00,298946.23,4.28,4.63,199,85.93,13.57,0.00,0.50,20.00,0.00,0.00,296398.72,2547.51,Mexico,2017
Mach and Elec,83561609.99,115641119.59,34.32,36.63,0.67,1.84,1.08,0.02,0.00,1210,0.66,99.34,0.00,0.00,4.00,0.00,0.00,2431130.10,113898545.05,1.15,1.19,1210,42.81,57.11,0.00,0.08,12.00,0.00,0.00,64233514.58,52096160.56,Mexico,2017
Metals,19122775.52,11486784.16,7.85,3.64,1.04,5.53,2.55,0.00,0.04,843,0.24,99.76,0.00,0.00,2.00,0.00,0.00,853217.46,10687919.50,1.52,1.56,843,40.81,53.86,2.85,2.49,15.00,0.00,212145.49,6477323.67,5063813.29,Mexico,2017
Minerals,1424053.52,481815.72,0.58,0.15,0.93,9.69,10.93,0.00,0.00,70,0.00,100.00,0.00,0.00,0.00,0.00,0.00,0.00,441923.65,0.39,0.37,70,5.71,84.29,0.00,10.00,18.64,0.00,0.00,114211.05,327712.60,Mexico,2017
Miscellaneous,17715632.98,35184984.02,7.28,11.14,0.75,4.60,1.30,0.00,0.00,670,0.00,98.81,0.00,1.19,0.00,0.00,0.00,0.00,27058705.21,2.29,0.99,670,38.36,48.66,7.76,5.22,144.95,0.00,16060.35,8813112.81,18245592.39,Mexico,2017
Plastic or Rubber,20092266.88,7557515.06,8.25,2.39,1.34,3.08,1.56,0.00,0.00,340,0.00,100.00,0.00,0.00,0.00,0.00,0.00,0.00,7288237.20,3.49,3.59,340,80.88,19.12,0.00,0.00,14.00,0.00,0.00,6914530.08,373707.13,Mexico,2017
Stone and Glass,2153565.62,8197557.38,0.88,2.60,1.01,1.54,-0.08,0.00,0.00,342,0.00,100.00,0.00,0.00,0.00,0.00,0.00,0.00,8024488.58,2.89,2.26,342,63.45,35.38,0.00,1.17,38.00,0.00,0.00,7259540.36,764948.23,Mexico,2017
Textiles and Clothing,5541881.45,5425940.61,2.28,1.72,0.85,0.06,-1.44,0.04,0.00,1280,0.23,99.53,0.00,0.23,8.00,0.00,0.00,113.62,5489193.30,8.89,10.60,1280,82.27,11.88,0.23,5.63,32.00,0.00,141.16,5392948.49,96358.42,Mexico,2017
Transportation,25924693.62,85694897.45,10.65,27.14,1.06,5.27,3.04,0.20,0.68,209,5.26,94.74,0.00,0.00,2.00,0.00,0.00,28304919.34,55554478.61,2.84,7.60,209,51.20,48.80,0.00,0.00,25.00,0.00,0.00,81135563.78,2723834.18,Mexico,2017
Vegetable,8578275.68,14245723.82,3.52,4.51,1.49,3.31,3.26,0.03,0.01,439,0.46,98.86,0.00,0.68,7.07,0.00,0.00,97033.63,14149838.42,3.72,3.72,439,33.49,23.01,0.68,42.82,131.00,0.00,523825.08,13509176.70,737695.34,Mexico,2017
Wood,6057062.08,2037994.02,2.49,0.65,1.42,2.48,1.92,0.07,0.00,389,2.06,97.94,0.00,0.00,8.00,0.00,0.00,4899.24,1560104.82,0.63,0.24,389,18.25,80.98,0.00,0.77,18.00,0.00,0.00,171382.00,1393622.06,Mexico,2017
All Products,265434782.53,349195245.12,100.00,100.00,1.00,5.09,5.32,0.03,0.01,8182,1.52,97.96,0.04,0.49,131.80,0.00,11677.40,3438517.84,333413135.06,4.54,5.13,8182,54.31,35.99,1.54,8.15,3000.00,0.00,16361971.79,237516758.25,99334894.65,Mexico,2018
Capital goods,107441220.07,175794655.50,40.48,50.34,0.74,4.38,2.72,0.00,0.00,1389,0.07,99.57,0.00,0.36,1.40,0.00,0.00,313646.93,174731565.48,1.39,4.07,1389,41.54,57.52,0.22,0.72,25.00,0.00,4198.24,107627942.54,67417269.87,Mexico,2018
Consumer goods,78959283.17,102575555.71,29.75,29.37,1.29,6.16,7.98,0.08,0.05,3259,3.56,95.95,0.03,0.46,131.80,0.00,2298.80,2969001.75,96704443.07,7.70,8.07,3259,62.93,24.52,2.42,10.13,3000.00,0.00,814400.77,84995994.39,14677450.42,Mexico,2018
Intermediate goods,52395826.38,28324354.33,19.74,8.11,1.24,6.37,4.84,0.02,0.01,2646,0.26,99.40,0.00,0.34,17.50,0.00,0.00,128153.85,26976966.78,3.88,1.56,2646,56.99,37.49,0.87,4.65,350.00,0.00,255325.40,12796748.45,14308372.18,Mexico,2018
Raw materials,15323836.47,33357307.79,5.77,9.55,1.63,7.10,7.10,0.01,0.00,542,0.00,98.89,0.00,1.11,6.45,0.00,0.00,11886.19,31024814.52,2.24,3.33,542,26.01,42.80,1.11,30.07,350.00,0.00,14820774.22,29233908.37,1802792.34,Mexico,2018
Animal,4793880.62,2783777.07,1.81,0.80,1.56,-0.52,-0.03,0.39,0.10,375,16.00,79.20,0.80,4.00,25.00,0.00,11677.40,111361.07,2671448.02,3.44,4.01,375,39.20,24.80,3.20,32.80,106.76,0.00,12008.04,2291002.15,491806.94,Mexico,2018
Chemicals,17897186.92,4512198.12,6.74,1.29,1.12,5.25,5.26,0.00,0.00,1027,0.00,100.00,0.00,0.00,0.00,0.00,0.00,0.00,4282543.16,2.93,2.19,1027,71.37,27.75,0.00,0.88,6.50,0.00,0.00,2218405.22,2064137.94,Mexico,2018
Food Products,5237039.50,11367498.99,1.97,3.26,1.48,2.52,1.89,0.53,0.42,606,10.40,87.95,0.00,1.65,131.80,0.00,0.00,1618868.28,9601871.56,32.23,49.96,606,44.88,17.99,6.93,30.20,3000.00,0.00,1256576.07,6767490.71,4453249.12,Mexico,2018
Footwear,156813.74,720841.83,0.06,0.21,0.08,2.95,-1.02,0.00,0.00,195,0.00,99.49,0.00,0.51,0.00,0.00,0.00,0.00,720841.83,7.96,8.43,195,69.74,16.92,1.54,11.79,49.14,0.00,27373.52,685454.58,35387.25,Mexico,2018
Fuels,34507805.13,15828007.61,13.00,4.53,1.92,14.19,15.98,0.00,0.00,24,0.00,100.00,0.00,0.00,0.00,0.00,0.00,1361593.47,14466414.14,0.28,0.13,24,0.00,79.17,8.33,12.50,18.93,0.00,14399674.67,15763375.18,64632.43,Mexico,2018
Hides and Skins,626605.20,366592.80,0.24,0.11,0.51,3.19,3.18,0.00,0.00,200,0.00,100.00,0.00,0.00,0.00,0.00,0.00,0.00,366592.80,4.45,4.85,200,85.50,14.00,0.00,0.50,20.00,0.00,0.00,364669.68,1923.12,Mexico,2018
Mach and Elec,89013770.06,127521809.02,33.54,36.52,0.64,4.77,2.46,0.00,0.00,1211,0.08,99.92,0.00,0.00,1.40,0.00,0.00,313646.93,127075475.36,1.35,1.29,1211,43.27,56.65,0.00,0.08,12.50,0.00,0.00,67923412.07,59465710.23,Mexico,2018
Metals,20641688.42,13125056.68,7.78,3.76,1.00,5.72,3.80,0.00,0.00,843,0.00,100.00,0.00,0.00,0.00,0.00,0.00,0.00,13125056.67,1.68,1.68,843,41.40,54.45,2.61,1.54,15.00,0.00,226591.51,6971387.39,6153669.28,Mexico,2018
Minerals,1558879.23,724542.96,0.59,0.21,1.04,23.10,30.45,0.00,0.00,74,0.00,100.00,0.00,0.00,0.00,0.00,0.00,0.00,630201.79,0.48,0.57,74,8.11,82.43,0.00,9.46,31.88,0.00,0.00,218983.11,411218.67,Mexico,2018
Miscellaneous,18916220.53,37188651.05,7.13,10.65,0.77,3.35,4.93,0.00,0.00,655,0.00,98.78,0.00,1.22,0.00,0.00,0.00,0.00,28332937.57,2.32,1.06,655,40.00,49.47,5.65,4.89,132.52,0.00,18838.98,9089098.85,19243838.73,Mexico,2018
Plastic or Rubber,21579948.66,8500602.36,8.13,2.43,1.32,3.74,3.31,0.00,0.00,345,0.00,100.00,0.00,0.00,0.00,0.00,0.00,0.00,7969358.77,3.72,3.87,345,79.71,20.29,0.00,0.00,14.00,0.00,0.00,7565648.00,403710.77,Mexico,2018
Stone and Glass,2417234.91,8316480.55,0.91,2.38,0.97,4.10,2.24,0.00,0.00,334,0.00,100.00,0.00,0.00,0.00,0.00,0.00,0.00,8180837.15,3.13,2.44,334,63.77,35.03,0.00,1.20,38.00,0.00,0.00,7281546.63,899290.51,Mexico,2018
Textiles and Clothing,5776989.03,5426102.06,2.18,1.55,0.78,3.51,-0.04,0.00,0.00,1264,0.00,99.76,0.00,0.24,2.34,0.00,0.00,6.10,5418507.01,9.13,10.37,1264,81.96,12.03,0.32,5.70,32.00,0.00,68.26,5332480.33,86032.78,Mexico,2018
Transportation,26991946.52,95694338.52,10.17,27.40,1.06,2.18,2.58,0.00,0.00,211,0.00,100.00,0.00,0.00,0.00,0.00,0.00,0.00,93983834.44,3.05,7.42,211,51.66,48.34,0.00,0.00,25.00,0.00,0.00,90818997.69,3164836.75,Mexico,2018
Vegetable,9006683.55,14875769.37,3.39,4.26,1.49,3.77,4.17,0.02,0.00,443,0.00,99.32,0.00,0.68,6.48,0.00,0.00,33041.99,14846956.70,3.81,3.58,443,32.73,22.80,0.90,43.57,131.80,0.00,420840.74,14024554.41,855444.28,Mexico,2018
Wood,6312090.51,2242976.13,2.38,0.64,1.37,3.94,2.08,0.00,0.00,375,0.00,100.00,0.00,0.00,0.00,0.00,0.00,0.00,1740258.08,0.64,0.32,375,17.60,81.60,0.00,0.80,18.00,0.00,0.00,200252.25,1540005.83,Mexico,2018
All Products,256371086.50,361320937.42,100.00,100.00,1.00,-0.98,-2.37,0.04,0.02,8226,1.58,98.01,0.00,0.41,131.80,0.00,0.00,3036546.80,346173744.96,3.73,3.79,8226,54.55,35.69,1.08,8.68,350.00,0.00,1825620.68,248917136.18,100293155.58,Mexico,2019
Capital goods,104233884.51,183532682.08,40.66,50.79,0.75,0.18,-0.61,0.00,0.00,1392,0.00,100.00,0.00,0.00,0.00,0.00,0.00,0.00,182741990.96,1.41,4.39,1392,41.67,57.40,0.57,0.36,25.00,0.00,5485.78,114631834.08,68110156.88,Mexico,2019
Consumer goods,76795946.08,107770453.20,29.95,29.83,1.28,-2.44,-4.19,0.09,0.05,3295,3.73,95.87,0.00,0.39,131.80,0.00,0.00,2877618.80,102015376.24,5.21,3.20,3295,62.85,24.01,1.46,11.68,131.80,0.00,366692.54,89536756.30,15356238.74,Mexico,2019
Intermediate goods,48512760.92,27865390.28,18.92,7.71,1.28,-3.01,-2.88,0.02,0.01,2671,0.26,99.40,0.00,0.34,17.50,0.00,0.00,129683.58,26701600.35,3.83,1.63,2671,57.24,37.63,0.64,4.49,350.00,0.00,206262.40,12861052.45,13970231.47,Mexico,2019
Raw materials,15304401.16,33087185.07,5.97,9.16,1.76,-2.66,-0.26,0.01,0.00,521,0.00,98.85,0.00,1.15,6.29,0.00,0.00,6030.74,30576060.74,2.34,3.03,521,26.10,42.42,1.73,29.75,350.00,0.00,603106.11,28915224.29,1666867.19,Mexico,2019
Animal,5082712.34,3070098.87,1.98,0.85,1.61,4.55,4.55,0.42,0.11,370,16.22,78.92,0.00,4.86,25.00,0.00,0.00,131933.37,2936244.24,3.75,4.13,370,39.46,23.78,0.00,36.76,115.37,0.00,0.00,2518171.39,550006.22,Mexico,2019
Chemicals,16641516.83,4732582.49,6.49,1.31,1.13,-1.54,-2.36,0.00,0.00,1017,0.00,100.00,0.00,0.00,0.00,0.00,0.00,0.00,4511786.59,2.94,2.37,1017,70.99,28.02,0.00,0.98,6.50,0.00,0.00,2454060.28,2057726.31,Mexico,2019
Food Products,5206646.47,12272507.25,2.03,3.40,1.50,-0.24,-0.69,0.55,0.41,641,10.92,87.52,0.00,1.56,131.80,0.00,0.00,1775021.16,10340969.95,8.49,6.62,641,45.71,17.63,1.87,34.79,350.00,0.00,687832.54,7246880.93,4869110.18,Mexico,2019
Footwear,158213.36,741529.09,0.06,0.21,0.09,4.77,6.84,0.00,0.00,189,0.00,100.00,0.00,0.00,0.00,0.00,0.00,0.00,741529.09,8.39,7.25,189,71.96,15.34,2.65,10.05,49.23,0.00,283866.58,710501.82,31027.27,Mexico,2019
Fuels,34109036.48,13394689.84,13.30,3.71,1.94,-5.98,-6.74,0.00,0.00,22,0.00,100.00,0.00,0.00,0.00,0.00,0.00,1089406.55,12305283.30,0.46,2.39,22,0.00,77.27,0.00,22.73,18.53,0.00,0.00,13346841.52,47848.32,Mexico,2019
Hides and Skins,571385.98,277793.26,0.22,0.08,0.50,-6.56,-9.11,0.00,0.00,200,0.00,100.00,0.00,0.00,0.00,0.00,0.00,0.00,277793.26,4.62,5.92,200,85.00,14.50,0.00,0.50,20.00,0.00,0.00,276301.83,1491.42,Mexico,2019
Mach and Elec,85775092.65,130199389.58,33.46,36.03,0.64,-0.12,-1.24,0.00,0.00,1194,0.00,100.00,0.00,0.00,0.00,0.00,0.00,0.00,130035456.13,1.34,1.28,1194,43.47,56.45,0.00,0.08,12.50,0.00,0.00,71009151.05,59026305.08,Mexico,2019
Metals,18944048.38,13015279.76,7.39,3.60,1.02,-2.27,-2.84,0.00,0.00,853,0.00,100.00,0.00,0.00,0.00,0.00,0.00,0.00,13015279.76,1.65,1.73,853,40.68,54.63,2.93,1.76,15.00,0.00,192467.72,7242517.35,5772762.41,Mexico,2019
Minerals,2116135.73,844394.75,0.83,0.23,1.05,4.51,3.50,0.00,0.00,67,0.00,100.00,0.00,0.00,0.00,0.00,0.00,0.00,734521.34,0.48,0.58,67,7.46,82.09,1.49,8.96,33.84,0.00,2189.45,290219.06,444302.28,Mexico,2019
Miscellaneous,18555464.30,37857941.43,7.24,10.48,0.80,1.67,1.83,0.00,0.00,653,0.00,100.00,0.00,0.00,0.00,0.00,0.00,0.00,29000218.03,2.32,1.00,653,40.43,49.31,5.05,5.21,39.09,0.00,58300.32,8901154.38,20099063.65,Mexico,2019
Plastic or Rubber,20005006.97,8435551.59,7.80,2.33,1.33,-1.36,-2.22,0.00,0.00,346,0.00,100.00,0.00,0.00,0.00,0.00,0.00,0.00,8002403.78,3.72,3.87,346,80.06,19.94,0.00,0.00,14.00,0.00,0.00,7669465.95,332937.83,Mexico,2019
Stone and Glass,2173574.06,8390314.58,0.85,2.32,0.98,-1.27,-2.12,0.00,0.00,341,0.00,100.00,0.00,0.00,0.00,0.00,0.00,0.00,8274529.17,3.35,2.40,341,64.22,34.02,0.00,1.76,38.00,0.00,0.00,7291988.87,982540.30,Mexico,2019
Textiles and Clothing,5288099.71,5198944.80,2.06,1.44,0.74,-1.39,-5.74,0.00,0.00,1300,0.00,99.77,0.00,0.23,2.29,0.00,0.00,13.11,5191320.67,9.03,9.96,1300,81.69,12.38,0.38,5.54,32.00,0.00,47.41,5104471.98,86861.80,Mexico,2019
Transportation,26831827.08,104234615.16,10.47,28.85,1.07,-0.89,-1.97,0.00,0.00,215,0.00,100.00,0.00,0.00,0.00,0.00,0.00,0.00,102620715.16,3.13,7.76,215,51.63,48.37,0.00,0.00,25.00,0.00,0.00,98938966.41,3681748.75,Mexico,2019
Vegetable,8943815.61,16500310.40,3.49,4.57,1.55,-0.68,-0.30,0.02,0.00,429,0.00,99.30,0.00,0.70,7.58,0.00,0.00,40172.61,16467233.74,3.92,3.68,429,33.57,21.91,1.86,42.66,131.80,0.00,600916.66,15667852.48,839553.87,Mexico,2019
Wood,5968510.54,2154994.56,2.33,0.60,1.38,-2.09,-2.85,0.00,0.00,389,0.00,100.00,0.00,0.00,0.00,0.00,0.00,0.00,1718460.75,0.66,0.43,389,18.51,80.72,0.00,0.77,18.00,0.00,0.00,248590.87,1469869.88,Mexico,2019
All Products,212671750.90,328861803.53,100.00,100.00,1.00,-8.28,-9.67,0.00,0.00,8206,0.09,99.85,0.00,0.06,17.00,0.00,0.00,1405629.28,316702038.79,3.68,3.73,8206,53.08,36.96,1.46,8.49,350.00,0.00,2255393.43,215689297.00,102418371.07,Mexico,2020
Capital goods,86436885.94,165611317.95,40.64,50.36,0.73,-7.32,-9.66,0.00,0.00,1380,0.00,100.00,0.00,0.00,0.00,0.00,0.00,0.00,164875308.56,1.39,4.20,1380,36.23,62.90,0.58,0.29,25.00,0.00,2610.59,92879843.58,71995464.98,Mexico,2020
Consumer goods,61423076.63,98243359.90,28.88,29.87,1.26,-11.77,-13.87,0.00,0.00,3308,0.21,99.79,0.00,0.00,17.00,0.00,0.00,1371817.13,95014371.05,5.20,3.22,3308,62.58,24.27,2.09,11.06,131.80,0.00,747216.95,80922639.01,15463549.17,Mexico,2020
Intermediate goods,41835166.96,25864883.35,19.67,7.87,1.32,-7.11,-6.97,0.00,0.00,2622,0.00,100.00,0.00,0.00,0.00,0.00,0.00,0.00,24764404.06,3.74,1.71,2622,56.22,38.22,1.07,4.50,350.00,0.00,251418.13,12650061.31,12114342.75,Mexico,2020
Raw materials,14095836.65,30591244.26,6.63,9.30,1.79,-1.06,-1.63,0.00,0.00,544,0.00,100.00,0.00,0.00,0.00,0.00,0.00,0.00,27782131.00,2.33,3.29,544,25.74,43.75,1.47,29.04,350.00,0.00,617922.79,26182256.92,1599874.08,Mexico,2020
Animal,4534555.04,3265975.74,2.13,0.99,1.80,-7.82,-3.79,0.03,0.01,380,0.79,98.42,0.00,0.79,17.00,0.00,0.00,44549.63,3218368.03,3.73,4.30,380,38.95,23.42,0.00,37.63,108.00,0.00,0.00,2757309.27,505608.39,Mexico,2020
Chemicals,15147507.68,4969604.26,7.12,1.51,1.14,-1.83,-3.11,0.00,0.00,991,0.00,100.00,0.00,0.00,0.00,0.00,0.00,0.00,4688188.62,2.84,2.34,991,69.73,29.26,0.10,0.91,6.50,0.00,1551.26,2613856.81,2074331.81,Mexico,2020
Food Products,5090065.36,13847199.30,2.39,4.21,1.59,-3.19,-2.10,0.02,0.00,658,0.61,99.24,0.00,0.15,10.00,0.00,0.00,82150.28,13588917.48,8.42,6.79,658,46.05,17.78,3.50,32.67,350.00,0.00,1205005.71,8548975.08,5122092.69,Mexico,2020
Footwear,125310.65,601638.97,0.06,0.18,0.09,-16.72,-17.72,0.00,0.00,196,0.00,100.00,0.00,0.00,0.00,0.00,0.00,0.00,601638.97,7.79,7.33,196,69.39,17.35,3.06,10.20,50.26,0.00,243020.28,569998.60,31640.38,Mexico,2020
Fuels,24251341.56,10243858.73,11.40,3.11,2.06,-21.71,-20.48,0.00,0.00,24,0.00,100.00,0.00,0.00,0.00,0.00,0.00,1276214.79,8967643.94,0.44,2.75,24,0.00,79.17,0.00,20.83,19.69,0.00,0.00,10223177.79,20680.94,Mexico,2020
Hides and Skins,420909.83,256864.80,0.20,0.08,0.45,-16.37,-21.88,0.00,0.00,199,0.00,100.00,0.00,0.00,0.00,0.00,0.00,0.00,256864.80,4.59,6.03,199,84.92,14.57,0.00,0.50,20.00,0.00,0.00,256131.85,732.95,Mexico,2020
Mach and Elec,72214307.03,121996365.09,33.96,37.10,0.63,-6.98,-9.37,0.00,0.00,1184,0.00,100.00,0.00,0.00,0.00,0.00,0.00,0.00,121898882.52,1.28,1.22,1184,38.09,61.82,0.00,0.08,12.50,0.00,0.00,59880673.02,62018209.50,Mexico,2020
Metals,15693301.30,12268529.74,7.38,3.73,1.07,-8.52,-7.76,0.00,0.00,854,0.00,100.00,0.00,0.00,0.00,0.00,0.00,0.00,12268529.74,1.64,1.73,854,41.22,54.22,2.69,1.87,15.00,0.00,135791.44,6967963.03,5300566.72,Mexico,2020
Minerals,1699968.10,853924.24,0.80,0.26,1.42,2.48,17.33,0.00,0.00,79,0.00,100.00,0.00,0.00,0.00,0.00,0.00,0.00,587422.70,0.18,0.06,79,6.33,84.81,7.59,1.27,3.00,0.00,90565.84,134581.19,452841.52,Mexico,2020
Miscellaneous,16121101.57,34777959.80,7.58,10.58,0.78,-5.63,-8.24,0.00,0.00,640,0.00,100.00,0.00,0.00,0.00,0.00,0.00,0.00,26332816.75,2.15,0.91,640,36.72,52.50,7.50,3.28,53.77,0.00,42461.85,5914157.42,20418659.33,Mexico,2020
Plastic or Rubber,17504208.71,8145150.01,8.23,2.48,1.37,-6.49,-6.55,0.00,0.00,350,0.00,100.00,0.00,0.00,0.00,0.00,0.00,0.00,7747288.08,3.70,3.90,350,78.86,21.14,0.00,0.00,14.00,0.00,0.00,7475291.76,271996.32,Mexico,2020
Stone and Glass,1708029.86,8616353.68,0.80,2.62,1.00,-11.09,-11.45,0.00,0.00,343,0.00,100.00,0.00,0.00,0.00,0.00,0.00,0.00,8658916.46,3.38,2.30,343,65.89,32.65,0.00,1.46,38.00,0.00,0.00,7512281.78,1146634.67,Mexico,2020
Textiles and Clothing,4538004.17,4474671.39,2.13,1.36,0.72,-9.72,-11.90,0.00,0.00,1270,0.00,100.00,0.00,0.00,0.00,0.00,0.00,0.00,4469782.21,9.22,9.31,1270,81.57,12.05,0.79,5.59,32.00,0.00,9626.39,4379045.44,90736.77,Mexico,2020
Transportation,19574290.32,84866318.05,9.20,25.81,1.12,-13.53,-12.89,0.00,0.00,211,0.00,100.00,0.00,0.00,0.00,0.00,0.00,0.00,84096350.38,3.54,8.11,211,54.03,45.97,0.00,0.00,25.00,0.00,0.00,81656096.81,2440253.57,Mexico,2020
Vegetable,8723772.12,17343959.67,4.10,5.27,1.57,0.60,-0.38,0.01,0.00,436,0.00,99.77,0.00,0.23,4.61,0.00,0.00,2714.58,17346307.01,3.64,3.76,436,33.72,22.94,0.69,42.66,131.80,0.00,527370.67,16461867.31,887154.27,Mexico,2020
Wood,5325077.62,2333430.06,2.50,0.71,1.45,-6.95,-6.12,0.00,0.00,391,0.00,100.00,0.00,0.00,0.00,0.00,0.00,0.00,1974121.09,0.61,0.54,391,17.14,82.10,0.00,0.77,18.00,0.00,0.00,337889.85,1636231.24,Mexico,2020
All Products,276458852.05,388357522.06,100.00,100.00,1.00,14.91,14.71,0.00,0.00,8456,0.00,100.00,0.00,0.00,0.00,0.00,0.00,2934497.56,371974773.67,3.68,3.74,8456,53.20,36.83,1.21,8.76,350.00,0.00,1937003.28,253385327.10,121523944.12,Mexico,2021
Capital goods,97523316.29,192140809.93,35.28,49.48,0.70,8.61,5.95,0.00,0.00,1377,0.00,100.00,0.00,0.00,0.00,0.00,0.00,0.00,191027328.81,1.34,4.38,1377,35.88,63.25,0.58,0.29,25.00,0.00,1452.39,109701752.86,81325575.94,Mexico,2021
Consumer goods,87480687.04,116103808.63,31.64,29.90,1.36,14.79,18.95,0.00,0.00,3354,0.00,100.00,0.00,0.00,0.00,0.00,0.00,2934497.56,109688115.70,5.23,3.10,3354,62.55,24.18,1.76,11.51,131.80,0.00,449637.39,93067803.28,19554809.97,Mexico,2021
Intermediate goods,58208408.69,32434956.12,21.06,8.35,1.34,12.90,13.43,0.00,0.00,2811,0.00,100.00,0.00,0.00,0.00,0.00,0.00,0.00,31148528.12,3.78,1.66,2811,56.35,37.82,0.85,4.98,350.00,0.00,198087.97,14673378.68,16475149.44,Mexico,2021
Raw materials,20868638.01,38250478.47,7.55,9.85,1.89,4.86,7.45,0.00,0.00,549,0.00,100.00,0.00,0.00,0.00,0.00,0.00,0.00,35352326.46,2.20,3.14,549,26.05,43.72,0.73,29.51,350.00,0.00,579499.16,32854441.85,2497884.61,Mexico,2021
Animal,6016286.88,3670060.66,2.18,0.94,1.77,14.96,13.82,0.00,0.00,385,0.00,100.00,0.00,0.00,0.00,0.00,0.00,0.00,3664592.50,3.60,4.59,385,38.70,24.68,0.00,36.62,117.27,0.00,0.00,3058289.07,606303.42,Mexico,2021
Chemicals,21117455.27,5592561.38,7.64,1.44,1.20,12.83,15.83,0.00,0.00,1096,0.00,100.00,0.00,0.00,0.00,0.00,0.00,0.00,5315490.65,2.96,2.25,1096,70.62,28.28,0.09,1.00,6.50,0.00,2872.45,2969131.86,2346358.80,Mexico,2021
Food Products,6310442.21,16583922.89,2.28,4.27,1.58,9.80,9.39,0.00,0.00,650,0.00,100.00,0.00,0.00,0.00,0.00,0.00,0.00,16335868.88,8.78,5.42,650,45.38,17.85,2.15,34.62,350.00,0.00,807256.46,10303182.36,6032686.52,Mexico,2021
Footwear,166684.99,894563.29,0.06,0.23,0.09,19.26,15.43,0.00,0.00,194,0.00,100.00,0.00,0.00,0.00,0.00,0.00,0.00,894563.29,7.95,7.42,194,70.10,16.49,3.09,10.31,49.57,0.00,292007.60,860797.24,33766.05,Mexico,2021
Fuels,41980736.59,16209717.62,15.19,4.17,2.11,30.85,32.04,0.00,0.00,28,0.00,100.00,0.00,0.00,0.00,0.00,0.00,2934497.56,13275220.06,0.35,2.65,28,0.00,82.14,0.00,17.86,19.53,0.00,0.00,16174574.07,35143.54,Mexico,2021
Hides and Skins,550587.93,360025.73,0.20,0.09,0.50,11.79,17.96,0.00,0.00,203,0.00,100.00,0.00,0.00,0.00,0.00,0.00,0.00,360025.73,4.55,6.07,203,84.73,14.78,0.00,0.49,20.00,0.00,0.00,358756.46,1269.28,Mexico,2021
Mach and Elec,82288247.48,141919815.83,29.77,36.54,0.61,9.47,7.72,0.00,0.00,1193,0.00,100.00,0.00,0.00,0.00,0.00,0.00,0.00,141701807.91,1.29,1.26,1193,38.56,61.36,0.00,0.08,12.50,0.00,0.00,71638864.13,70062943.77,Mexico,2021
Metals,22128007.51,18323928.76,8.00,4.72,0.95,25.48,18.14,0.00,0.00,866,0.00,100.00,0.00,0.00,0.00,0.00,0.00,0.00,18323928.76,1.65,1.43,866,41.34,54.50,3.12,1.04,15.00,0.00,189190.52,8736422.27,9587506.49,Mexico,2021
Minerals,2180262.53,1207222.36,0.79,0.31,1.27,10.78,4.74,0.00,0.00,84,0.00,100.00,0.00,0.00,0.00,0.00,0.00,0.00,686422.31,0.40,0.43,84,7.14,84.52,1.19,7.14,35.47,0.00,1424.76,154040.45,532381.86,Mexico,2021
Miscellaneous,18939105.90,40224447.21,6.85,10.36,0.65,20.20,9.76,0.00,0.00,672,0.00,100.00,0.00,0.00,0.00,0.00,0.00,0.00,30930595.82,2.30,0.91,672,35.86,50.89,5.80,7.44,47.84,0.00,49481.05,6809297.08,24121298.74,Mexico,2021
Plastic or Rubber,22728307.54,10771640.01,8.22,2.77,1.33,16.55,14.36,0.00,0.00,345,0.00,100.00,0.00,0.00,0.00,0.00,0.00,0.00,10242958.86,3.65,3.94,345,78.26,21.74,0.00,0.00,14.00,0.00,0.00,9876631.54,366327.32,Mexico,2021
Stone and Glass,2311097.89,9415246.76,0.84,2.42,0.91,17.39,11.47,0.00,0.00,349,0.00,100.00,0.00,0.00,0.00,0.00,0.00,0.00,9691185.97,3.48,2.35,349,66.48,32.09,0.00,1.43,38.00,0.00,0.00,8046109.40,1645076.57,Mexico,2021
Textiles and Clothing,5788320.67,5279005.88,2.09,1.36,0.68,13.45,9.77,0.00,0.00,1308,0.00,100.00,0.00,0.00,0.00,0.00,0.00,0.00,5274779.58,9.23,9.67,1308,81.80,12.00,0.84,5.35,32.00,0.00,16696.03,5155676.01,119103.56,Mexico,2021
Transportation,24155424.95,95844628.10,8.74,24.68,1.07,10.79,8.23,0.00,0.00,210,0.00,100.00,0.00,0.00,0.00,0.00,0.00,0.00,93697349.95,3.18,8.64,210,50.95,49.05,0.00,0.00,25.00,0.00,0.00,90499857.19,3197492.77,Mexico,2021
Vegetable,12854727.64,19380318.62,4.65,4.99,1.62,15.80,17.66,0.00,0.00,452,0.00,100.00,0.00,0.00,0.00,0.00,0.00,0.00,19381745.78,3.43,3.60,452,33.19,23.45,0.66,42.70,131.80,0.00,578074.41,18216800.83,1164944.95,Mexico,2021
Wood,6943156.07,2680416.94,2.51,0.69,1.42,14.37,12.79,0.00,0.00,421,0.00,100.00,0.00,0.00,0.00,0.00,0.00,0.00,2198237.61,0.68,0.73,421,18.76,80.29,0.00,0.95,18.00,0.00,0.00,526897.13,1671340.48,Mexico,2021
All Products,324377768.94,459177656.36,100.00,100.00,1.00,9.34,9.51,0.01,0.01,8442,0.05,99.95,0.00,0.00,131.80,0.00,0.00,5505528.80,409646613.79,3.69,3.39,8442,54.13,37.09,0.01,8.77,352.35,0.00,4295.83,279488405.47,135663737.12,Mexico,2022
Capital goods,112821095.04,226926844.55,34.78,49.42,0.74,4.40,7.35,0.00,0.00,1413,0.00,100.00,0.00,0.00,0.00,0.00,0.00,0.00,209406991.11,1.37,3.89,1413,37.65,62.07,0.00,0.28,25.00,0.00,0.00,113982996.35,95423994.76,Mexico,2022
Consumer goods,108458085.60,136801412.67,33.44,29.79,1.38,12.36,13.39,0.04,0.02,3278,0.12,99.88,0.00,0.00,131.80,0.00,0.00,5505528.80,123080082.36,5.32,2.99,3278,62.97,24.92,0.03,12.08,352.35,0.00,4295.83,105103823.61,23481787.55,Mexico,2022
Intermediate goods,65434042.30,37384821.49,20.17,8.14,1.30,6.19,4.85,0.00,0.00,2823,0.00,100.00,0.00,0.00,0.00,0.00,0.00,0.00,27870994.73,3.74,1.99,2823,57.92,37.51,0.00,4.57,350.00,0.00,0.00,15435869.51,12435125.22,Mexico,2022
Raw materials,23246188.58,47483223.92,7.17,10.34,1.89,5.77,5.87,0.00,0.00,542,0.00,100.00,0.00,0.00,0.00,0.00,0.00,0.00,44343057.98,2.45,2.63,542,27.12,44.46,0.00,28.41,350.00,0.00,0.00,41465806.40,2877251.57,Mexico,2022
Animal,6811263.29,3717712.98,2.10,0.81,1.70,9.74,7.59,0.00,0.00,388,0.00,100.00,0.00,0.00,0.00,0.00,0.00,0.00,3704751.50,3.36,5.08,388,37.37,28.35,0.00,34.28,352.35,0.00,0.00,3058520.84,646230.66,Mexico,2022
Chemicals,24084964.86,6751562.78,7.42,1.47,1.14,9.63,6.96,0.00,0.00,1076,0.00,100.00,0.00,0.00,0.00,0.00,0.00,0.00,5813620.15,2.94,2.08,1076,70.07,28.81,0.09,1.02,8.20,0.00,4295.83,2818152.20,2995467.94,Mexico,2022
Food Products,6912979.33,20298223.82,2.13,4.42,1.52,8.36,6.50,0.28,0.12,679,0.59,99.41,0.00,0.00,131.80,0.00,0.00,53323.17,19935349.92,8.77,3.73,679,46.98,17.97,0.00,35.05,350.00,0.00,0.00,13093053.58,6895619.51,Mexico,2022
Footwear,218745.03,1181145.89,0.07,0.26,0.07,20.24,11.70,0.00,0.00,195,0.00,100.00,0.00,0.00,0.00,0.00,0.00,0.00,1181145.89,8.12,7.39,195,72.82,16.92,0.00,10.26,57.25,0.00,0.00,1147200.76,33945.13,Mexico,2022
Fuels,56012257.15,26664985.52,17.27,5.81,2.07,20.97,20.00,0.00,0.00,20,0.00,100.00,0.00,0.00,0.00,0.00,0.00,5452205.63,21212779.90,0.09,1.61,20,0.00,90.00,0.00,10.00,2.15,0.00,0.00,26615494.69,49490.83,Mexico,2022
Hides and Skins,505163.27,434861.38,0.16,0.09,0.37,10.45,-4.34,0.00,0.00,198,0.00,100.00,0.00,0.00,0.00,0.00,0.00,0.00,434861.38,4.57,6.99,198,85.86,13.64,0.00,0.51,20.00,0.00,0.00,434041.22,820.17,Mexico,2022
Mach and Elec,94849046.31,166049765.78,29.24,36.16,0.60,8.23,7.86,0.00,0.00,1223,0.00,100.00,0.00,0.00,0.00,0.00,0.00,0.00,162049232.90,1.28,1.19,1223,38.68,61.24,0.00,0.08,12.50,0.00,0.00,78942206.83,83107026.07,Mexico,2022
Metals,24899429.50,21773488.48,7.68,4.74,0.92,7.86,6.30,0.00,0.00,865,0.00,100.00,0.00,0.00,0.00,0.00,0.00,0.00,21754180.00,1.73,1.42,865,44.05,54.22,0.00,1.73,23.05,0.00,0.00,9925510.75,11828669.25,Mexico,2022
Minerals,2311235.77,915893.72,0.71,0.20,1.27,8.75,8.65,0.00,0.00,75,0.00,100.00,0.00,0.00,0.00,0.00,0.00,0.00,723958.79,0.36,0.29,75,8.00,85.33,0.00,6.67,29.64,0.00,0.00,137127.22,586831.57,Mexico,2022
Miscellaneous,26847314.30,44989656.85,8.28,9.80,0.71,5.82,10.56,0.00,0.00,671,0.00,100.00,0.00,0.00,0.00,0.00,0.00,0.00,25695836.49,2.51,0.78,671,42.32,48.58,0.00,9.09,82.30,0.00,0.00,5518947.28,20176889.21,Mexico,2022
Plastic or Rubber,25586879.55,13213734.88,7.89,2.88,1.31,5.51,4.95,0.00,0.00,349,0.00,100.00,0.00,0.00,0.00,0.00,0.00,0.00,12102549.21,3.59,3.89,349,77.94,22.06,0.00,0.00,14.00,0.00,0.00,11701995.50,400553.72,Mexico,2022
Stone and Glass,2682233.32,9364003.11,0.83,2.04,0.87,7.56,5.90,0.00,0.00,344,0.00,100.00,0.00,0.00,0.00,0.00,0.00,0.00,8996109.23,3.39,2.46,344,64.83,33.72,0.00,1.45,38.00,0.00,0.00,7543711.97,1452397.26,Mexico,2022
Textiles and Clothing,6424058.89,5680268.04,1.98,1.24,0.60,10.06,3.87,0.00,0.00,1266,0.00,100.00,0.00,0.00,0.00,0.00,0.00,0.00,5475984.68,9.04,9.73,1266,83.33,12.56,0.00,4.11,32.00,0.00,0.00,5331392.26,144592.42,Mexico,2022
Transportation,24459899.41,113901777.81,7.54,24.81,1.02,11.06,8.73,0.00,0.00,217,0.00,100.00,0.00,0.00,0.00,0.00,0.00,0.00,97623099.80,3.19,8.09,217,53.92,46.08,0.00,0.00,25.00,0.00,0.00,93808285.22,3814814.58,Mexico,2022
Vegetable,14308950.99,21043859.89,4.41,4.58,1.53,7.20,4.33,0.00,0.00,463,0.00,100.00,0.00,0.00,0.00,0.00,0.00,0.00,20541671.17,3.45,3.79,463,34.56,23.76,0.00,41.68,131.80,0.00,0.00,19054722.73,1486948.45,Mexico,2022
Wood,7463347.97,3196715.43,2.30,0.70,1.27,11.13,5.17,0.00,0.00,413,0.00,100.00,0.00,0.00,0.00,0.00,0.00,0.00,2401482.79,0.55,0.30,413,16.71,82.57,0.00,0.73,18.00,0.00,0.00,358042.43,2043440.36,Mexico,2022
